referee_name,player_name,team,matches_together,yellow_cards,red_cards,fouls_committed,external_referee_id,external_player_id
Andrew Kitchen,Aaron Wan-Bissaka,West Ham,1,1,0,1,,610
Andrew Kitchen,Adam Armstrong,Wolves,1,0,0,1,,817
Andrew Kitchen,Alejandro Garnacho Ferreyra,Chelsea,1,0,0,0,,453
Andrew Kitchen,Alphonse Areola,West Ham,1,0,0,0,,600
Andrew Kitchen,Amad Diallo,Man Utd,1,0,0,2,,452
Andrew Kitchen,Amadou Onana,Aston Villa,1,0,0,0,,59
Andrew Kitchen,André Trindade da Costa Neto,Wolves,2,1,0,4,,643
Andrew Kitchen,Andrey Nascimento dos Santos,Chelsea,1,0,0,0,,246
Andrew Kitchen,Andy Irving,West Ham,1,0,0,0,,621
Andrew Kitchen,Angel Gomes,Wolves,1,0,0,1,,816
Andrew Kitchen,Armando Broja,Burnley,1,0,0,0,,680
Andrew Kitchen,Ashley Barnes,Burnley,1,1,0,0,,218
Andrew Kitchen,Axel Tuanzebe,Burnley,2,0,0,2,,198
Andrew Kitchen,Ayden Heaven,Man Utd,1,1,0,2,,447
Andrew Kitchen,Bashir Humphreys,Burnley,1,0,0,0,,193
Andrew Kitchen,Boubacar Kamara,Aston Villa,1,0,0,1,,58
Andrew Kitchen,Bruno Borges Fernandes,Man Utd,1,0,0,1,,449
Andrew Kitchen,Bryan Mbeumo,Man Utd,1,0,0,1,,119
Andrew Kitchen,Callum Wilson,West Ham,1,0,0,0,,671
Andrew Kitchen,Carlos Henrique Casimiro,Man Utd,1,0,0,2,,457
Andrew Kitchen,Connor Roberts,Burnley,1,0,0,0,,186
Andrew Kitchen,Daniel Bentley,Wolves,1,0,0,0,,629
Andrew Kitchen,David Møller Wolfe,Wolves,1,0,0,0,,682
Andrew Kitchen,Diogo Dalot Teixeira,Man Utd,1,0,0,0,,440
Andrew Kitchen,Donyell Malen,Aston Villa,1,0,0,0,,53
Andrew Kitchen,El Hadji Malick Diouf,West Ham,1,1,0,1,,603
Andrew Kitchen,Emiliano Buendía Stati,Aston Villa,1,1,0,2,,50
Andrew Kitchen,Emiliano Martínez Romero,Aston Villa,1,1,0,0,,32
Andrew Kitchen,Enzo Fernández,Chelsea,1,0,0,1,,237
Andrew Kitchen,Estêvão Almeida de Oliveira Gonçalves,Chelsea,1,0,0,0,,238
Andrew Kitchen,Ezri Konsa Ngoyo,Aston Villa,1,0,0,0,,38
Andrew Kitchen,Florentino Ibrain Morris Luís,Burnley,2,0,0,3,,722
Andrew Kitchen,Freddie Potts,West Ham,1,0,0,0,,623
Andrew Kitchen,Hannibal Mejbri,Burnley,1,1,0,1,,207
Andrew Kitchen,Hjalmar Ekdal,Burnley,1,0,0,0,,190
Andrew Kitchen,Hugo Bueno López,Wolves,2,0,0,0,,633
Andrew Kitchen,Hwang Hee-chan,Wolves,2,1,0,2,,642
Andrew Kitchen,Ian Maatsen,Aston Villa,1,0,0,0,,39
Andrew Kitchen,Jackson Tchatchoua,Wolves,2,0,0,0,,695
Andrew Kitchen,Jacob Bruun Larsen,Burnley,2,0,0,0,,202
Andrew Kitchen,Jaidon Anthony,Burnley,2,0,0,3,,200
Andrew Kitchen,James Ward-Prowse,Burnley,1,0,0,0,,614
Andrew Kitchen,Jamie Bynoe-Gittens,Chelsea,1,0,0,0,,239
Andrew Kitchen,Jarrod Bowen,West Ham,1,0,0,0,,624
Andrew Kitchen,Jean-Clair Todibo,West Ham,1,0,0,0,,609
Andrew Kitchen,Jean-Ricner Bellegarde,Wolves,1,0,0,1,,644
Andrew Kitchen,Jerome Abbey,Wolves,1,0,0,0,,809
Andrew Kitchen,João Pedro Junqueira de Jesus,Chelsea,1,0,0,2,,249
Andrew Kitchen,João Victor Gomes da Silva,Wolves,1,0,0,4,,646
Andrew Kitchen,Joe Worrall,Burnley,1,0,0,0,,199
Andrew Kitchen,John McGinn,Aston Villa,1,0,0,0,,54
Andrew Kitchen,José Malheiro de Sá,Wolves,1,0,0,0,,628
Andrew Kitchen,Josh Cullen,Burnley,1,0,0,1,,205
Andrew Kitchen,Josh Laurent,Burnley,2,0,0,1,,209
Andrew Kitchen,Joshua Zirkzee,Man Utd,1,0,0,1,,466
Andrew Kitchen,Konstantinos Mavropanos,West Ham,1,0,0,0,,606
Andrew Kitchen,Kyle Walker,Burnley,2,0,0,3,,187
Andrew Kitchen,Ladislav Krejcí,Wolves,2,0,0,3,,709
Andrew Kitchen,Lamare Bogarde,Aston Villa,1,0,0,1,,44
Andrew Kitchen,Leny Yoro,Man Utd,1,0,0,0,,444
Andrew Kitchen,Lesley Ugochukwu,Burnley,2,0,0,1,,676
Andrew Kitchen,Liam Delap,Chelsea,1,0,0,0,,250
Andrew Kitchen,Lisandro Martínez,Man Utd,1,0,0,0,,437
Andrew Kitchen,Loum Tchaouna,Burnley,2,0,0,2,,210
Andrew Kitchen,Lucas Digne,Aston Villa,1,1,0,1,,37
Andrew Kitchen,Lucas Pires Silva,Burnley,1,0,0,0,,195
Andrew Kitchen,Luke Shaw,Man Utd,1,1,0,3,,443
Andrew Kitchen,Lyle Foster,Burnley,1,1,0,3,,217
Andrew Kitchen,Malo Gusto,Chelsea,1,0,0,1,,228
Andrew Kitchen,Manuel Ugarte Ribeiro,Man Utd,1,0,0,0,,459
Andrew Kitchen,Marc Cucurella Saseta,Chelsea,1,0,0,0,,224
Andrew Kitchen,Marc Guiu Paz,Chelsea,1,0,0,0,,252
Andrew Kitchen,Marcus Edwards,Burnley,1,0,0,0,,206
Andrew Kitchen,Marshall Munetsi,Wolves,1,1,0,1,,648
Andrew Kitchen,Martin Dúbravka,Burnley,2,0,0,0,,470
Andrew Kitchen,Mason Mount,Man Utd,1,0,0,0,,455
Andrew Kitchen,Mateus Gonçalo Espanha Fernandes,West Ham,1,0,0,1,,708
Andrew Kitchen,Mateus Mané,Wolves,2,0,0,1,,749
Andrew Kitchen,Matheus Santos Carneiro da Cunha,Man Utd,1,0,0,1,,450
Andrew Kitchen,Matty Cash,Aston Villa,1,0,0,1,,36
Andrew Kitchen,Max Weiß,Burnley,1,0,0,0,,183
Andrew Kitchen,Maxime Estève,Burnley,1,0,0,1,,191
Andrew Kitchen,Maximilian Kilman,West Ham,1,0,0,0,,605
Andrew Kitchen,Mohamadou Kanté,West Ham,1,0,0,0,,758
Andrew Kitchen,Moisés Caicedo Corozo,Chelsea,1,1,0,4,,241
Andrew Kitchen,Morgan Rogers,Aston Villa,1,0,0,2,,47
Andrew Kitchen,Noussair Mazraoui,Man Utd,1,0,0,0,,438
Andrew Kitchen,Ollie Watkins,Aston Villa,1,0,0,1,,64
Andrew Kitchen,Patrick Dorgu,Man Utd,1,0,0,0,,441
Andrew Kitchen,Pau Torres,Aston Villa,1,0,0,0,,41
Andrew Kitchen,Pedro Cardoso de Lima,Wolves,1,0,0,0,,640
Andrew Kitchen,Pedro Lomba Neto,Chelsea,1,0,0,0,,236
Andrew Kitchen,Quilindschy Hartman,Burnley,1,0,0,1,,192
Andrew Kitchen,Reece James,Chelsea,1,0,0,1,,225
Andrew Kitchen,Robert Lynch Sánchez,Chelsea,1,0,0,0,,220
Andrew Kitchen,Rodrigo Martins Gomes,Wolves,1,0,0,1,,635
Andrew Kitchen,Ross Barkley,Aston Villa,1,0,0,0,,55
Andrew Kitchen,Sam Johnstone,Wolves,1,0,0,0,,627
Andrew Kitchen,Santiago Ignacio Bueno,Wolves,2,0,0,4,,636
Andrew Kitchen,Senne Lammens,Man Utd,1,0,0,0,,733
Andrew Kitchen,Soungoutou Magassa,West Ham,1,0,0,4,,718
Andrew Kitchen,Tolu Arokodare,Wolves,1,0,0,0,,720
Andrew Kitchen,Tom Edozie,Wolves,1,0,0,0,,651
Andrew Kitchen,Tomáš Souček,West Ham,1,0,0,2,,613
Andrew Kitchen,Toti Gomes,Wolves,2,0,0,0,,637
Andrew Kitchen,Trevoh Chalobah,Chelsea,1,0,0,1,,226
Andrew Kitchen,Victor Lindelöf,Aston Villa,1,0,0,0,,719
Andrew Kitchen,Wesley Fofana,Chelsea,1,0,0,2,,230
Andrew Kitchen,Yerson Mosquera Valdelamar,Wolves,1,1,0,2,,634
Andrew Kitchen,Zeki Amdouni,Burnley,1,0,0,1,,216
Andrew Kitchen,Zian Flemming,Burnley,2,0,0,2,,215
Andy Madley,Aaron Ramsdale,Newcastle,2,,0,0,,674
Andy Madley,Aaron Wan-Bissaka,West Ham,1,0,0,2,,610
Andy Madley,Abdukodir Khusanov,Man City,1,0,0,1,,406
Andy Madley,Adam Aznou,Everton,1,,0,0,,667
Andy Madley,Adam Smith,Bournemouth,2,,0,1,,73
Andy Madley,Adam Wharton,Crystal Palace,4,0,0,4,,273
Andy Madley,Adrien Truffert,Bournemouth,2,,0,2,,74
Andy Madley,Alejandro Garnacho Ferreyra,Chelsea,2,1,0,2,,453
Andy Madley,Alex Iwobi,Fulham,2,,0,0,,324
Andy Madley,Álex Jiménez Sánchez,Bournemouth,1,,0,3,,713
Andy Madley,Alex Scott,Bournemouth,2,,0,6,,90
Andy Madley,Alex Tóth,Bournemouth,2,,0,0,,801
Andy Madley,Alexander Isak,Liverpool,2,0,0,1,,499
Andy Madley,Alexis Mac Allister,Liverpool,3,0,0,4,,386
Andy Madley,Alisson Becker,Liverpool,2,0,0,0,,366
Andy Madley,Alphonse Areola,West Ham,1,0,0,0,,600
Andy Madley,Amadou Onana,Aston Villa,2,0,0,0,,59
Andy Madley,Amine Adli,Bournemouth,2,,0,4,,697
Andy Madley,Andrés García,Aston Villa,1,0,0,1,,42
Andy Madley,Andrew Robertson,Liverpool,3,0,0,0,,372
Andy Madley,Andrey Nascimento dos Santos,Chelsea,2,2,0,2,,246
Andy Madley,Andy Irving,West Ham,1,0,0,0,,621
Andy Madley,Angus Gunn,Nott'm Forest,1,0,0,0,,675
Andy Madley,Anthony Elanga,Newcastle,3,,0,1,,486
Andy Madley,Anthony Gordon,Newcastle,2,,0,0,,485
Andy Madley,Antoine Semenyo,Man City,2,0,0,0,,82
Andy Madley,Antonee Robinson,Fulham,2,,0,2,,316
Andy Madley,Archie Gray,Spurs,2,0,0,0,,591
Andy Madley,Armando Broja,Burnley,2,0,0,2,,680
Andy Madley,Ármin Pécsi,Liverpool,1,0,0,0,,368
Andy Madley,Arnaud Kalimuendo,Nott'm Forest,1,0,0,0,,696
Andy Madley,Axel Tuanzebe,Burnley,1,0,0,0,,198
Andy Madley,Bafodé Diakité,Bournemouth,2,,0,0,,685
Andy Madley,Bart Verbruggen,Brighton,2,1,0,0,,139
Andy Madley,Bashir Humphreys,Burnley,2,1,0,1,,193
Andy Madley,Benjamin Lecomte,Fulham,1,0,0,0,,664
Andy Madley,Benjamin White,Arsenal,1,,0,0,,11
Andy Madley,Bernardo Mota Veiga de Carvalho e Silva,Man City,3,0,0,2,,416
Andy Madley,Bernd Leno,Fulham,3,,0,0,,314
Andy Madley,Bertrand Traoré,Sunderland,2,0,0,2,,735
Andy Madley,Borna Sosa,Crystal Palace,4,1,0,1,,259
Andy Madley,Boubacar Kamara,Aston Villa,3,,0,1,,58
Andy Madley,Bradley Burrowes,Aston Villa,1,0,0,0,,702
Andy Madley,Brajan Gruda,Brighton,1,0,0,2,,162
Andy Madley,Brandon Austin,Spurs,1,0,0,0,,566
Andy Madley,Brennan Johnson,Crystal Palace,4,1,0,5,,580
Andy Madley,Brian Brobbey,Sunderland,2,0,0,1,,730
Andy Madley,Bruno Guimarães Rodriguez Moura,Newcastle,2,,0,7,,488
Andy Madley,Bukayo Saka,Arsenal,1,,0,2,,16
Andy Madley,Callum Hudson-Odoi,Nott'm Forest,2,0,0,0,,516
Andy Madley,Callum Marshall,West Ham,1,0,0,0,,626
Andy Madley,Callum Olusesi,Spurs,1,0,0,0,,595
Andy Madley,Calvin Bassey,Fulham,3,2,0,2,,318
Andy Madley,Calvin Ramsay,Liverpool,1,0,0,0,,380
Andy Madley,Caoimhín Kelleher,Brentford,3,0,0,0,,101
Andy Madley,Carlos Alcaraz Durán,Everton,1,,0,0,,301
Andy Madley,Carlos Baleba,Brighton,2,0,0,0,,167
Andy Madley,Chadi Riad Dnanou,Crystal Palace,3,0,0,0,,262
Andy Madley,Charalampos Kostoulas,Brighton,2,0,0,0,,181
Andy Madley,Chemsdine Talbi,Sunderland,2,0,0,0,,553
Andy Madley,Chris Richards,Crystal Palace,3,0,0,2,,261
Andy Madley,Chris Rigg,Sunderland,1,0,0,0,,551
Andy Madley,Christantus Uche,Crystal Palace,1,0,0,0,,732
Andy Madley,Cody Gakpo,Liverpool,3,0,0,4,,384
Andy Madley,Cole Palmer,Chelsea,1,,0,0,,235
Andy Madley,Conor Gallagher,Spurs,1,0,0,0,,796
Andy Madley,Cristhian Mosquera,Arsenal,1,,0,3,,662
Andy Madley,Cristian Romero,Spurs,1,0,0,4,,569
Andy Madley,Crysencio Summerville,West Ham,1,1,0,2,,615
Andy Madley,Curtis Jones,Liverpool,3,0,0,7,,388
Andy Madley,Daichi Kamada,Crystal Palace,3,0,0,3,,271
Andy Madley,Dan Burn,Newcastle,2,0,0,0,,476
Andy Madley,Dan Ndoye,Nott'm Forest,2,0,0,2,,669
Andy Madley,Dango Ouattara,Brentford,2,0,0,3,,83
Andy Madley,Daniel Ballard,Sunderland,2,0,0,2,,531
Andy Madley,Daniel Muñoz Mejía,Crystal Palace,3,1,0,6,,256
Andy Madley,Danny Welbeck,Brighton,2,0,0,0,,178
Andy Madley,David Brooks,Bournemouth,2,1,0,0,,86
Andy Madley,David Raya Martín,Arsenal,1,,0,0,,1
Andy Madley,Dean Henderson,Crystal Palace,4,1,0,0,,253
Andy Madley,Declan Rice,Arsenal,1,,0,2,,21
Andy Madley,Diego Gómez Amarilla,Brighton,2,1,0,3,,169
Andy Madley,Dilane Bakwa,Nott'm Forest,1,0,0,2,,734
Andy Madley,Djed Spence,Spurs,1,0,0,1,,573
Andy Madley,Dominic Solanke-Mitchell,Spurs,1,0,0,0,,596
Andy Madley,Dominik Szoboszlai,Liverpool,3,1,0,1,,387
Andy Madley,Donyell Malen,Aston Villa,3,,0,0,,53
Andy Madley,Đorđe Petrović,Bournemouth,2,,0,0,,67
Andy Madley,Douglas Luiz Soares de Paulo,Aston Villa,1,0,0,0,,699
Andy Madley,Dwight McNeil,Everton,1,,0,0,,300
Andy Madley,Eberechi Eze,Arsenal,1,,0,2,,266
Andy Madley,El Hadji Malick Diouf,West Ham,1,0,0,0,,603
Andy Madley,Elliot Anderson,Nott'm Forest,2,1,0,4,,517
Andy Madley,Emile Smith Rowe,Fulham,3,,0,1,,325
Andy Madley,Emiliano Buendía Stati,Aston Villa,4,,0,3,,50
Andy Madley,Emiliano Martínez Romero,Aston Villa,2,,0,0,,32
Andy Madley,Endo Wataru,Liverpool,1,0,0,0,,392
Andy Madley,Enes Ünal,Bournemouth,2,,0,3,,98
Andy Madley,Enzo Fernández,Chelsea,2,,0,3,,237
Andy Madley,Enzo Le Fée,Sunderland,2,1,0,3,,547
Andy Madley,Erling Haaland,Man City,2,0,0,2,,430
Andy Madley,Estêvão Almeida de Oliveira Gonçalves,Chelsea,1,0,0,2,,238
Andy Madley,Evann Guessand,Crystal Palace,1,0,0,1,,677
Andy Madley,Ezri Konsa Ngoyo,Aston Villa,3,,0,0,,38
Andy Madley,Fabian Schär,Newcastle,1,1,0,2,,474
Andy Madley,Federico Chiesa,Liverpool,3,1,0,1,,385
Andy Madley,Felipe Rodrigues da Silva,Nott'm Forest,1,0,0,0,,511
Andy Madley,Ferdi Kadıoğlu,Brighton,2,0,0,0,,148
Andy Madley,Florentino Ibrain Morris Luís,Burnley,2,0,0,2,,722
Andy Madley,Florian Wirtz,Liverpool,2,0,0,1,,382
Andy Madley,Francisco Evanilson de Lima Barbosa,Bournemouth,2,,0,0,,97
Andy Madley,Freddie Woodman,Liverpool,1,0,0,0,,369
Andy Madley,Gabriel dos Santos Magalhães,Arsenal,1,,0,0,,5
Andy Madley,Gabriel Fernando de Jesus,Arsenal,1,,0,0,,31
Andy Madley,Gabriel Martinelli Silva,Arsenal,1,,0,1,,19
Andy Madley,George Hemmings,Aston Villa,1,0,0,0,,754
Andy Madley,Georginio Rutter,Brighton,1,0,0,0,,158
Andy Madley,Gianluigi Donnarumma,Man City,2,0,0,0,,736
Andy Madley,Giorgi Mamardashvili,Liverpool,1,0,0,0,,367
Andy Madley,Granit Xhaka,Sunderland,2,0,0,1,,668
Andy Madley,Guglielmo Vicario,Spurs,2,1,0,0,,565
Andy Madley,Guido Rodríguez,West Ham,1,0,0,0,,618
Andy Madley,Hannibal Mejbri,Burnley,1,0,0,0,,207
Andy Madley,Harrison Armstrong,Everton,2,,0,1,,305
Andy Madley,Harrison Reed,Fulham,1,0,0,0,,336
Andy Madley,Harry Wilson,Fulham,3,1,0,0,,329
Andy Madley,Harvey Barnes,Newcastle,3,,0,2,,487
Andy Madley,Harvey Elliott,Aston Villa,1,,0,0,,389
Andy Madley,Hjalmar Ekdal,Burnley,2,0,0,0,,190
Andy Madley,Hugo Ekitiké,Liverpool,2,0,0,1,,661
Andy Madley,Ian Maatsen,Aston Villa,3,0,0,1,,39
Andy Madley,Ibrahim Sangaré,Nott'm Forest,2,0,0,2,,521
Andy Madley,Ibrahima Konaté,Liverpool,3,0,0,3,,374
Andy Madley,Idrissa Gana Gueye,Everton,3,,0,2,,302
Andy Madley,Igor Jesus Maciel da Cruz,Nott'm Forest,2,0,0,4,,526
Andy Madley,Igor Thiago Nascimento Rodrigues,Brentford,3,1,0,4,,136
Andy Madley,Iliman Ndiaye,Everton,3,,0,4,,299
Andy Madley,Ismaïla Sarr,Crystal Palace,3,0,0,2,,267
Andy Madley,Issa Diop,Fulham,1,0,0,1,,320
Andy Madley,Jack Grealish,Everton,1,0,0,0,,419
Andy Madley,Jack Hinshelwood,Brighton,2,0,0,3,,163
Andy Madley,Jacob Murphy,Newcastle,3,,0,2,,489
Andy Madley,Jacob Ramsey,Newcastle,3,,0,1,,52
Andy Madley,Jadon Sancho,Aston Villa,1,0,0,0,,456
Andy Madley,Jaidon Anthony,Burnley,2,0,0,1,,200
Andy Madley,Jair Paula da Cunha Filho,Nott'm Forest,2,0,0,0,,510
Andy Madley,Jake O'Brien,Everton,3,,1,2,,293
Andy Madley,James Garner,Everton,3,,0,1,,303
Andy Madley,James Hill,Bournemouth,2,,0,2,,77
Andy Madley,James McAtee,Nott'm Forest,2,0,0,0,,426
Andy Madley,James Milner,Brighton,1,0,0,1,,170
Andy Madley,James Tarkowski,Everton,2,,0,3,,291
Andy Madley,James Trafford,Man City,2,0,0,0,,182
Andy Madley,James Ward-Prowse,Burnley,1,0,0,1,,614
Andy Madley,Jamie Bynoe-Gittens,Chelsea,1,0,0,0,,239
Andy Madley,Jan Paul van Hecke,Brighton,2,0,0,3,,151
Andy Madley,Jarrad Branthwaite,Everton,1,,0,0,,290
Andy Madley,Jarrod Bowen,West Ham,1,0,0,0,,624
Andy Madley,Jason Steele,Brighton,1,0,0,0,,138
Andy Madley,Jaydee Canvot,Crystal Palace,4,0,0,2,,723
Andy Madley,Jean-Clair Todibo,West Ham,1,0,0,0,,609
Andy Madley,Jean-Philippe Mateta,Crystal Palace,3,0,0,2,,283
Andy Madley,Jefferson Lerma Solís,Crystal Palace,3,0,0,1,,272
Andy Madley,Jeremie Frimpong,Liverpool,2,0,0,0,,370
Andy Madley,Jérémy Doku,Man City,3,0,0,2,,418
Andy Madley,Joachim Andersen,Fulham,3,,1,1,,317
Andy Madley,João Maria Lobo Alves Palhares Costa Palhinha Gonçalves,Spurs,2,1,0,3,,673
Andy Madley,João Pedro Junqueira de Jesus,Chelsea,2,1,0,2,,249
Andy Madley,João Victor de Souza Menezes,Spurs,1,1,0,1,,804
Andy Madley,Joe Gomez,Liverpool,2,0,0,0,,376
Andy Madley,Joe Willock,Newcastle,3,,0,1,,494
Andy Madley,Joe Worrall,Burnley,1,0,0,0,,199
Andy Madley,Joël Veltman,Brighton,2,0,0,0,,152
Andy Madley,Joelinton Cássio Apolinário de Lira,Newcastle,1,1,0,2,,490
Andy Madley,John McGinn,Aston Villa,4,2,0,4,,54
Andy Madley,John Stones,Man City,2,0,0,0,,409
Andy Madley,Jonah Kusi-Asare,Fulham,1,0,0,0,,737
Andy Madley,Jordan Henderson,Brentford,3,2,0,2,,124
Andy Madley,Jordan Pickford,Everton,3,,0,0,,287
Andy Madley,Jørgen Strand Larsen,Crystal Palace,3,1,0,3,,654
Andy Madley,Josh Acheampong,Chelsea,1,0,0,0,,233
Andy Madley,Josh King,Fulham,3,2,0,3,,335
Andy Madley,Josh Laurent,Burnley,2,0,0,2,,209
Andy Madley,Joško Gvardiol,Man City,2,1,0,1,,403
Andy Madley,Junior Kroupi,Bournemouth,2,,0,4,,100
Andy Madley,Jurriën Timber,Arsenal,1,,0,0,,8
Andy Madley,Justin Devenny,Crystal Palace,4,0,0,0,,276
Andy Madley,Justin Kluivert,Bournemouth,1,0,0,0,,81
Andy Madley,Kai Havertz,Arsenal,1,,0,0,,30
Andy Madley,Keane Lewis-Potter,Brentford,3,0,0,2,,107
Andy Madley,Kenny Tete,Fulham,2,0,0,2,,322
Andy Madley,Kepa Arrizabalaga Revuelta,Arsenal,1,,0,0,,2
Andy Madley,Kevin Danso,Spurs,1,0,0,3,,570
Andy Madley,Kevin Santos Lopes de Macedo,Fulham,3,,0,2,,731
Andy Madley,Kevin Schade,Brentford,2,0,0,2,,120
Andy Madley,Kieran Trippier,Newcastle,2,0,0,0,,478
Andy Madley,Kiernan Dewsbury-Hall,Everton,3,,0,3,,242
Andy Madley,Konstantinos Mavropanos,West Ham,1,0,0,0,,606
Andy Madley,Kristoffer Ajer,Brentford,3,0,0,3,,108
Andy Madley,Kyle Walker,Burnley,2,0,0,1,,187
Andy Madley,Kyle Walker-Peters,West Ham,1,0,0,1,,659
Andy Madley,Lamare Bogarde,Aston Villa,4,,0,2,,44
Andy Madley,Leon Bailey,Aston Villa,1,0,0,1,,49
Andy Madley,Lesley Ugochukwu,Burnley,2,0,0,1,,676
Andy Madley,Lewis Cook,Bournemouth,1,,0,1,,88
Andy Madley,Lewis Dunk,Brighton,2,1,0,1,,146
Andy Madley,Lewis Hall,Newcastle,3,2,0,4,,473
Andy Madley,Lewis Miley,Newcastle,2,,0,2,,497
Andy Madley,Loum Tchaouna,Burnley,2,0,0,3,,210
Andy Madley,Luca Netz,Nott'm Forest,1,0,0,0,,814
Andy Madley,Lucas Digne,Aston Villa,4,,0,0,,37
Andy Madley,Lucas Pires Silva,Burnley,2,0,0,2,,195
Andy Madley,Lucas Tolentino Coelho de Lima,West Ham,1,0,0,3,,612
Andy Madley,Luke O'Nien,Sunderland,1,1,0,1,,539
Andy Madley,Lutsharel Geertruida,Sunderland,2,0,0,2,,724
Andy Madley,Lyle Foster,Burnley,2,0,0,1,,217
Andy Madley,Malick Thiaw,Newcastle,3,,0,2,,684
Andy Madley,Malo Gusto,Chelsea,1,1,0,2,,228
Andy Madley,Marc Cucurella Saseta,Chelsea,2,,0,3,,224
Andy Madley,Marc Guéhi,Man City,1,0,0,1,,260
Andy Madley,Marc Guiu Paz,Chelsea,1,0,0,2,,252
Andy Madley,Marco Bizot,Aston Villa,3,1,0,0,,33
Andy Madley,Marcos Senesi Barón,Bournemouth,2,,0,4,,72
Andy Madley,Marcus Bettinelli,Man City,1,0,0,0,,401
Andy Madley,Marcus Edwards,Burnley,2,0,0,0,,206
Andy Madley,Marcus Tavernier,Bournemouth,1,1,0,0,,84
Andy Madley,Mark Travers,Everton,2,,0,0,,288
Andy Madley,Martin Dúbravka,Burnley,2,0,0,0,,470
Andy Madley,Martín Zubimendi Ibáñez,Arsenal,1,,0,0,,26
Andy Madley,Mateo Kovačić,Man City,2,0,0,0,,422
Andy Madley,Mateus Gonçalo Espanha Fernandes,West Ham,1,0,0,0,,708
Andy Madley,Matheus Nunes,Man City,3,0,0,0,,407
Andy Madley,Mathias Jensen,Brentford,3,0,0,1,,126
Andy Madley,Mathys Tel,Spurs,2,0,0,1,,584
Andy Madley,Mats Wieffer,Brighton,2,1,0,4,,173
Andy Madley,Matty Cash,Aston Villa,4,,0,2,,36
Andy Madley,Matz Sels,Nott'm Forest,2,0,0,0,,502
Andy Madley,Max Alleyne,Man City,1,0,0,0,,794
Andy Madley,Max Dowman,Arsenal,1,,0,0,,700
Andy Madley,Max Weiß,Burnley,1,0,0,0,,183
Andy Madley,Maxence Lacroix,Crystal Palace,3,0,0,5,,257
Andy Madley,Maxim De Cuyper,Brighton,2,0,0,0,,145
Andy Madley,Maxime Estève,Burnley,2,0,0,0,,191
Andy Madley,Maximilian Kilman,West Ham,1,0,0,1,,605
Andy Madley,Merlin Röhl,Everton,3,,0,0,,728
Andy Madley,Michael Kayode,Brentford,3,0,0,4,,110
Andy Madley,Michael Keane,Everton,3,,0,4,,295
Andy Madley,Micky van de Ven,Spurs,2,0,1,2,,575
Andy Madley,Mike Trésor Ndayishimiye,Burnley,1,0,0,0,,214
Andy Madley,Mikkel Damsgaard,Brentford,2,0,0,0,,121
Andy Madley,Milos Kerkez,Liverpool,3,1,0,2,,371
Andy Madley,Mitoma Kaoru,Brighton,1,1,0,1,,157
Andy Madley,Mohamed Salah,Liverpool,2,0,0,0,,381
Andy Madley,Mohammed Kudus,Spurs,1,0,0,0,,582
Andy Madley,Moisés Caicedo Corozo,Chelsea,2,1,0,4,,241
Andy Madley,Morgan Gibbs-White,Nott'm Forest,2,0,0,0,,515
Andy Madley,Morgan Rogers,Aston Villa,3,,0,4,,47
Andy Madley,Murillo Costa dos Santos,Nott'm Forest,2,0,0,3,,506
Andy Madley,Myles Lewis-Skelly,Arsenal,1,,0,0,,10
Andy Madley,Nathan Aké,Man City,3,0,0,1,,405
Andy Madley,Nathan Collins,Brentford,2,0,0,0,,106
Andy Madley,Nathan Patterson,Everton,2,,0,0,,296
Andy Madley,Nathaniel Clyne,Crystal Palace,3,1,0,3,,263
Andy Madley,Neco Williams,Nott'm Forest,2,0,0,0,,508
Andy Madley,Nick Pope,Newcastle,2,0,0,0,,469
Andy Madley,Nick Woltemade,Newcastle,3,,0,2,,714
Andy Madley,Nico González Iglesias,Man City,3,0,0,4,,423
Andy Madley,Nico O'Reilly,Man City,2,0,0,5,,411
Andy Madley,Nicolás Domínguez,Nott'm Forest,2,0,0,2,,519
Andy Madley,Nicolò Savona,Nott'm Forest,1,0,0,0,,716
Andy Madley,Nikola Milenković,Nott'm Forest,2,0,0,1,,505
Andy Madley,Noah Sadiki,Sunderland,2,0,0,0,,552
Andy Madley,Noni Madueke,Arsenal,1,,0,0,,18
Andy Madley,Norberto Bercique Gomes Betuncal,Everton,3,,0,4,,311
Andy Madley,Nordi Mukiele,Sunderland,2,0,0,2,,694
Andy Madley,Ola Aina,Nott'm Forest,1,0,0,0,,507
Andy Madley,Olivier Boscagli,Brighton,1,0,0,0,,143
Andy Madley,Ollie Scarles,West Ham,1,0,0,0,,608
Andy Madley,Ollie Watkins,Aston Villa,4,,0,1,,64
Andy Madley,Omar Alderete,Sunderland,1,0,0,2,,683
Andy Madley,Omar Marmoush,Man City,3,0,0,0,,413
Andy Madley,Omari Hutchinson,Nott'm Forest,2,0,0,1,,693
Andy Madley,Oscar Bobb,Fulham,1,0,0,0,,424
Andy Madley,Pape Matar Sarr,Spurs,1,1,0,0,,593
Andy Madley,Pascal Groß,Brighton,1,0,0,1,,783
Andy Madley,Pau Torres,Aston Villa,3,,0,1,,41
Andy Madley,Pedro Lomba Neto,Chelsea,2,,0,2,,236
Andy Madley,Pedro Porro Sauceda,Spurs,2,0,0,4,,568
Andy Madley,Phil Foden,Man City,3,0,0,0,,414
Andy Madley,Piero Hincapié,Arsenal,1,,0,0,,725
Andy Madley,Quilindschy Hartman,Burnley,1,0,0,1,,192
Andy Madley,Randal Kolo Muani,Spurs,2,0,0,4,,726
Andy Madley,Raúl Jiménez Rodríguez,Fulham,2,,0,2,,337
Andy Madley,Rayan Aït-Nouri,Man City,2,0,0,0,,402
Andy Madley,Rayan Cherki,Man City,3,0,0,3,,417
Andy Madley,Rayan Vitor Simplício Rocha,Bournemouth,2,1,0,2,,807
Andy Madley,Reece James,Chelsea,2,,0,2,,225
Andy Madley,Reinildo Mandava,Sunderland,1,0,0,2,,541
Andy Madley,Reiss Nelson,Brentford,1,0,0,0,,27
Andy Madley,Riccardo Calafiori,Arsenal,1,,0,0,,7
Andy Madley,Richarlison de Andrade,Spurs,2,0,0,1,,597
Andy Madley,Rico Henry,Brentford,2,0,0,2,,109
Andy Madley,Rico Lewis,Man City,2,1,0,1,,410
Andy Madley,Rio Ngumoha,Liverpool,3,0,0,0,,686
Andy Madley,Robert Lynch Sánchez,Chelsea,2,1,0,0,,220
Andy Madley,Robin Roefs,Sunderland,2,0,0,0,,670
Andy Madley,Rodrigo 'Rodri' Hernandez Cascante,Man City,1,0,0,0,,421
Andy Madley,Rodrigo Bentancur,Spurs,1,0,0,0,,585
Andy Madley,Rodrigo Muniz Carvalho,Fulham,2,1,0,5,,338
Andy Madley,Romaine Mundle,Sunderland,1,0,0,0,,548
Andy Madley,Romelle Donovan,Brentford,1,0,0,2,,130
Andy Madley,Ross Barkley,Aston Villa,1,0,0,0,,55
Andy Madley,Rúben dos Santos Gato Alves Dias,Man City,2,0,0,2,,408
Andy Madley,Ryan Christie,Bournemouth,2,,1,2,,87
Andy Madley,Ryan Gravenberch,Liverpool,3,1,0,3,,390
Andy Madley,Ryan Sessegnon,Fulham,2,,0,3,,328
Andy Madley,Ryan Yates,Nott'm Forest,2,0,0,0,,522
Andy Madley,Samuel Chukwueze,Fulham,3,,0,1,,727
Andy Madley,Sander Berge,Fulham,3,,0,1,,330
Andy Madley,Sandro Tonali,Newcastle,3,,0,3,,491
Andy Madley,Saša Lukić,Fulham,3,3,0,8,,332
Andy Madley,Sávio Moreira de Oliveira,Man City,3,0,0,2,,415
Andy Madley,Séamus Coleman,Everton,1,,0,0,,294
Andy Madley,Sepp van den Berg,Brentford,2,0,0,2,,113
Andy Madley,Simon Adingra,Sunderland,1,0,0,1,,543
Andy Madley,Solly March,Brighton,1,0,0,0,,159
Andy Madley,Stefanos Tzimas,Brighton,1,0,0,1,,180
Andy Madley,Sven Botman,Newcastle,2,0,0,3,,475
Andy Madley,Taiwo Awoniyi,Nott'm Forest,1,0,0,0,,527
Andy Madley,Thierno Barry,Everton,3,,0,6,,310
Andy Madley,Tijjani Reijnders,Man City,3,0,0,2,,427
Andy Madley,Tim Iroegbunam,Everton,3,,0,1,,304
Andy Madley,Timothy Castagne,Fulham,2,,0,2,,319
Andy Madley,Tino Livramento,Newcastle,1,0,0,0,,477
Andy Madley,Tom Cairney,Fulham,1,0,0,0,,331
Andy Madley,Tomáš Souček,West Ham,1,0,0,1,,613
Andy Madley,Tosin Adarabioyo,Chelsea,1,0,0,0,,232
Andy Madley,Trai Hume,Sunderland,2,0,0,1,,532
Andy Madley,Trevoh Chalobah,Chelsea,2,,0,2,,226
Andy Madley,Trey Nyoni,Liverpool,2,0,0,0,,396
Andy Madley,Tyler Adams,Bournemouth,2,,0,2,,85
Andy Madley,Tyler Dibling,Everton,2,,0,0,,707
Andy Madley,Tyrick Mitchell,Crystal Palace,4,1,0,6,,258
Andy Madley,Tyrique George,Everton,2,,0,2,,243
Andy Madley,Tyrone Mings,Aston Villa,2,,0,0,,40
Andy Madley,Veljko Milosavljevic,Bournemouth,1,,0,0,,721
Andy Madley,Victor Lindelöf,Aston Villa,3,,0,0,,719
Andy Madley,Viktor Gyökeres,Arsenal,1,,0,0,,666
Andy Madley,Virgil van Dijk,Liverpool,3,0,0,1,,373
Andy Madley,Vitalii Mykolenko,Everton,3,,0,4,,292
Andy Madley,Vitaly Janelt,Brentford,3,1,0,6,,125
Andy Madley,Walter Benítez,Crystal Palace,3,0,0,0,,254
Andy Madley,Wesley Fofana,Chelsea,1,,0,1,,230
Andy Madley,Will Hughes,Crystal Palace,4,0,0,0,,270
Andy Madley,William Osula,Newcastle,2,0,0,3,,500
Andy Madley,William Saliba,Arsenal,1,,0,1,,6
Andy Madley,Willy Boly,Nott'm Forest,1,0,0,0,,514
Andy Madley,Wilson Isidor,Sunderland,2,0,0,3,,560
Andy Madley,Wilson Odobert,Spurs,1,0,0,0,,588
Andy Madley,Xavi Simons,Spurs,1,0,0,0,,717
Andy Madley,Yankuba Minteh,Brighton,2,0,0,2,,160
Andy Madley,Yehor Yarmoliuk,Brentford,3,0,0,3,,129
Andy Madley,Yéremy Pino Santos,Crystal Palace,4,0,0,2,,712
Andy Madley,Yoane Wissa,Newcastle,3,1,0,2,,135
Andy Madley,Youri Tielemans,Aston Villa,3,0,0,2,,48
Andy Madley,Yves Bissouma,Spurs,1,1,0,0,,587
Andy Madley,Zian Flemming,Burnley,1,0,0,2,,215
Anthony Taylor,Aaron Hickey,Brentford,1,0,0,1,,116
Anthony Taylor,Aaron Ramsdale,Newcastle,3,0,0,0,,674
Anthony Taylor,Aaron Wan-Bissaka,West Ham,3,0,0,0,,610
Anthony Taylor,Abdukodir Khusanov,Man City,4,,0,3,,406
Anthony Taylor,Adam Armstrong,Wolves,1,0,0,0,,817
Anthony Taylor,Adam Smith,Bournemouth,3,0,0,4,,73
Anthony Taylor,Adam Wharton,Crystal Palace,2,0,0,1,,273
Anthony Taylor,Adama Traoré Diarra,West Ham,1,1,0,0,,326
Anthony Taylor,Adrien Truffert,Bournemouth,4,2,0,5,,74
Anthony Taylor,Alejandro Garnacho Ferreyra,Chelsea,3,,,0,,453
Anthony Taylor,Alex Iwobi,Fulham,2,0,0,0,,324
Anthony Taylor,Álex Jiménez Sánchez,Bournemouth,2,1,0,0,,713
Anthony Taylor,Alex Murphy,Newcastle,2,0,0,0,,481
Anthony Taylor,Alex Scott,Bournemouth,4,0,0,1,,90
Anthony Taylor,Alexander Isak,Liverpool,3,,,0,,499
Anthony Taylor,Alexis Mac Allister,Liverpool,6,,,6,,386
Anthony Taylor,Alisson Becker,Liverpool,4,,0,0,,366
Anthony Taylor,Alphonse Areola,West Ham,3,0,0,0,,600
Anthony Taylor,Altay Bayındır,Man Utd,2,0,0,0,,431
Anthony Taylor,Amad Diallo,Man Utd,4,0,0,2,,452
Anthony Taylor,Amadou Onana,Aston Villa,3,0,0,1,,59
Anthony Taylor,Amine Adli,Bournemouth,2,0,0,0,,697
Anthony Taylor,André Trindade da Costa Neto,Wolves,3,1,0,1,,643
Anthony Taylor,Andrés García,Aston Villa,1,0,0,0,,42
Anthony Taylor,Andrew Robertson,Liverpool,4,,,0,,372
Anthony Taylor,Andrey Nascimento dos Santos,Chelsea,2,0,0,0,,246
Anthony Taylor,Angus Gunn,Nott'm Forest,1,0,0,0,,675
Anthony Taylor,Anthony Elanga,Newcastle,2,0,0,2,,486
Anthony Taylor,Anthony Gordon,Newcastle,3,0,0,1,,485
Anthony Taylor,Antoine Semenyo,Man City,4,,0,5,,82
Anthony Taylor,Anton Stach,Leeds,2,0,0,4,,660
Anthony Taylor,Antonee Robinson,Fulham,2,0,0,0,,316
Anthony Taylor,Antonín Kinský,Spurs,2,0,0,0,,567
Anthony Taylor,Archie Gray,Spurs,2,0,0,0,,591
Anthony Taylor,Armando Broja,Burnley,1,0,0,0,,680
Anthony Taylor,Arnaud Kalimuendo,Nott'm Forest,2,0,0,0,,696
Anthony Taylor,Axel Disasi,West Ham,1,0,0,0,,815
Anthony Taylor,Axel Tuanzebe,Burnley,1,0,0,2,,198
Anthony Taylor,Ayden Heaven,Man Utd,4,0,0,0,,447
Anthony Taylor,Bafodé Diakité,Bournemouth,3,0,0,0,,685
Anthony Taylor,Bart Verbruggen,Brighton,1,0,0,0,,139
Anthony Taylor,Bashir Humphreys,Burnley,1,0,0,0,,193
Anthony Taylor,Ben Gannon-Doak,Bournemouth,1,0,0,1,,391
Anthony Taylor,Ben Winterburn,Bournemouth,1,0,0,0,,96
Anthony Taylor,Benjamin Lecomte,Fulham,1,0,0,0,,664
Anthony Taylor,Benjamin Sesko,Man Utd,4,1,0,2,,681
Anthony Taylor,Benjamin White,Arsenal,2,,0,0,,11
Anthony Taylor,Benoît Badiashile Mukinayi,Chelsea,3,,,0,,229
Anthony Taylor,Bernardo Mota Veiga de Carvalho e Silva,Man City,5,,0,5,,416
Anthony Taylor,Bernd Leno,Fulham,3,0,0,0,,314
Anthony Taylor,Borna Sosa,Crystal Palace,1,0,0,0,,259
Anthony Taylor,Boubacar Kamara,Aston Villa,1,1,0,2,,58
Anthony Taylor,Brandon Austin,Spurs,1,0,0,0,,566
Anthony Taylor,Brenden Aaronson,Leeds,3,1,0,1,,350
Anthony Taylor,Brian Brobbey,Sunderland,1,1,0,3,,730
Anthony Taylor,Bruno Borges Fernandes,Man Utd,4,0,0,5,,449
Anthony Taylor,Bruno Guimarães Rodriguez Moura,Newcastle,2,1,0,1,,488
Anthony Taylor,Bryan Mbeumo,Man Utd,4,0,0,0,,119
Anthony Taylor,Bukayo Saka,Arsenal,3,,0,0,,16
Anthony Taylor,Callum Hudson-Odoi,Nott'm Forest,3,0,0,1,,516
Anthony Taylor,Callum Olusesi,Spurs,1,0,0,0,,595
Anthony Taylor,Callum Wilson,West Ham,3,0,0,0,,671
Anthony Taylor,Calvin Bassey,Fulham,2,0,0,1,,318
Anthony Taylor,Calvin Ramsay,Liverpool,1,0,0,0,,380
Anthony Taylor,Caoimhín Kelleher,Brentford,2,0,0,0,,101
Anthony Taylor,Carlos Baleba,Brighton,1,1,0,1,,167
Anthony Taylor,Carlos Henrique Casimiro,Man Utd,5,1,0,7,,457
Anthony Taylor,Charalampos Kostoulas,Brighton,1,0,0,1,,181
Anthony Taylor,Chemsdine Talbi,Sunderland,2,0,0,1,,553
Anthony Taylor,Chris Richards,Crystal Palace,2,0,0,1,,261
Anthony Taylor,Chris Rigg,Sunderland,1,0,0,0,,551
Anthony Taylor,Chris Wood,Nott'm Forest,2,0,0,1,,525
Anthony Taylor,Christantus Uche,Crystal Palace,1,0,0,0,,732
Anthony Taylor,Christian Nørgaard,Arsenal,3,,0,0,,24
Anthony Taylor,Cody Gakpo,Liverpool,6,,,9,,384
Anthony Taylor,Cole Palmer,Chelsea,3,0,0,1,,235
Anthony Taylor,Conor Bradley,Liverpool,3,,,7,,375
Anthony Taylor,Conor Gallagher,Spurs,2,1,0,4,,796
Anthony Taylor,Cristhian Mosquera,Arsenal,2,2,0,5,,662
Anthony Taylor,Crysencio Summerville,West Ham,3,0,0,5,,615
Anthony Taylor,Curtis Jones,Liverpool,5,,,1,,388
Anthony Taylor,Daichi Kamada,Crystal Palace,1,0,0,1,,271
Anthony Taylor,Dan Burn,Newcastle,2,1,0,1,,476
Anthony Taylor,Dan Ndoye,Nott'm Forest,2,0,0,0,,669
Anthony Taylor,Dango Ouattara,Brentford,1,0,0,1,,83
Anthony Taylor,Daniel Bentley,Wolves,1,0,0,0,,629
Anthony Taylor,Daniel James,Leeds,1,0,0,0,,353
Anthony Taylor,Daniel Muñoz Mejía,Crystal Palace,2,1,0,1,,256
Anthony Taylor,Danny Welbeck,Brighton,1,0,0,2,,178
Anthony Taylor,David Brooks,Bournemouth,4,1,0,1,,86
Anthony Taylor,David Møller Wolfe,Wolves,2,0,0,1,,682
Anthony Taylor,David Raya Martín,Arsenal,4,,0,0,,1
Anthony Taylor,Dean Henderson,Crystal Palace,2,0,0,0,,253
Anthony Taylor,Declan Rice,Arsenal,4,,0,4,,21
Anthony Taylor,Dennis Cirkin,Sunderland,1,0,0,0,,535
Anthony Taylor,Diego Gómez Amarilla,Brighton,1,0,0,1,,169
Anthony Taylor,Dilane Bakwa,Nott'm Forest,2,0,0,2,,734
Anthony Taylor,Diogo Dalot Teixeira,Man Utd,4,1,0,2,,440
Anthony Taylor,Divine Mukasa,Man City,1,0,0,0,,739
Anthony Taylor,Djed Spence,Spurs,2,1,0,2,,573
Anthony Taylor,Dominic Calvert-Lewin,Leeds,3,0,0,7,,691
Anthony Taylor,Dominic Solanke-Mitchell,Spurs,2,0,0,2,,596
Anthony Taylor,Dominik Szoboszlai,Liverpool,6,,,6,,387
Anthony Taylor,Donyell Malen,Aston Villa,1,0,0,1,,53
Anthony Taylor,Đorđe Petrović,Bournemouth,4,0,0,0,,67
Anthony Taylor,Douglas Luiz Soares de Paulo,Aston Villa,3,0,0,2,,699
Anthony Taylor,Dwight McNeil,Everton,1,0,0,1,,300
Anthony Taylor,Eberechi Eze,Arsenal,4,,0,0,,266
Anthony Taylor,Eddie Nketiah,Crystal Palace,1,0,0,0,,284
Anthony Taylor,El Hadji Malick Diouf,West Ham,3,1,0,4,,603
Anthony Taylor,Eliezer Mayenda Dossou,Sunderland,2,0,0,2,,561
Anthony Taylor,Elliot Anderson,Nott'm Forest,4,0,0,6,,517
Anthony Taylor,Emile Smith Rowe,Fulham,3,0,0,0,,325
Anthony Taylor,Emiliano Buendía Stati,Aston Villa,4,2,0,2,,50
Anthony Taylor,Emiliano Martínez Romero,Aston Villa,3,0,0,0,,32
Anthony Taylor,Emmanuel Agbadou,Wolves,2,0,0,1,,631
Anthony Taylor,Endo Wataru,Liverpool,3,,,0,,392
Anthony Taylor,Enes Ünal,Bournemouth,2,0,0,0,,98
Anthony Taylor,Enzo Fernández,Chelsea,4,,,4,,237
Anthony Taylor,Enzo Le Fée,Sunderland,2,0,0,4,,547
Anthony Taylor,Eric da Silva Moreira,Nott'm Forest,1,0,0,0,,523
Anthony Taylor,Erling Haaland,Man City,5,1,0,1,,430
Anthony Taylor,Estêvão Almeida de Oliveira Gonçalves,Chelsea,2,,,1,,238
Anthony Taylor,Ethan Ampadu,Leeds,3,1,0,2,,354
Anthony Taylor,Ethan Nwaneri,Arsenal,1,0,0,0,,25
Anthony Taylor,Ezri Konsa Ngoyo,Aston Villa,4,0,0,2,,38
Anthony Taylor,Fabian Schär,Newcastle,1,0,0,0,,474
Anthony Taylor,Fábio Freitas Gouveia Carvalho,Brentford,1,0,0,0,,123
Anthony Taylor,Facundo Buonanotte,Leeds,1,0,0,0,,168
Anthony Taylor,Federico Chiesa,Liverpool,3,0,0,0,,385
Anthony Taylor,Felipe Rodrigues da Silva,Nott'm Forest,2,1,0,1,,511
Anthony Taylor,Fer López González,Wolves,2,1,0,1,,645
Anthony Taylor,Ferdi Kadıoğlu,Brighton,1,1,0,2,,148
Anthony Taylor,Filip Jörgensen,Chelsea,2,0,0,0,,221
Anthony Taylor,Florentino Ibrain Morris Luís,Burnley,1,0,0,0,,722
Anthony Taylor,Florian Wirtz,Liverpool,5,,,2,,382
Anthony Taylor,Francisco Evanilson de Lima Barbosa,Bournemouth,4,1,0,5,,97
Anthony Taylor,Frank Onyeka,Brentford,1,0,0,0,,128
Anthony Taylor,Freddie Potts,West Ham,2,0,0,1,,623
Anthony Taylor,Freddie Woodman,Liverpool,2,0,0,0,,369
Anthony Taylor,Gabriel dos Santos Magalhães,Arsenal,3,,0,1,,5
Anthony Taylor,Gabriel Fernando de Jesus,Arsenal,2,,0,2,,31
Anthony Taylor,Gabriel Gudmundsson,Leeds,2,1,0,1,,347
Anthony Taylor,Gabriel Martinelli Silva,Arsenal,4,,0,1,,19
Anthony Taylor,Georginio Rutter,Brighton,1,0,0,1,,158
Anthony Taylor,Gianluigi Donnarumma,Man City,5,,0,0,,736
Anthony Taylor,Giorgi Mamardashvili,Liverpool,3,,,0,,367
Anthony Taylor,Granit Xhaka,Sunderland,2,1,0,3,,668
Anthony Taylor,Guglielmo Vicario,Spurs,1,0,0,0,,565
Anthony Taylor,Guido Rodríguez,West Ham,1,0,0,1,,618
Anthony Taylor,Habib Diarra,Sunderland,2,1,0,1,,544
Anthony Taylor,Hamed Traorè,Bournemouth,1,0,0,0,,93
Anthony Taylor,Hannibal Mejbri,Burnley,1,0,0,3,,207
Anthony Taylor,Harrison Armstrong,Everton,1,0,0,0,,305
Anthony Taylor,Harrison Jones,Sunderland,1,0,0,0,,557
Anthony Taylor,Harry Maguire,Man Utd,3,1,0,2,,442
Anthony Taylor,Harry Wilson,Fulham,3,1,0,0,,329
Anthony Taylor,Harvey Barnes,Newcastle,3,0,0,2,,487
Anthony Taylor,Harvey Elliott,Aston Villa,1,0,0,0,,389
Anthony Taylor,Hugo Bueno López,Wolves,3,1,0,2,,633
Anthony Taylor,Hugo Ekitiké,Liverpool,4,,,5,,661
Anthony Taylor,Hwang Hee-chan,Wolves,2,0,0,2,,642
Anthony Taylor,Ian Maatsen,Aston Villa,4,0,0,2,,39
Anthony Taylor,Ibrahim Sangaré,Nott'm Forest,2,0,0,4,,521
Anthony Taylor,Ibrahima Konaté,Liverpool,6,,,7,,374
Anthony Taylor,Igor Jesus Maciel da Cruz,Nott'm Forest,4,0,0,4,,526
Anthony Taylor,Igor Thiago Nascimento Rodrigues,Brentford,2,1,0,5,,136
Anthony Taylor,Ilia Gruev,Leeds,2,0,0,1,,356
Anthony Taylor,Ismaïla Sarr,Crystal Palace,2,0,0,3,,267
Anthony Taylor,Issa Diop,Fulham,3,0,0,1,,320
Anthony Taylor,Jack Fletcher,Man Utd,1,0,0,1,,462
Anthony Taylor,Jack Grealish,Everton,1,0,0,0,,419
Anthony Taylor,Jack Harrison,Leeds,1,0,0,0,,352
Anthony Taylor,Jackson Tchatchoua,Wolves,3,0,0,0,,695
Anthony Taylor,Jacob Bruun Larsen,Burnley,1,0,0,0,,202
Anthony Taylor,Jacob Murphy,Newcastle,3,0,0,1,,489
Anthony Taylor,Jacob Ramsey,Newcastle,3,0,0,4,,52
Anthony Taylor,Jadon Sancho,Aston Villa,2,0,0,0,,456
Anthony Taylor,Jaidon Anthony,Burnley,1,0,0,3,,200
Anthony Taylor,Jair Paula da Cunha Filho,Nott'm Forest,2,0,0,0,,510
Anthony Taylor,Jaka Bijol,Leeds,2,1,0,2,,344
Anthony Taylor,Jake O'Brien,Everton,1,0,0,0,,293
Anthony Taylor,James Garner,Everton,1,0,0,0,,303
Anthony Taylor,James Hill,Bournemouth,3,1,0,2,,77
Anthony Taylor,James Justin,Leeds,2,0,0,2,,706
Anthony Taylor,James Maddison,Spurs,1,0,0,0,,581
Anthony Taylor,James McAtee,Nott'm Forest,4,0,0,1,,426
Anthony Taylor,James Milner,Brighton,1,0,0,0,,170
Anthony Taylor,James Tarkowski,Everton,1,0,0,0,,291
Anthony Taylor,James Trafford,Man City,2,,0,0,,182
Anthony Taylor,James Ward-Prowse,Burnley,1,0,0,0,,614
Anthony Taylor,Jamie Bynoe-Gittens,Chelsea,3,,,0,,239
Anthony Taylor,Jan Paul van Hecke,Brighton,1,0,0,1,,151
Anthony Taylor,Jarrod Bowen,West Ham,3,0,0,2,,624
Anthony Taylor,Jaydee Canvot,Crystal Palace,1,0,0,0,,723
Anthony Taylor,Jayden Bogle,Leeds,3,2,0,4,,342
Anthony Taylor,Jean-Clair Todibo,West Ham,2,0,0,2,,609
Anthony Taylor,Jean-Philippe Mateta,Crystal Palace,2,0,0,1,,283
Anthony Taylor,Jean-Ricner Bellegarde,Wolves,3,0,0,0,,644
Anthony Taylor,Jefferson Lerma Solís,Crystal Palace,2,0,0,2,,272
Anthony Taylor,Jeremie Frimpong,Liverpool,3,,0,1,,370
Anthony Taylor,Jérémy Doku,Man City,5,,0,5,,418
Anthony Taylor,Jesse Derry,Chelsea,1,0,0,0,,829
Anthony Taylor,Jhon Arias,Wolves,2,0,0,0,,663
Anthony Taylor,Joachim Andersen,Fulham,3,1,0,1,,317
Anthony Taylor,João Maria Lobo Alves Palhares Costa Palhinha Gonçalves,Spurs,2,0,0,1,,673
Anthony Taylor,João Pedro Junqueira de Jesus,Chelsea,4,,,6,,249
Anthony Taylor,João Victor Gomes da Silva,Wolves,3,2,0,6,,646
Anthony Taylor,Joe Gomez,Liverpool,5,,0,2,,376
Anthony Taylor,Joe Rodon,Leeds,3,0,0,1,,348
Anthony Taylor,Joe Willock,Newcastle,3,0,0,3,,494
Anthony Taylor,Joël Piroe,Leeds,2,0,0,1,,362
Anthony Taylor,Joelinton Cássio Apolinário de Lira,Newcastle,2,1,0,2,,490
Anthony Taylor,John McGinn,Aston Villa,3,0,0,2,,54
Anthony Taylor,John Stones,Man City,2,,0,0,,409
Anthony Taylor,John Victor Maciel Furtado,Nott'm Forest,1,1,0,0,,715
Anthony Taylor,Jonah Kusi-Asare,Fulham,1,0,0,0,,737
Anthony Taylor,Jordan Henderson,Brentford,2,0,0,1,,124
Anthony Taylor,Jordan Pickford,Everton,1,0,0,0,,287
Anthony Taylor,Jorge Cuenca Barreno,Fulham,3,1,0,1,,321
Anthony Taylor,Jørgen Strand Larsen,Crystal Palace,1,0,0,2,,654
Anthony Taylor,Jorrel Hato,Chelsea,3,,,0,,672
Anthony Taylor,José Malheiro de Sá,Wolves,3,0,0,0,,628
Anthony Taylor,Josh Acheampong,Chelsea,3,,,0,,233
Anthony Taylor,Josh King,Fulham,3,0,0,0,,335
Anthony Taylor,Josh Laurent,Burnley,1,0,0,1,,209
Anthony Taylor,Joshua Zirkzee,Man Utd,4,0,0,0,,466
Anthony Taylor,Joško Gvardiol,Man City,3,0,0,2,,403
Anthony Taylor,Jun'ai Byfield,Spurs,1,0,0,0,,745
Anthony Taylor,Junior Kroupi,Bournemouth,4,0,0,3,,100
Anthony Taylor,Jurriën Timber,Arsenal,3,,0,7,,8
Anthony Taylor,Justin Devenny,Crystal Palace,2,0,0,1,,276
Anthony Taylor,Justin Kluivert,Bournemouth,2,2,0,5,,81
Anthony Taylor,Kai Havertz,Arsenal,1,,0,1,,30
Anthony Taylor,Karl Darlow,Leeds,2,0,0,0,,341
Anthony Taylor,Keane Lewis-Potter,Brentford,2,0,0,0,,107
Anthony Taylor,Kenny Tete,Fulham,1,0,0,1,,322
Anthony Taylor,Kepa Arrizabalaga Revuelta,Arsenal,2,,0,0,,2
Anthony Taylor,Kevin Danso,Spurs,1,1,0,2,,570
Anthony Taylor,Kevin Santos Lopes de Macedo,Fulham,2,0,0,0,,731
Anthony Taylor,Kevin Schade,Brentford,2,0,0,1,,120
Anthony Taylor,Ki-Jana Hoever,Wolves,1,0,0,0,,638
Anthony Taylor,Kieran Morrison,Liverpool,1,0,0,0,,746
Anthony Taylor,Kieran Trippier,Newcastle,2,0,0,3,,478
Anthony Taylor,Kobbie Mainoo,Man Utd,4,0,0,1,,458
Anthony Taylor,Konstantinos Mavropanos,West Ham,3,0,0,5,,606
Anthony Taylor,Kristoffer Ajer,Brentford,1,0,0,1,,108
Anthony Taylor,Kyle Walker,Burnley,1,0,0,1,,187
Anthony Taylor,Kyle Walker-Peters,West Ham,1,0,0,1,,659
Anthony Taylor,Ladislav Krejcí,Wolves,2,0,0,5,,709
Anthony Taylor,Lamare Bogarde,Aston Villa,3,0,0,0,,44
Anthony Taylor,Leandro Trossard,Arsenal,3,,0,2,,20
Anthony Taylor,Leny Yoro,Man Utd,4,1,0,4,,444
Anthony Taylor,Leon Bailey,Aston Villa,3,0,0,0,,49
Anthony Taylor,Lesley Ugochukwu,Burnley,1,0,0,1,,676
Anthony Taylor,Levi Samuels Colwill,Chelsea,1,0,0,0,,227
Anthony Taylor,Lewis Cook,Bournemouth,3,0,0,0,,88
Anthony Taylor,Lewis Dunk,Brighton,1,0,0,0,,146
Anthony Taylor,Lewis Hall,Newcastle,3,0,0,0,,473
Anthony Taylor,Lewis Miley,Newcastle,1,0,0,0,,497
Anthony Taylor,Liam Delap,Chelsea,3,1,0,4,,250
Anthony Taylor,Lisandro Martínez,Man Utd,2,0,0,0,,437
Anthony Taylor,Lorenzo Lucca,Nott'm Forest,1,0,0,0,,805
Anthony Taylor,Loum Tchaouna,Burnley,1,0,0,0,,210
Anthony Taylor,Luca Netz,Nott'm Forest,1,0,0,3,,814
Anthony Taylor,Lucas Bergvall,Spurs,1,0,0,1,,586
Anthony Taylor,Lucas Digne,Aston Villa,4,0,0,1,,37
Anthony Taylor,Lucas Estella Perri,Leeds,2,0,0,0,,665
Anthony Taylor,Lucas Pires Silva,Burnley,1,0,0,2,,195
Anthony Taylor,Lucas Tolentino Coelho de Lima,West Ham,1,0,0,2,,612
Anthony Taylor,Lukas Nmecha,Leeds,2,0,0,2,,365
Anthony Taylor,Luke O'Nien,Sunderland,1,0,0,1,,539
Anthony Taylor,Luke Shaw,Man Utd,5,2,0,5,,443
Anthony Taylor,Lutsharel Geertruida,Sunderland,1,1,0,2,,724
Anthony Taylor,Lyle Foster,Burnley,1,0,0,0,,217
Anthony Taylor,Mads Hermansen,West Ham,1,0,0,0,,679
Anthony Taylor,Malick Thiaw,Newcastle,3,0,0,1,,684
Anthony Taylor,Malo Gusto,Chelsea,4,,,3,,228
Anthony Taylor,Manuel Ugarte Ribeiro,Man Utd,5,0,0,5,,459
Anthony Taylor,Marc Cucurella Saseta,Chelsea,4,,,8,,224
Anthony Taylor,Marc Guéhi,Man City,2,1,0,3,,260
Anthony Taylor,Marc Guiu Paz,Chelsea,1,,,1,,252
Anthony Taylor,Marco Bizot,Aston Villa,3,0,0,0,,33
Anthony Taylor,Marcos Senesi Barón,Bournemouth,4,0,0,1,,72
Anthony Taylor,Marcus Tavernier,Bournemouth,3,0,0,2,,84
Anthony Taylor,Marshall Munetsi,Wolves,2,0,0,2,,648
Anthony Taylor,Martin Dúbravka,Burnley,1,0,0,0,,470
Anthony Taylor,Martin Ødegaard,Arsenal,3,,0,2,,17
Anthony Taylor,Martín Zubimendi Ibáñez,Arsenal,4,,0,4,,26
Anthony Taylor,Mason Mount,Man Utd,3,0,0,1,,455
Anthony Taylor,Mateo Kovačić,Man City,1,0,0,0,,422
Anthony Taylor,Mateus Gonçalo Espanha Fernandes,West Ham,3,0,0,6,,708
Anthony Taylor,Mateus Mané,Wolves,1,0,0,1,,749
Anthony Taylor,Matheus Nunes,Man City,3,,0,1,,407
Anthony Taylor,Matheus Santos Carneiro da Cunha,Man Utd,4,1,0,2,,450
Anthony Taylor,Mathias Jensen,Brentford,1,0,0,0,,126
Anthony Taylor,Mathys Tel,Spurs,2,0,0,3,,584
Anthony Taylor,Mats Wieffer,Brighton,1,0,0,1,,173
Anthony Taylor,Matt Doherty,Wolves,1,0,0,0,,632
Anthony Taylor,Matthijs de Ligt,Man Utd,2,0,0,0,,436
Anthony Taylor,Matty Cash,Aston Villa,3,1,0,4,,36
Anthony Taylor,Matz Sels,Nott'm Forest,2,1,0,0,,502
Anthony Taylor,Max Alleyne,Man City,1,0,0,0,,794
Anthony Taylor,Max Dowman,Arsenal,1,,0,0,,700
Anthony Taylor,Max Weiß,Burnley,1,0,0,0,,183
Anthony Taylor,Maxence Lacroix,Crystal Palace,2,1,0,3,,257
Anthony Taylor,Maxim De Cuyper,Brighton,1,0,0,0,,145
Anthony Taylor,Maxime Estève,Burnley,1,0,0,0,,191
Anthony Taylor,Maximilian Kilman,West Ham,2,0,0,0,,605
Anthony Taylor,Melker Ellborg,Sunderland,1,0,0,0,,812
Anthony Taylor,Merlin Röhl,Everton,1,0,0,0,,728
Anthony Taylor,Michael Kayode,Brentford,2,1,0,2,,110
Anthony Taylor,Michael Keane,Everton,1,0,0,1,,295
Anthony Taylor,Micky van de Ven,Spurs,2,0,0,1,,575
Anthony Taylor,Mikel Merino Zazón,Arsenal,2,0,0,3,,22
Anthony Taylor,Mikkel Damsgaard,Brentford,2,0,0,2,,121
Anthony Taylor,Milos Kerkez,Liverpool,6,,,5,,371
Anthony Taylor,Mohamadou Kanté,West Ham,2,0,0,1,,758
Anthony Taylor,Mohamed Salah,Liverpool,4,,,1,,381
Anthony Taylor,Moisés Caicedo Corozo,Chelsea,4,,,7,,241
Anthony Taylor,Morgan Gibbs-White,Nott'm Forest,4,1,0,3,,515
Anthony Taylor,Morgan Rogers,Aston Villa,4,0,0,4,,47
Anthony Taylor,Murillo Costa dos Santos,Nott'm Forest,3,2,0,5,,506
Anthony Taylor,Myles Lewis-Skelly,Arsenal,3,,0,2,,10
Anthony Taylor,Myles Peart-Harris,Brentford,1,0,0,1,,133
Anthony Taylor,Nathan Aké,Man City,3,,0,1,,405
Anthony Taylor,Nathan Collins,Brentford,2,0,0,1,,106
Anthony Taylor,Nathaniel Clyne,Crystal Palace,1,0,0,0,,263
Anthony Taylor,Neco Williams,Nott'm Forest,4,0,0,2,,508
Anthony Taylor,Nick Pope,Newcastle,2,0,0,0,,469
Anthony Taylor,Nick Woltemade,Newcastle,3,0,0,1,,714
Anthony Taylor,Nico González Iglesias,Man City,3,,0,1,,423
Anthony Taylor,Nico O'Reilly,Man City,5,,0,5,,411
Anthony Taylor,Nicolás Domínguez,Nott'm Forest,3,0,0,0,,519
Anthony Taylor,Nicolò Savona,Nott'm Forest,1,0,0,0,,716
Anthony Taylor,Nikola Milenković,Nott'm Forest,4,1,0,1,,505
Anthony Taylor,Noah Okafor,Leeds,2,0,0,2,,698
Anthony Taylor,Noah Sadiki,Sunderland,2,1,0,3,,552
Anthony Taylor,Noni Madueke,Arsenal,3,,0,0,,18
Anthony Taylor,Norberto Bercique Gomes Betuncal,Everton,1,0,0,1,,311
Anthony Taylor,Nordi Mukiele,Sunderland,2,0,0,0,,694
Anthony Taylor,Noussair Mazraoui,Man Utd,2,0,0,2,,438
Anthony Taylor,Odsonne Édouard,Crystal Palace,1,0,0,0,,285
Anthony Taylor,Ola Aina,Nott'm Forest,2,2,0,4,,507
Anthony Taylor,Oleksandr Zinchenko,Nott'm Forest,1,0,0,0,,12
Anthony Taylor,Ollie Scarles,West Ham,2,1,0,1,,608
Anthony Taylor,Ollie Watkins,Aston Villa,4,1,0,7,,64
Anthony Taylor,Omar Alderete,Sunderland,2,1,0,4,,683
Anthony Taylor,Omar Marmoush,Man City,3,,0,0,,413
Anthony Taylor,Omari Hutchinson,Nott'm Forest,4,0,0,1,,693
Anthony Taylor,Oscar Bobb,Fulham,1,0,0,0,,424
Anthony Taylor,Pablo Felipe Pereira de Jesus,West Ham,2,0,0,5,,785
Anthony Taylor,Pape Matar Sarr,Spurs,1,1,0,2,,593
Anthony Taylor,Pascal Struijk,Leeds,3,1,0,6,,343
Anthony Taylor,Patrick Dorgu,Man Utd,4,1,0,3,,441
Anthony Taylor,Pau Torres,Aston Villa,2,0,0,0,,41
Anthony Taylor,Pedro Cardoso de Lima,Wolves,1,0,0,0,,640
Anthony Taylor,Pedro Lomba Neto,Chelsea,3,,,1,,236
Anthony Taylor,Pedro Porro Sauceda,Spurs,1,1,0,1,,568
Anthony Taylor,Phil Foden,Man City,5,,0,1,,414
Anthony Taylor,Piero Hincapié,Arsenal,3,,0,2,,725
Anthony Taylor,Quilindschy Hartman,Burnley,1,0,0,0,,192
Anthony Taylor,Radu Drăgușin,Spurs,2,0,0,3,,572
Anthony Taylor,Randal Kolo Muani,Spurs,2,0,0,0,,726
Anthony Taylor,Raúl Jiménez Rodríguez,Fulham,3,1,0,4,,337
Anthony Taylor,Rayan Aït-Nouri,Man City,3,,0,0,,402
Anthony Taylor,Rayan Cherki,Man City,4,,0,0,,417
Anthony Taylor,Rayan Vitor Simplício Rocha,Bournemouth,2,0,0,2,,807
Anthony Taylor,Reece James,Chelsea,4,,,1,,225
Anthony Taylor,Reinildo Mandava,Sunderland,2,2,0,2,,541
Anthony Taylor,Riccardo Calafiori,Arsenal,2,1,0,1,,7
Anthony Taylor,Richarlison de Andrade,Spurs,1,0,0,1,,597
Anthony Taylor,Rico Henry,Brentford,2,1,0,1,,109
Anthony Taylor,Rico Lewis,Man City,1,1,0,2,,410
Anthony Taylor,Rio Ngumoha,Liverpool,2,0,0,1,,686
Anthony Taylor,Robert Lynch Sánchez,Chelsea,4,,,0,,220
Anthony Taylor,Robin Roefs,Sunderland,1,0,0,0,,670
Anthony Taylor,Rodrigo 'Rodri' Hernandez Cascante,Man City,5,,0,2,,421
Anthony Taylor,Rodrigo Bentancur,Spurs,1,1,0,1,,585
Anthony Taylor,Rodrigo Martins Gomes,Wolves,2,0,0,0,,635
Anthony Taylor,Rodrigo Muniz Carvalho,Fulham,1,0,0,1,,338
Anthony Taylor,Romain Esse,Crystal Palace,1,0,0,1,,269
Anthony Taylor,Roméo Lavia,Chelsea,2,,,1,,244
Anthony Taylor,Ross Barkley,Aston Villa,3,0,0,2,,55
Anthony Taylor,Rúben dos Santos Gato Alves Dias,Man City,2,0,0,2,,408
Anthony Taylor,Ryan Christie,Bournemouth,2,0,0,0,,87
Anthony Taylor,Ryan Gravenberch,Liverpool,5,,,2,,390
Anthony Taylor,Ryan Sessegnon,Fulham,2,0,0,4,,328
Anthony Taylor,Ryan Yates,Nott'm Forest,3,0,0,2,,522
Anthony Taylor,Sam Byram,Leeds,1,0,0,0,,346
Anthony Taylor,Sam Johnstone,Wolves,1,0,0,0,,627
Anthony Taylor,Samuel Chukwueze,Fulham,1,0,0,0,,727
Anthony Taylor,Sander Berge,Fulham,3,1,0,2,,330
Anthony Taylor,Sandro Tonali,Newcastle,2,1,0,2,,491
Anthony Taylor,Santiago Ignacio Bueno,Wolves,2,0,0,0,,636
Anthony Taylor,Saša Lukić,Fulham,2,0,0,2,,332
Anthony Taylor,Sávio Moreira de Oliveira,Man City,4,,0,0,,415
Anthony Taylor,Sean Longstaff,Leeds,1,0,0,1,,493
Anthony Taylor,Sean Neave,Newcastle,1,0,0,0,,501
Anthony Taylor,Sebastiaan Bornauw,Leeds,2,0,0,0,,345
Anthony Taylor,Senne Lammens,Man Utd,4,0,0,0,,733
Anthony Taylor,Sepp van den Berg,Brentford,1,0,0,0,,113
Anthony Taylor,Simon Adingra,Sunderland,1,0,0,1,,543
Anthony Taylor,Simon Moore,Sunderland,1,0,0,0,,529
Anthony Taylor,Soungoutou Magassa,West Ham,2,0,0,1,,718
Anthony Taylor,Stefan Ortega Moreno,Nott'm Forest,1,0,0,0,,400
Anthony Taylor,Stefanos Tzimas,Brighton,1,0,0,0,,180
Anthony Taylor,Sven Botman,Newcastle,2,0,0,0,,475
Anthony Taylor,Taiwo Awoniyi,Nott'm Forest,2,0,0,0,,527
Anthony Taylor,Tammy Abraham,Aston Villa,3,0,0,0,,808
Anthony Taylor,Tanaka Ao,Leeds,3,0,0,0,,358
Anthony Taylor,Thierno Barry,Everton,1,0,0,1,,310
Anthony Taylor,Tijjani Reijnders,Man City,5,,0,0,,427
Anthony Taylor,Tim Iroegbunam,Everton,1,0,0,1,,304
Anthony Taylor,Timothy Castagne,Fulham,2,0,0,2,,319
Anthony Taylor,Tino Livramento,Newcastle,1,0,0,0,,477
Anthony Taylor,Tolu Arokodare,Wolves,3,1,0,2,,720
Anthony Taylor,Tom Cairney,Fulham,3,0,0,0,,331
Anthony Taylor,Tom Edozie,Wolves,1,0,0,0,,651
Anthony Taylor,Tom Watson,Brighton,1,0,0,0,,172
Anthony Taylor,Tomáš Souček,West Ham,3,0,0,3,,613
Anthony Taylor,Tosin Adarabioyo,Chelsea,2,0,0,1,,232
Anthony Taylor,Toti Gomes,Wolves,3,0,0,4,,637
Anthony Taylor,Trai Hume,Sunderland,2,1,0,3,,532
Anthony Taylor,Trevoh Chalobah,Chelsea,3,0,0,2,,226
Anthony Taylor,Trey Nyoni,Liverpool,2,0,0,0,,396
Anthony Taylor,Tyler Adams,Bournemouth,3,1,0,4,,85
Anthony Taylor,Tyler Dibling,Everton,1,0,0,3,,707
Anthony Taylor,Tyler Fredricson,Man Utd,1,0,0,0,,446
Anthony Taylor,Tyrell Malacia,Man Utd,2,0,0,0,,448
Anthony Taylor,Tyrick Mitchell,Crystal Palace,2,1,0,0,,258
Anthony Taylor,Tyrone Mings,Aston Villa,3,1,0,2,,40
Anthony Taylor,Valentín Castellanos,West Ham,2,0,0,2,,791
Anthony Taylor,Victor Lindelöf,Aston Villa,3,0,0,0,,719
Anthony Taylor,Viktor Gyökeres,Arsenal,4,,0,2,,666
Anthony Taylor,Virgil van Dijk,Liverpool,6,,,2,,373
Anthony Taylor,Vitalii Mykolenko,Everton,1,0,0,1,,292
Anthony Taylor,Vitaly Janelt,Brentford,1,0,0,0,,125
Anthony Taylor,Walter Benítez,Crystal Palace,1,0,0,0,,254
Anthony Taylor,Wesley Fofana,Chelsea,3,0,0,3,,230
Anthony Taylor,Wilfried Gnonto,Leeds,2,0,0,0,,351
Anthony Taylor,Will Hughes,Crystal Palace,2,1,0,2,,270
Anthony Taylor,William Osula,Newcastle,2,0,0,0,,500
Anthony Taylor,William Saliba,Arsenal,3,,0,0,,6
Anthony Taylor,Wilson Isidor,Sunderland,2,0,0,0,,560
Anthony Taylor,Wilson Odobert,Spurs,1,0,0,0,,588
Anthony Taylor,Xavi Simons,Spurs,2,1,0,2,,717
Anthony Taylor,Yankuba Minteh,Brighton,1,0,0,3,,160
Anthony Taylor,Yasin Ayari,Brighton,1,0,0,0,,166
Anthony Taylor,Yehor Yarmoliuk,Brentford,2,1,0,3,,129
Anthony Taylor,Yéremy Pino Santos,Crystal Palace,1,1,0,1,,712
Anthony Taylor,Yerson Mosquera Valdelamar,Wolves,2,0,0,2,,634
Anthony Taylor,Yoane Wissa,Newcastle,3,0,0,0,,135
Anthony Taylor,Youri Tielemans,Aston Villa,2,0,0,3,,48
Anthony Taylor,Yves Bissouma,Spurs,2,0,0,3,,587
Anthony Taylor,Zach Abbott,Nott'm Forest,1,0,0,1,,513
Anthony Taylor,Zeki Amdouni,Burnley,1,0,0,0,,216
Anthony Taylor,Zian Flemming,Burnley,1,1,0,5,,215
Chris Kavanagh,Aaron Hickey,Brentford,2,0,0,1,,116
Chris Kavanagh,Aaron Ramsdale,Newcastle,1,,0,0,,674
Chris Kavanagh,Aaron Wan-Bissaka,West Ham,1,0,0,1,,610
Chris Kavanagh,Abdukodir Khusanov,Man City,1,0,0,3,,406
Chris Kavanagh,Adam Wharton,Crystal Palace,2,,0,0,,273
Chris Kavanagh,Adrien Truffert,Bournemouth,2,0,0,1,,74
Chris Kavanagh,Alejandro Garnacho Ferreyra,Chelsea,3,0,0,1,,453
Chris Kavanagh,Alex Iwobi,Fulham,2,1,0,2,,324
Chris Kavanagh,Álex Jiménez Sánchez,Bournemouth,2,0,0,5,,713
Chris Kavanagh,Alex Scott,Bournemouth,2,0,0,1,,90
Chris Kavanagh,Alexander Isak,Liverpool,2,,0,1,,499
Chris Kavanagh,Alexis Mac Allister,Liverpool,8,,0,6,,386
Chris Kavanagh,Alisson Becker,Liverpool,5,,0,0,,366
Chris Kavanagh,Alphonse Areola,West Ham,2,0,0,0,,600
Chris Kavanagh,Altay Bayındır,Man Utd,3,0,0,0,,431
Chris Kavanagh,Amad Diallo,Man Utd,3,0,0,0,,452
Chris Kavanagh,Amadou Onana,Aston Villa,1,0,0,0,,59
Chris Kavanagh,Amine Adli,Bournemouth,2,1,0,4,,697
Chris Kavanagh,André Trindade da Costa Neto,Wolves,2,2,0,4,,643
Chris Kavanagh,Andrés García,Aston Villa,1,0,0,0,,42
Chris Kavanagh,Andrew Robertson,Liverpool,6,,0,4,,372
Chris Kavanagh,Andrey Nascimento dos Santos,Chelsea,3,0,0,2,,246
Chris Kavanagh,Anthony Elanga,Newcastle,2,,0,0,,486
Chris Kavanagh,Anthony Gordon,Newcastle,1,,0,0,,485
Chris Kavanagh,Antoine Semenyo,Man City,1,1,0,1,,82
Chris Kavanagh,Anton Stach,Leeds,2,0,0,1,,660
Chris Kavanagh,Antonee Robinson,Fulham,4,,0,3,,316
Chris Kavanagh,Archie Gray,Spurs,2,,0,0,,591
Chris Kavanagh,Armando Broja,Burnley,3,0,0,0,,680
Chris Kavanagh,Ármin Pécsi,Liverpool,1,0,0,0,,368
Chris Kavanagh,Ashley Barnes,Burnley,1,0,0,0,,218
Chris Kavanagh,Axel Disasi,West Ham,1,0,0,0,,815
Chris Kavanagh,Axel Tuanzebe,Burnley,1,0,0,1,,198
Chris Kavanagh,Ayden Heaven,Man Utd,3,1,0,1,,447
Chris Kavanagh,Bafodé Diakité,Bournemouth,1,0,0,0,,685
Chris Kavanagh,Bart Verbruggen,Brighton,5,,0,0,,139
Chris Kavanagh,Bashir Humphreys,Burnley,1,0,0,0,,193
Chris Kavanagh,Benjamin Lecomte,Fulham,1,0,0,0,,664
Chris Kavanagh,Benjamin Sesko,Man Utd,3,0,0,1,,681
Chris Kavanagh,Benjamin White,Arsenal,1,0,0,0,,11
Chris Kavanagh,Bernardo Mota Veiga de Carvalho e Silva,Man City,2,1,0,3,,416
Chris Kavanagh,Bernd Leno,Fulham,4,,0,0,,314
Chris Kavanagh,Bertrand Traoré,Sunderland,1,0,0,0,,735
Chris Kavanagh,Borna Sosa,Crystal Palace,1,0,0,0,,259
Chris Kavanagh,Boubacar Kamara,Aston Villa,1,0,0,0,,58
Chris Kavanagh,Brajan Gruda,Brighton,2,1,0,0,,162
Chris Kavanagh,Brandon Austin,Spurs,1,,0,0,,566
Chris Kavanagh,Brenden Aaronson,Leeds,3,,0,4,,350
Chris Kavanagh,Brennan Johnson,Crystal Palace,1,0,0,1,,580
Chris Kavanagh,Brian Brobbey,Sunderland,2,0,0,2,,730
Chris Kavanagh,Bruno Borges Fernandes,Man Utd,3,0,0,1,,449
Chris Kavanagh,Bruno Guimarães Rodriguez Moura,Newcastle,2,,0,3,,488
Chris Kavanagh,Bryan Mbeumo,Man Utd,3,0,0,1,,119
Chris Kavanagh,Bukayo Saka,Arsenal,4,1,0,6,,16
Chris Kavanagh,Callum Hudson-Odoi,Nott'm Forest,2,0,0,0,,516
Chris Kavanagh,Callum Olusesi,Spurs,1,,0,0,,595
Chris Kavanagh,Callum Wilson,West Ham,2,0,0,1,,671
Chris Kavanagh,Calvin Bassey,Fulham,2,0,0,2,,318
Chris Kavanagh,Calvin Ramsay,Liverpool,2,,0,0,,380
Chris Kavanagh,Caoimhín Kelleher,Brentford,2,0,0,0,,101
Chris Kavanagh,Carlos Alcaraz Durán,Everton,3,1,0,4,,301
Chris Kavanagh,Carlos Baleba,Brighton,5,,0,5,,167
Chris Kavanagh,Carlos Henrique Casimiro,Man Utd,3,1,0,3,,457
Chris Kavanagh,Chadi Riad Dnanou,Crystal Palace,1,0,0,1,,262
Chris Kavanagh,Charalampos Kostoulas,Brighton,3,,0,1,,181
Chris Kavanagh,Chemsdine Talbi,Sunderland,1,0,0,0,,553
Chris Kavanagh,Chris Richards,Crystal Palace,2,,0,0,,261
Chris Kavanagh,Chris Rigg,Sunderland,2,0,0,0,,551
Chris Kavanagh,Chris Wood,Nott'm Forest,1,0,0,0,,525
Chris Kavanagh,Christantus Uche,Crystal Palace,1,0,0,0,,732
Chris Kavanagh,Christian Nørgaard,Arsenal,2,0,0,1,,24
Chris Kavanagh,Cody Gakpo,Liverpool,8,,0,7,,384
Chris Kavanagh,Cole Palmer,Chelsea,2,1,0,0,,235
Chris Kavanagh,Conor Bradley,Liverpool,3,,0,3,,375
Chris Kavanagh,Cristhian Mosquera,Arsenal,3,2,0,4,,662
Chris Kavanagh,Cristian Romero,Spurs,1,1,0,2,,569
Chris Kavanagh,Crysencio Summerville,West Ham,2,1,0,3,,615
Chris Kavanagh,Curtis Jones,Liverpool,8,,0,2,,388
Chris Kavanagh,Daichi Kamada,Crystal Palace,2,,0,7,,271
Chris Kavanagh,Dan Burn,Newcastle,2,,0,2,,476
Chris Kavanagh,Dan Ndoye,Nott'm Forest,1,0,0,1,,669
Chris Kavanagh,Dango Ouattara,Brentford,2,2,0,3,,83
Chris Kavanagh,Daniel Ballard,Sunderland,1,0,0,1,,531
Chris Kavanagh,Daniel James,Leeds,1,0,0,0,,353
Chris Kavanagh,Daniel Muñoz Mejía,Crystal Palace,2,,0,2,,256
Chris Kavanagh,Danny Welbeck,Brighton,5,,0,5,,178
Chris Kavanagh,Dário Luís Essugo,Chelsea,1,1,0,2,,247
Chris Kavanagh,David Brooks,Bournemouth,2,1,0,2,,86
Chris Kavanagh,David Møller Wolfe,Wolves,1,1,0,2,,682
Chris Kavanagh,David Raya Martín,Arsenal,5,0,0,0,,1
Chris Kavanagh,Dean Henderson,Crystal Palace,2,,0,0,,253
Chris Kavanagh,Declan Rice,Arsenal,5,0,0,4,,21
Chris Kavanagh,Dennis Cirkin,Sunderland,2,0,0,0,,535
Chris Kavanagh,Destiny Udogie,Spurs,1,0,0,0,,574
Chris Kavanagh,Diego Coppola,Brighton,2,0,0,0,,144
Chris Kavanagh,Diego Gómez Amarilla,Brighton,3,3,0,6,,169
Chris Kavanagh,Diogo Dalot Teixeira,Man Utd,3,1,0,4,,440
Chris Kavanagh,Djed Spence,Spurs,2,,0,0,,573
Chris Kavanagh,Dominic Calvert-Lewin,Leeds,2,,0,1,,691
Chris Kavanagh,Dominic Solanke-Mitchell,Spurs,1,,0,2,,596
Chris Kavanagh,Dominik Szoboszlai,Liverpool,7,,0,11,,387
Chris Kavanagh,Donyell Malen,Aston Villa,1,0,0,0,,53
Chris Kavanagh,Đorđe Petrović,Bournemouth,2,0,0,0,,67
Chris Kavanagh,Douglas Luiz Soares de Paulo,Aston Villa,1,0,0,0,,699
Chris Kavanagh,Dwight McNeil,Everton,2,0,0,1,,300
Chris Kavanagh,Eberechi Eze,Arsenal,4,0,0,0,,266
Chris Kavanagh,Eddie Nketiah,Crystal Palace,1,1,0,1,,284
Chris Kavanagh,El Hadji Malick Diouf,West Ham,1,0,0,0,,603
Chris Kavanagh,Eliezer Mayenda Dossou,Sunderland,2,0,0,0,,561
Chris Kavanagh,Elliot Anderson,Nott'm Forest,2,0,0,2,,517
Chris Kavanagh,Emile Smith Rowe,Fulham,4,,0,1,,325
Chris Kavanagh,Emiliano Buendía Stati,Aston Villa,2,0,0,5,,50
Chris Kavanagh,Emiliano Martínez Romero,Aston Villa,2,0,0,0,,32
Chris Kavanagh,Emmanuel Agbadou,Wolves,2,,0,4,,631
Chris Kavanagh,Endo Wataru,Liverpool,2,1,0,2,,392
Chris Kavanagh,Enes Ünal,Bournemouth,2,0,0,0,,98
Chris Kavanagh,Enzo Fernández,Chelsea,1,1,0,3,,237
Chris Kavanagh,Enzo Le Fée,Sunderland,2,0,0,4,,547
Chris Kavanagh,Erling Haaland,Man City,2,0,0,4,,430
Chris Kavanagh,Estêvão Almeida de Oliveira Gonçalves,Chelsea,2,2,0,2,,238
Chris Kavanagh,Ethan Ampadu,Leeds,3,2,0,2,,354
Chris Kavanagh,Ethan Nwaneri,Arsenal,1,0,0,1,,25
Chris Kavanagh,Ethan Pinnock,Brentford,2,0,0,0,,111
Chris Kavanagh,Evann Guessand,Crystal Palace,1,0,0,0,,677
Chris Kavanagh,Ezri Konsa Ngoyo,Aston Villa,2,0,0,0,,38
Chris Kavanagh,Fabian Schär,Newcastle,1,,0,1,,474
Chris Kavanagh,Federico Chiesa,Liverpool,8,,0,3,,385
Chris Kavanagh,Felipe Rodrigues da Silva,Nott'm Forest,2,2,0,4,,511
Chris Kavanagh,Fer López González,Wolves,1,,0,0,,645
Chris Kavanagh,Ferdi Kadıoğlu,Brighton,5,,0,4,,148
Chris Kavanagh,Filip Jörgensen,Chelsea,1,0,0,0,,221
Chris Kavanagh,Florentino Ibrain Morris Luís,Burnley,2,0,0,1,,722
Chris Kavanagh,Florian Wirtz,Liverpool,8,,0,7,,382
Chris Kavanagh,Francisco Evanilson de Lima Barbosa,Bournemouth,2,0,0,3,,97
Chris Kavanagh,Frank Onyeka,Brentford,1,0,0,0,,128
Chris Kavanagh,Freddie Potts,West Ham,2,0,0,2,,623
Chris Kavanagh,Freddie Woodman,Liverpool,2,0,0,0,,369
Chris Kavanagh,Gabriel dos Santos Magalhães,Arsenal,5,1,0,6,,5
Chris Kavanagh,Gabriel Fernando de Jesus,Arsenal,2,0,0,0,,31
Chris Kavanagh,Gabriel Gudmundsson,Leeds,3,,0,2,,347
Chris Kavanagh,Gabriel Martinelli Silva,Arsenal,4,0,0,0,,19
Chris Kavanagh,George Earthy,West Ham,1,0,0,0,,620
Chris Kavanagh,Georginio Rutter,Brighton,5,,0,2,,158
Chris Kavanagh,Gianluigi Donnarumma,Man City,2,0,0,0,,736
Chris Kavanagh,Giorgi Mamardashvili,Liverpool,5,,0,1,,367
Chris Kavanagh,Granit Xhaka,Sunderland,1,1,0,1,,668
Chris Kavanagh,Guglielmo Vicario,Spurs,2,,0,0,,565
Chris Kavanagh,Habib Diarra,Sunderland,2,1,0,1,,544
Chris Kavanagh,Hákon Rafn Valdimarsson,Brentford,2,0,0,0,,105
Chris Kavanagh,Hannibal Mejbri,Burnley,2,0,0,0,,207
Chris Kavanagh,Harrison Armstrong,Everton,1,0,0,3,,305
Chris Kavanagh,Harrison Reed,Fulham,1,0,0,0,,336
Chris Kavanagh,Harry Howell,Brighton,1,0,0,0,,795
Chris Kavanagh,Harry Maguire,Man Utd,3,0,0,1,,442
Chris Kavanagh,Harry Wilson,Fulham,4,2,0,2,,329
Chris Kavanagh,Harvey Barnes,Newcastle,2,,0,1,,487
Chris Kavanagh,Hjalmar Ekdal,Burnley,2,0,0,2,,190
Chris Kavanagh,Hugo Bueno López,Wolves,2,,0,1,,633
Chris Kavanagh,Hugo Ekitiké,Liverpool,5,,0,4,,661
Chris Kavanagh,Hwang Hee-chan,Wolves,2,,0,0,,642
Chris Kavanagh,Ian Maatsen,Aston Villa,2,0,0,0,,39
Chris Kavanagh,Ibrahim Sangaré,Nott'm Forest,2,1,0,2,,521
Chris Kavanagh,Ibrahima Konaté,Liverpool,8,,0,5,,374
Chris Kavanagh,Idrissa Gana Gueye,Everton,3,0,0,2,,302
Chris Kavanagh,Igor Jesus Maciel da Cruz,Nott'm Forest,2,0,0,3,,526
Chris Kavanagh,Igor Julio dos Santos de Paulo,Brighton,1,,0,0,,149
Chris Kavanagh,Igor Thiago Nascimento Rodrigues,Brentford,2,1,0,5,,136
Chris Kavanagh,Ilia Gruev,Leeds,3,,0,0,,356
Chris Kavanagh,Iliman Ndiaye,Everton,4,0,0,3,,299
Chris Kavanagh,Ismaïla Sarr,Crystal Palace,2,,0,1,,267
Chris Kavanagh,Issa Diop,Fulham,3,,0,0,,320
Chris Kavanagh,Jack Grealish,Everton,2,0,0,0,,419
Chris Kavanagh,Jack Harrison,Leeds,1,0,0,0,,352
Chris Kavanagh,Jack Hinshelwood,Brighton,3,,0,3,,163
Chris Kavanagh,Jack Moorhouse,Man Utd,1,0,0,0,,464
Chris Kavanagh,Jackson Tchatchoua,Wolves,2,,0,0,,695
Chris Kavanagh,Jacob Bruun Larsen,Burnley,2,0,0,0,,202
Chris Kavanagh,Jacob Murphy,Newcastle,2,,0,0,,489
Chris Kavanagh,Jacob Ramsey,Newcastle,1,,0,0,,52
Chris Kavanagh,Jadon Sancho,Aston Villa,2,0,0,0,,456
Chris Kavanagh,Jaidon Anthony,Burnley,3,0,0,2,,200
Chris Kavanagh,Jaka Bijol,Leeds,1,1,0,0,,344
Chris Kavanagh,Jake O'Brien,Everton,4,0,0,2,,293
Chris Kavanagh,James Garner,Everton,4,1,0,5,,303
Chris Kavanagh,James Hill,Bournemouth,1,0,0,0,,77
Chris Kavanagh,James Justin,Leeds,2,,0,1,,706
Chris Kavanagh,James McConnell,Liverpool,1,0,0,0,,394
Chris Kavanagh,James Milner,Brighton,3,0,0,1,,170
Chris Kavanagh,James Rowswell,Spurs,1,,0,0,,750
Chris Kavanagh,James Tarkowski,Everton,4,1,0,5,,291
Chris Kavanagh,James Trafford,Man City,1,0,0,0,,182
Chris Kavanagh,James Ward-Prowse,Burnley,1,1,0,1,,614
Chris Kavanagh,Jamie Bynoe-Gittens,Chelsea,1,0,0,1,,239
Chris Kavanagh,Jan Paul van Hecke,Brighton,5,1,0,5,,151
Chris Kavanagh,Jarrad Branthwaite,Everton,2,1,0,1,,290
Chris Kavanagh,Jarrod Bowen,West Ham,2,0,0,0,,624
Chris Kavanagh,Jason Steele,Brighton,3,,0,0,,138
Chris Kavanagh,Jaydee Canvot,Crystal Palace,1,0,0,0,,723
Chris Kavanagh,Jayden Bogle,Leeds,3,,0,1,,342
Chris Kavanagh,Jean-Clair Todibo,West Ham,2,2,0,1,,609
Chris Kavanagh,Jean-Philippe Mateta,Crystal Palace,1,,0,2,,283
Chris Kavanagh,Jean-Ricner Bellegarde,Wolves,2,,0,1,,644
Chris Kavanagh,Jefferson Lerma Solís,Crystal Palace,1,,0,0,,272
Chris Kavanagh,Jeremie Frimpong,Liverpool,4,,0,3,,370
Chris Kavanagh,Jérémy Doku,Man City,2,0,0,3,,418
Chris Kavanagh,Jhon Arias,Wolves,2,,0,4,,663
Chris Kavanagh,Joachim Andersen,Fulham,4,,0,7,,317
Chris Kavanagh,João Maria Lobo Alves Palhares Costa Palhinha Gonçalves,Spurs,1,0,0,0,,673
Chris Kavanagh,João Pedro Junqueira de Jesus,Chelsea,3,1,0,2,,249
Chris Kavanagh,João Victor de Souza Menezes,Spurs,1,,0,2,,804
Chris Kavanagh,João Victor Gomes da Silva,Wolves,2,1,0,8,,646
Chris Kavanagh,Joe Gomez,Liverpool,5,,0,4,,376
Chris Kavanagh,Joe Rodon,Leeds,2,,0,2,,348
Chris Kavanagh,Joe Willock,Newcastle,2,,0,2,,494
Chris Kavanagh,Joe Worrall,Burnley,2,0,0,1,,199
Chris Kavanagh,Joël Piroe,Leeds,1,0,0,1,,362
Chris Kavanagh,Joël Veltman,Brighton,5,1,0,0,,152
Chris Kavanagh,Joelinton Cássio Apolinário de Lira,Newcastle,2,,0,4,,490
Chris Kavanagh,John McGinn,Aston Villa,2,1,0,3,,54
Chris Kavanagh,Jonah Kusi-Asare,Fulham,1,,0,1,,737
Chris Kavanagh,Jordan Henderson,Brentford,1,0,0,1,,124
Chris Kavanagh,Jordan Pickford,Everton,4,1,0,0,,287
Chris Kavanagh,Jorge Cuenca Barreno,Fulham,2,1,0,1,,321
Chris Kavanagh,Jørgen Strand Larsen,Crystal Palace,1,0,0,2,,654
Chris Kavanagh,Jorrel Hato,Chelsea,2,0,0,2,,672
Chris Kavanagh,José Malheiro de Sá,Wolves,1,0,0,0,,628
Chris Kavanagh,Josh Acheampong,Chelsea,3,0,0,1,,233
Chris Kavanagh,Josh Cullen,Burnley,2,1,0,2,,205
Chris Kavanagh,Josh King,Fulham,4,,0,1,,335
Chris Kavanagh,Josh Laurent,Burnley,3,1,1,4,,209
Chris Kavanagh,Joshua Zirkzee,Man Utd,2,1,0,0,,466
Chris Kavanagh,Joško Gvardiol,Man City,1,0,0,1,,403
Chris Kavanagh,Junior Kroupi,Bournemouth,2,1,0,1,,100
Chris Kavanagh,Jurriën Timber,Arsenal,4,0,0,7,,8
Chris Kavanagh,Justin Devenny,Crystal Palace,2,,0,1,,276
Chris Kavanagh,Justin Kluivert,Bournemouth,2,0,0,0,,81
Chris Kavanagh,Kai Havertz,Arsenal,2,0,0,1,,30
Chris Kavanagh,Karl Darlow,Leeds,1,,0,0,,341
Chris Kavanagh,Keane Lewis-Potter,Brentford,2,0,0,0,,107
Chris Kavanagh,Kenny Tete,Fulham,2,0,0,0,,322
Chris Kavanagh,Kepa Arrizabalaga Revuelta,Arsenal,2,0,0,0,,2
Chris Kavanagh,Kevin Danso,Spurs,1,,0,3,,570
Chris Kavanagh,Kevin Santos Lopes de Macedo,Fulham,2,,0,4,,731
Chris Kavanagh,Kevin Schade,Brentford,2,0,0,0,,120
Chris Kavanagh,Ki-Jana Hoever,Wolves,1,0,0,0,,638
Chris Kavanagh,Kieran Morrison,Liverpool,1,0,0,0,,746
Chris Kavanagh,Kieran Trippier,Newcastle,2,,0,0,,478
Chris Kavanagh,Kiernan Dewsbury-Hall,Everton,4,0,0,4,,242
Chris Kavanagh,Kobbie Mainoo,Man Utd,2,0,0,2,,458
Chris Kavanagh,Konstantinos Mavropanos,West Ham,1,0,0,2,,606
Chris Kavanagh,Kristoffer Ajer,Brentford,2,0,0,1,,108
Chris Kavanagh,Kyle Walker,Burnley,3,0,0,2,,187
Chris Kavanagh,Kyle Walker-Peters,West Ham,2,0,0,0,,659
Chris Kavanagh,Ladislav Krejcí,Wolves,1,1,0,2,,709
Chris Kavanagh,Lamare Bogarde,Aston Villa,2,0,0,0,,44
Chris Kavanagh,Leandro Trossard,Arsenal,4,1,0,1,,20
Chris Kavanagh,Leny Yoro,Man Utd,3,0,0,2,,444
Chris Kavanagh,Leon Bailey,Aston Villa,1,0,0,0,,49
Chris Kavanagh,Lesley Ugochukwu,Burnley,3,0,0,1,,676
Chris Kavanagh,Levi Samuels Colwill,Chelsea,1,0,0,1,,227
Chris Kavanagh,Lewis Cook,Bournemouth,2,0,0,1,,88
Chris Kavanagh,Lewis Dunk,Brighton,4,,0,0,,146
Chris Kavanagh,Lewis Hall,Newcastle,1,,0,0,,473
Chris Kavanagh,Lewis Miley,Newcastle,1,,0,0,,497
Chris Kavanagh,Liam Delap,Chelsea,2,0,0,1,,250
Chris Kavanagh,Loum Tchaouna,Burnley,3,0,0,0,,210
Chris Kavanagh,Lucas Bergvall,Spurs,1,0,0,1,,586
Chris Kavanagh,Lucas Digne,Aston Villa,2,0,0,2,,37
Chris Kavanagh,Lucas Estella Perri,Leeds,2,0,0,0,,665
Chris Kavanagh,Lucas Pires Silva,Burnley,1,0,0,0,,195
Chris Kavanagh,Lucas Tolentino Coelho de Lima,West Ham,1,0,0,1,,612
Chris Kavanagh,Lukas Nmecha,Leeds,3,,0,1,,365
Chris Kavanagh,Luke O'Nien,Sunderland,2,0,0,1,,539
Chris Kavanagh,Luke Shaw,Man Utd,3,1,0,3,,443
Chris Kavanagh,Lutsharel Geertruida,Sunderland,2,1,0,0,,724
Chris Kavanagh,Lyle Foster,Burnley,1,0,0,1,,217
Chris Kavanagh,Mads Hermansen,West Ham,1,0,0,0,,679
Chris Kavanagh,Malick Thiaw,Newcastle,1,,0,0,,684
Chris Kavanagh,Malo Gusto,Chelsea,3,1,1,4,,228
Chris Kavanagh,Mamadou Sarr,Chelsea,1,0,0,0,,231
Chris Kavanagh,Manuel Ugarte Ribeiro,Man Utd,3,0,0,1,,459
Chris Kavanagh,Marc Cucurella Saseta,Chelsea,3,1,0,2,,224
Chris Kavanagh,Marc Guéhi,Man City,1,0,0,0,,260
Chris Kavanagh,Marc Guiu Paz,Chelsea,2,0,0,3,,252
Chris Kavanagh,Marco Bizot,Aston Villa,2,0,0,0,,33
Chris Kavanagh,Marcos Senesi Barón,Bournemouth,2,0,0,2,,72
Chris Kavanagh,Marcus Edwards,Burnley,3,0,0,1,,206
Chris Kavanagh,Marcus Tavernier,Bournemouth,2,0,0,1,,84
Chris Kavanagh,Mark Travers,Everton,1,0,0,0,,288
Chris Kavanagh,Marshall Munetsi,Wolves,2,1,0,1,,648
Chris Kavanagh,Martin Dúbravka,Burnley,3,0,0,0,,470
Chris Kavanagh,Martin Ødegaard,Arsenal,3,0,0,0,,17
Chris Kavanagh,Martín Zubimendi Ibáñez,Arsenal,5,2,0,6,,26
Chris Kavanagh,Mason Mount,Man Utd,2,0,0,3,,455
Chris Kavanagh,Mateo Kovačić,Man City,1,0,0,0,,422
Chris Kavanagh,Mateus Gonçalo Espanha Fernandes,West Ham,2,0,0,3,,708
Chris Kavanagh,Mateus Mané,Wolves,1,0,0,0,,749
Chris Kavanagh,Matheus Nunes,Man City,2,0,0,1,,407
Chris Kavanagh,Matheus Santos Carneiro da Cunha,Man Utd,2,0,0,4,,450
Chris Kavanagh,Mathias Jensen,Brentford,2,0,0,3,,126
Chris Kavanagh,Mathys Tel,Spurs,1,,0,2,,584
Chris Kavanagh,Mats Wieffer,Brighton,4,,0,5,,173
Chris Kavanagh,Matt O'Riley,Brighton,2,,0,0,,164
Chris Kavanagh,Matthijs de Ligt,Man Utd,1,0,0,0,,436
Chris Kavanagh,Matty Cash,Aston Villa,2,1,0,4,,36
Chris Kavanagh,Matz Sels,Nott'm Forest,2,0,0,0,,502
Chris Kavanagh,Max Dowman,Arsenal,3,0,0,0,,700
Chris Kavanagh,Max Weiß,Burnley,1,0,0,0,,183
Chris Kavanagh,Maxence Lacroix,Crystal Palace,2,,1,2,,257
Chris Kavanagh,Maxim De Cuyper,Brighton,4,,0,3,,145
Chris Kavanagh,Maxime Estève,Burnley,2,0,0,2,,191
Chris Kavanagh,Maximilian Kilman,West Ham,2,0,0,0,,605
Chris Kavanagh,Merlin Röhl,Everton,1,0,0,0,,728
Chris Kavanagh,Michael Kayode,Brentford,2,0,0,0,,110
Chris Kavanagh,Michael Keane,Everton,4,0,0,1,,295
Chris Kavanagh,Micky van de Ven,Spurs,1,0,0,1,,575
Chris Kavanagh,Mike Trésor Ndayishimiye,Burnley,1,0,0,0,,214
Chris Kavanagh,Mikel Merino Zazón,Arsenal,3,0,0,1,,22
Chris Kavanagh,Mikkel Damsgaard,Brentford,2,0,0,0,,121
Chris Kavanagh,Milos Kerkez,Liverpool,8,,0,0,,371
Chris Kavanagh,Mitoma Kaoru,Brighton,4,1,0,5,,157
Chris Kavanagh,Mohamed Salah,Liverpool,7,,0,3,,381
Chris Kavanagh,Mohammed Kudus,Spurs,1,1,0,4,,582
Chris Kavanagh,Moisés Caicedo Corozo,Chelsea,3,0,0,4,,241
Chris Kavanagh,Morgan Gibbs-White,Nott'm Forest,2,0,0,3,,515
Chris Kavanagh,Morgan Rogers,Aston Villa,2,0,0,4,,47
Chris Kavanagh,Murillo Costa dos Santos,Nott'm Forest,1,0,0,0,,506
Chris Kavanagh,Myles Lewis-Skelly,Arsenal,3,0,0,1,,10
Chris Kavanagh,Nathan Aké,Man City,1,0,0,0,,405
Chris Kavanagh,Nathan Collins,Brentford,2,1,0,2,,106
Chris Kavanagh,Nathan Patterson,Everton,2,0,0,0,,296
Chris Kavanagh,Nathaniel Clyne,Crystal Palace,1,0,0,0,,263
Chris Kavanagh,Neco Williams,Nott'm Forest,2,0,0,1,,508
Chris Kavanagh,Nick Pope,Newcastle,2,,0,0,,469
Chris Kavanagh,Nick Woltemade,Newcastle,2,,0,1,,714
Chris Kavanagh,Nico González Iglesias,Man City,2,1,0,1,,423
Chris Kavanagh,Nico O'Reilly,Man City,2,0,0,4,,411
Chris Kavanagh,Nicolás Domínguez,Nott'm Forest,1,0,0,1,,519
Chris Kavanagh,Nicolò Savona,Nott'm Forest,2,1,0,2,,716
Chris Kavanagh,Nikola Milenković,Nott'm Forest,2,1,0,1,,505
Chris Kavanagh,Nilson Angulo,Sunderland,2,1,0,6,,813
Chris Kavanagh,Noah Okafor,Leeds,2,,0,1,,698
Chris Kavanagh,Noah Sadiki,Sunderland,2,1,0,1,,552
Chris Kavanagh,Noni Madueke,Arsenal,4,0,0,2,,18
Chris Kavanagh,Norberto Bercique Gomes Betuncal,Everton,4,0,0,3,,311
Chris Kavanagh,Nordi Mukiele,Sunderland,2,0,0,3,,694
Chris Kavanagh,Noussair Mazraoui,Man Utd,2,0,0,0,,438
Chris Kavanagh,Oleksandr Zinchenko,Nott'm Forest,1,0,0,0,,12
Chris Kavanagh,Oliver Sonne,Burnley,1,0,0,0,,197
Chris Kavanagh,Olivier Boscagli,Brighton,3,,0,3,,143
Chris Kavanagh,Ollie Scarles,West Ham,2,0,0,3,,608
Chris Kavanagh,Ollie Watkins,Aston Villa,2,1,0,2,,64
Chris Kavanagh,Omar Alderete,Sunderland,2,0,0,0,,683
Chris Kavanagh,Omar Marmoush,Man City,2,0,0,1,,413
Chris Kavanagh,Omari Hutchinson,Nott'm Forest,1,0,0,6,,693
Chris Kavanagh,Oscar Bobb,Fulham,1,0,0,0,,424
Chris Kavanagh,Pablo Felipe Pereira de Jesus,West Ham,1,0,0,1,,785
Chris Kavanagh,Pape Matar Sarr,Spurs,1,,0,0,,593
Chris Kavanagh,Pascal Groß,Brighton,3,,0,2,,783
Chris Kavanagh,Pascal Struijk,Leeds,3,,0,0,,343
Chris Kavanagh,Patrick Dorgu,Man Utd,2,0,0,2,,441
Chris Kavanagh,Pau Torres,Aston Villa,2,0,0,1,,41
Chris Kavanagh,Pedro Lomba Neto,Chelsea,3,0,0,2,,236
Chris Kavanagh,Pedro Porro Sauceda,Spurs,2,,0,1,,568
Chris Kavanagh,Phil Foden,Man City,2,0,0,1,,414
Chris Kavanagh,Piero Hincapié,Arsenal,4,0,0,0,,725
Chris Kavanagh,Quilindschy Hartman,Burnley,2,0,0,1,,192
Chris Kavanagh,Radu Drăgușin,Spurs,1,,0,2,,572
Chris Kavanagh,Randal Kolo Muani,Spurs,1,,0,0,,726
Chris Kavanagh,Raúl Jiménez Rodríguez,Fulham,4,,0,3,,337
Chris Kavanagh,Rayan Aït-Nouri,Man City,1,0,0,2,,402
Chris Kavanagh,Rayan Cherki,Man City,2,0,0,1,,417
Chris Kavanagh,Reece James,Chelsea,2,0,0,0,,225
Chris Kavanagh,Reinildo Mandava,Sunderland,2,1,0,2,,541
Chris Kavanagh,Reiss Nelson,Brentford,2,0,0,0,,27
Chris Kavanagh,Riccardo Calafiori,Arsenal,4,0,0,2,,7
Chris Kavanagh,Richarlison de Andrade,Spurs,2,,0,3,,597
Chris Kavanagh,Rico Henry,Brentford,1,0,0,0,,109
Chris Kavanagh,Rio Ngumoha,Liverpool,6,,0,0,,686
Chris Kavanagh,Robert Lynch Sánchez,Chelsea,3,1,0,0,,220
Chris Kavanagh,Robin Roefs,Sunderland,2,0,0,0,,670
Chris Kavanagh,Rodrigo 'Rodri' Hernandez Cascante,Man City,1,0,0,3,,421
Chris Kavanagh,Rodrigo Bentancur,Spurs,1,0,0,1,,585
Chris Kavanagh,Rodrigo Martins Gomes,Wolves,1,,0,0,,635
Chris Kavanagh,Rodrigo Muniz Carvalho,Fulham,2,0,0,0,,338
Chris Kavanagh,Romaine Mundle,Sunderland,1,0,0,0,,548
Chris Kavanagh,Romelle Donovan,Brentford,1,0,0,0,,130
Chris Kavanagh,Roméo Lavia,Chelsea,2,0,0,2,,244
Chris Kavanagh,Ross Barkley,Aston Villa,2,0,0,1,,55
Chris Kavanagh,Rúben dos Santos Gato Alves Dias,Man City,1,0,0,0,,408
Chris Kavanagh,Ryan Christie,Bournemouth,1,0,0,1,,87
Chris Kavanagh,Ryan Gravenberch,Liverpool,8,,0,7,,390
Chris Kavanagh,Ryan Sessegnon,Fulham,3,,0,2,,328
Chris Kavanagh,Ryan Yates,Nott'm Forest,1,0,0,0,,522
Chris Kavanagh,Sam Johnstone,Wolves,2,,0,0,,627
Chris Kavanagh,Samuel Chukwueze,Fulham,1,0,0,0,,727
Chris Kavanagh,Sander Berge,Fulham,4,,0,1,,330
Chris Kavanagh,Sandro Tonali,Newcastle,2,,0,0,,491
Chris Kavanagh,Santiago Ignacio Bueno,Wolves,1,0,0,0,,636
Chris Kavanagh,Saša Lukić,Fulham,4,2,0,5,,332
Chris Kavanagh,Sávio Moreira de Oliveira,Man City,2,0,0,0,,415
Chris Kavanagh,Sean Longstaff,Leeds,1,0,0,0,,493
Chris Kavanagh,Sebastiaan Bornauw,Leeds,2,,0,1,,345
Chris Kavanagh,Senne Lammens,Man Utd,2,0,0,0,,733
Chris Kavanagh,Sepp van den Berg,Brentford,2,1,0,1,,113
Chris Kavanagh,Shea Lacey,Man Utd,1,0,0,0,,755
Chris Kavanagh,Soungoutou Magassa,West Ham,2,0,0,0,,718
Chris Kavanagh,Stefanos Tzimas,Brighton,1,0,0,0,,180
Chris Kavanagh,Sven Botman,Newcastle,2,,0,0,,475
Chris Kavanagh,Taiwo Awoniyi,Nott'm Forest,1,0,0,2,,527
Chris Kavanagh,Tammy Abraham,Aston Villa,1,0,0,0,,808
Chris Kavanagh,Tanaka Ao,Leeds,3,,0,1,,358
Chris Kavanagh,Tawanda Chirewa,Wolves,1,0,0,3,,650
Chris Kavanagh,Thierno Barry,Everton,4,1,0,8,,310
Chris Kavanagh,Tijjani Reijnders,Man City,1,0,0,0,,427
Chris Kavanagh,Tim Iroegbunam,Everton,3,2,0,3,,304
Chris Kavanagh,Timothy Castagne,Fulham,4,1,0,2,,319
Chris Kavanagh,Tino Livramento,Newcastle,1,,0,1,,477
Chris Kavanagh,Tolu Arokodare,Wolves,2,,0,2,,720
Chris Kavanagh,Tom Cairney,Fulham,3,,0,0,,331
Chris Kavanagh,Tomáš Souček,West Ham,2,0,0,2,,613
Chris Kavanagh,Tosin Adarabioyo,Chelsea,2,0,0,0,,232
Chris Kavanagh,Toti Gomes,Wolves,2,,0,0,,637
Chris Kavanagh,Trai Hume,Sunderland,2,0,0,0,,532
Chris Kavanagh,Trevoh Chalobah,Chelsea,2,0,0,0,,226
Chris Kavanagh,Trey Nyoni,Liverpool,4,,0,0,,396
Chris Kavanagh,Tyler Dibling,Everton,3,0,0,1,,707
Chris Kavanagh,Tyrell Malacia,Man Utd,2,0,0,0,,448
Chris Kavanagh,Tyrick Mitchell,Crystal Palace,2,,0,0,,258
Chris Kavanagh,Tyrique George,Everton,1,0,0,0,,243
Chris Kavanagh,Valentín Castellanos,West Ham,1,1,0,2,,791
Chris Kavanagh,Victor Lindelöf,Aston Villa,2,0,0,1,,719
Chris Kavanagh,Viktor Gyökeres,Arsenal,5,1,0,9,,666
Chris Kavanagh,Virgil van Dijk,Liverpool,8,,0,6,,373
Chris Kavanagh,Vitalii Mykolenko,Everton,2,1,0,1,,292
Chris Kavanagh,Vitaly Janelt,Brentford,1,1,0,0,,125
Chris Kavanagh,Walter Benítez,Crystal Palace,1,0,0,0,,254
Chris Kavanagh,Wesley Fofana,Chelsea,2,1,1,3,,230
Chris Kavanagh,Wilfried Gnonto,Leeds,2,,0,1,,351
Chris Kavanagh,Will Hughes,Crystal Palace,2,,0,1,,270
Chris Kavanagh,William Osula,Newcastle,2,,0,4,,500
Chris Kavanagh,William Saliba,Arsenal,4,1,0,3,,6
Chris Kavanagh,Wilson Isidor,Sunderland,2,0,0,1,,560
Chris Kavanagh,Wilson Odobert,Spurs,1,0,0,1,,588
Chris Kavanagh,Xavi Simons,Spurs,2,,0,1,,717
Chris Kavanagh,Yankuba Minteh,Brighton,5,,0,2,,160
Chris Kavanagh,Yasin Ayari,Brighton,5,,0,7,,166
Chris Kavanagh,Yehor Yarmoliuk,Brentford,2,0,0,1,,129
Chris Kavanagh,Yéremy Pino Santos,Crystal Palace,2,,0,1,,712
Chris Kavanagh,Yerson Mosquera Valdelamar,Wolves,2,,0,3,,634
Chris Kavanagh,Yoane Wissa,Newcastle,1,1,0,1,,135
Chris Kavanagh,Youri Tielemans,Aston Villa,2,0,0,2,,48
Chris Kavanagh,Zach Abbott,Nott'm Forest,1,0,0,0,,513
Chris Kavanagh,Zian Flemming,Burnley,3,2,0,8,,215
Craig Pawson,Aaron Hickey,Brentford,2,0,0,0,,116
Craig Pawson,Aaron Ramsdale,Newcastle,1,0,0,0,,674
Craig Pawson,Aaron Wan-Bissaka,West Ham,1,0,0,1,,610
Craig Pawson,Abdukodir Khusanov,Man City,1,0,0,0,,406
Craig Pawson,Adam Armstrong,Wolves,1,1,0,1,,817
Craig Pawson,Adam Aznou,Everton,1,0,0,0,,667
Craig Pawson,Adam Smith,Bournemouth,2,0,0,1,,73
Craig Pawson,Adama Traoré Diarra,West Ham,1,0,0,0,,326
Craig Pawson,Adrien Truffert,Bournemouth,2,0,0,2,,74
Craig Pawson,Alejandro Garnacho Ferreyra,Chelsea,1,0,0,1,,453
Craig Pawson,Alex Iwobi,Fulham,3,,0,1,,324
Craig Pawson,Álex Jiménez Sánchez,Bournemouth,1,0,0,1,,713
Craig Pawson,Alex Murphy,Newcastle,1,0,0,0,,481
Craig Pawson,Alex Scott,Bournemouth,1,0,0,2,,90
Craig Pawson,Alex Tóth,Bournemouth,2,0,0,0,,801
Craig Pawson,Alexander Isak,Liverpool,2,,0,0,,499
Craig Pawson,Alexis Mac Allister,Liverpool,4,1,0,6,,386
Craig Pawson,Alisson Becker,Liverpool,3,1,0,1,,366
Craig Pawson,Alphonse Areola,West Ham,1,0,0,0,,600
Craig Pawson,Altay Bayındır,Man Utd,1,0,0,0,,431
Craig Pawson,Alysson Edward Franco da Rocha dos Santos,Aston Villa,1,0,0,0,,792
Craig Pawson,Amad Diallo,Man Utd,1,0,0,0,,452
Craig Pawson,Amadou Onana,Aston Villa,2,0,0,0,,59
Craig Pawson,Amine Adli,Bournemouth,2,0,0,0,,697
Craig Pawson,André Trindade da Costa Neto,Wolves,1,0,0,1,,643
Craig Pawson,Andrew Robertson,Liverpool,2,,0,0,,372
Craig Pawson,Andrey Nascimento dos Santos,Chelsea,2,,0,0,,246
Craig Pawson,Andy Irving,West Ham,1,0,0,0,,621
Craig Pawson,Angel Gomes,Wolves,1,0,0,0,,816
Craig Pawson,Anthony Elanga,Newcastle,3,0,0,1,,486
Craig Pawson,Anthony Gordon,Newcastle,3,0,0,2,,485
Craig Pawson,Antoine Semenyo,Man City,1,0,0,3,,82
Craig Pawson,Anton Stach,Leeds,1,1,0,3,,660
Craig Pawson,Antonee Robinson,Fulham,1,0,0,2,,316
Craig Pawson,Armando Broja,Burnley,1,,0,2,,680
Craig Pawson,Arnaud Kalimuendo,Nott'm Forest,1,0,0,0,,696
Craig Pawson,Axel Disasi,West Ham,1,0,0,0,,815
Craig Pawson,Bafodé Diakité,Bournemouth,2,0,0,0,,685
Craig Pawson,Bart Verbruggen,Brighton,3,0,0,0,,139
Craig Pawson,Bashir Humphreys,Burnley,1,,0,0,,193
Craig Pawson,Ben Gannon-Doak,Bournemouth,1,0,0,0,,391
Craig Pawson,Benjamin Lecomte,Fulham,1,0,0,0,,664
Craig Pawson,Benjamin Sesko,Man Utd,2,0,0,0,,681
Craig Pawson,Benjamin White,Arsenal,1,0,0,0,,11
Craig Pawson,Bernardo Mota Veiga de Carvalho e Silva,Man City,2,1,0,1,,416
Craig Pawson,Bernd Leno,Fulham,4,,0,0,,314
Craig Pawson,Bertrand Traoré,Sunderland,1,0,0,0,,735
Craig Pawson,Boubacar Kamara,Aston Villa,1,1,0,1,,58
Craig Pawson,Brajan Gruda,Brighton,1,0,0,1,,162
Craig Pawson,Brenden Aaronson,Leeds,1,,0,0,,350
Craig Pawson,Brian Brobbey,Sunderland,2,1,0,3,,730
Craig Pawson,Bruno Borges Fernandes,Man Utd,2,1,0,2,,449
Craig Pawson,Bruno Guimarães Rodriguez Moura,Newcastle,3,0,0,4,,488
Craig Pawson,Bryan Mbeumo,Man Utd,2,0,0,0,,119
Craig Pawson,Bukayo Saka,Arsenal,2,0,0,2,,16
Craig Pawson,Callum Hudson-Odoi,Nott'm Forest,1,0,0,2,,516
Craig Pawson,Callum Wilson,West Ham,2,0,0,0,,671
Craig Pawson,Calvin Bassey,Fulham,3,,0,4,,318
Craig Pawson,Caoimhín Kelleher,Brentford,3,0,0,0,,101
Craig Pawson,Carlos Alcaraz Durán,Everton,3,,0,0,,301
Craig Pawson,Carlos Baleba,Brighton,3,0,0,4,,167
Craig Pawson,Carlos Henrique Casimiro,Man Utd,1,0,0,1,,457
Craig Pawson,Charalampos Kostoulas,Brighton,3,0,0,1,,181
Craig Pawson,Chemsdine Talbi,Sunderland,2,0,0,0,,553
Craig Pawson,Chris Rigg,Sunderland,1,0,0,0,,551
Craig Pawson,Chris Wood,Nott'm Forest,2,0,0,0,,525
Craig Pawson,Cody Gakpo,Liverpool,3,,0,3,,384
Craig Pawson,Cole Palmer,Chelsea,2,,0,0,,235
Craig Pawson,Conor Bradley,Liverpool,1,0,0,0,,375
Craig Pawson,Cristhian Mosquera,Arsenal,1,0,0,0,,662
Craig Pawson,Crysencio Summerville,West Ham,2,1,0,1,,615
Craig Pawson,Curtis Jones,Liverpool,4,,0,3,,388
Craig Pawson,Dan Burn,Newcastle,3,1,0,3,,476
Craig Pawson,Dan Ndoye,Nott'm Forest,2,0,0,2,,669
Craig Pawson,Dango Ouattara,Brentford,3,0,0,4,,83
Craig Pawson,Daniel Ballard,Sunderland,2,0,0,3,,531
Craig Pawson,Daniel James,Leeds,1,,0,0,,353
Craig Pawson,Danny Welbeck,Brighton,3,0,0,0,,178
Craig Pawson,Dário Luís Essugo,Chelsea,1,0,0,0,,247
Craig Pawson,David Brooks,Bournemouth,2,0,0,0,,86
Craig Pawson,David Møller Wolfe,Wolves,1,0,0,0,,682
Craig Pawson,David Raya Martín,Arsenal,2,0,0,0,,1
Craig Pawson,Declan Rice,Arsenal,2,1,0,1,,21
Craig Pawson,Diego Coppola,Brighton,1,0,0,0,,144
Craig Pawson,Diego Gómez Amarilla,Brighton,2,1,0,2,,169
Craig Pawson,Diogo Dalot Teixeira,Man Utd,2,0,0,2,,440
Craig Pawson,Djed Spence,Spurs,1,0,0,0,,573
Craig Pawson,Djiamgone Jocelin Ta Bi,Sunderland,1,0,0,0,,800
Craig Pawson,Dominic Calvert-Lewin,Leeds,1,,0,0,,691
Craig Pawson,Dominik Szoboszlai,Liverpool,4,,1,4,,387
Craig Pawson,Donyell Malen,Aston Villa,1,0,0,0,,53
Craig Pawson,Đorđe Petrović,Bournemouth,2,0,0,0,,67
Craig Pawson,Douglas Luiz Soares de Paulo,Aston Villa,1,0,0,2,,699
Craig Pawson,Dwight McNeil,Everton,2,,0,2,,300
Craig Pawson,Eberechi Eze,Arsenal,2,1,0,2,,266
Craig Pawson,El Hadji Malick Diouf,West Ham,2,0,0,1,,603
Craig Pawson,Eliezer Mayenda Dossou,Sunderland,2,0,0,0,,561
Craig Pawson,Elliot Anderson,Nott'm Forest,2,0,0,1,,517
Craig Pawson,Emile Smith Rowe,Fulham,4,,0,0,,325
Craig Pawson,Emiliano Buendía Stati,Aston Villa,1,1,0,5,,50
Craig Pawson,Emiliano Martínez Romero,Aston Villa,1,0,0,0,,32
Craig Pawson,Enes Ünal,Bournemouth,2,0,0,0,,98
Craig Pawson,Enzo Fernández,Chelsea,2,1,0,2,,237
Craig Pawson,Enzo Le Fée,Sunderland,2,0,0,0,,547
Craig Pawson,Erling Haaland,Man City,2,1,0,1,,430
Craig Pawson,Ethan Ampadu,Leeds,1,,0,0,,354
Craig Pawson,Ethan Pinnock,Brentford,2,0,0,0,,111
Craig Pawson,Ezri Konsa Ngoyo,Aston Villa,2,0,1,3,,38
Craig Pawson,Fabian Schär,Newcastle,2,0,0,2,,474
Craig Pawson,Federico Chiesa,Liverpool,4,,0,2,,385
Craig Pawson,Felipe Rodrigues da Silva,Nott'm Forest,1,0,0,1,,511
Craig Pawson,Ferdi Kadıoğlu,Brighton,3,0,0,3,,148
Craig Pawson,Filip Jörgensen,Chelsea,1,,0,0,,221
Craig Pawson,Florentino Ibrain Morris Luís,Burnley,1,,0,1,,722
Craig Pawson,Florian Wirtz,Liverpool,3,0,0,0,,382
Craig Pawson,Francisco Evanilson de Lima Barbosa,Bournemouth,2,0,0,1,,97
Craig Pawson,Frank Onyeka,Brentford,1,0,0,1,,128
Craig Pawson,Freddie Woodman,Liverpool,1,,0,0,,369
Craig Pawson,Gabriel dos Santos Magalhães,Arsenal,2,0,0,1,,5
Craig Pawson,Gabriel Fernando de Jesus,Arsenal,1,0,0,2,,31
Craig Pawson,Gabriel Gudmundsson,Leeds,1,,0,1,,347
Craig Pawson,Georginio Rutter,Brighton,3,0,0,5,,158
Craig Pawson,Gianluigi Donnarumma,Man City,2,0,0,0,,736
Craig Pawson,Giorgi Mamardashvili,Liverpool,1,,0,0,,367
Craig Pawson,Granit Xhaka,Sunderland,2,1,0,1,,668
Craig Pawson,Guglielmo Vicario,Spurs,1,0,0,0,,565
Craig Pawson,Habib Diarra,Sunderland,1,0,0,0,,544
Craig Pawson,Hákon Rafn Valdimarsson,Brentford,2,0,0,0,,105
Craig Pawson,Harrison Reed,Fulham,2,0,0,0,,336
Craig Pawson,Harry Maguire,Man Utd,2,0,0,0,,442
Craig Pawson,Harry Wilson,Fulham,4,,0,1,,329
Craig Pawson,Harvey Barnes,Newcastle,3,0,0,2,,487
Craig Pawson,Hjalmar Ekdal,Burnley,1,,0,0,,190
Craig Pawson,Hugo Bueno López,Wolves,1,0,0,2,,633
Craig Pawson,Hugo Ekitiké,Liverpool,2,0,0,2,,661
Craig Pawson,Ian Maatsen,Aston Villa,1,0,0,0,,39
Craig Pawson,Ibrahim Sangaré,Nott'm Forest,2,0,0,8,,521
Craig Pawson,Ibrahima Konaté,Liverpool,4,,0,5,,374
Craig Pawson,Idrissa Gana Gueye,Everton,1,0,0,2,,302
Craig Pawson,Igor Jesus Maciel da Cruz,Nott'm Forest,2,0,0,1,,526
Craig Pawson,Igor Julio dos Santos de Paulo,Brighton,1,0,0,0,,149
Craig Pawson,Igor Thiago Nascimento Rodrigues,Brentford,3,0,0,2,,136
Craig Pawson,Iliman Ndiaye,Everton,2,0,0,0,,299
Craig Pawson,Issa Diop,Fulham,2,0,0,1,,320
Craig Pawson,Jack Grealish,Everton,2,1,0,0,,419
Craig Pawson,Jack Harrison,Leeds,1,,0,0,,352
Craig Pawson,Jack Hinshelwood,Brighton,2,0,0,6,,163
Craig Pawson,Jackson Tchatchoua,Wolves,1,0,0,0,,695
Craig Pawson,Jacob Bruun Larsen,Burnley,1,,0,1,,202
Craig Pawson,Jacob Murphy,Newcastle,3,0,0,0,,489
Craig Pawson,Jacob Ramsey,Newcastle,2,0,0,0,,52
Craig Pawson,Jadon Sancho,Aston Villa,1,0,0,0,,456
Craig Pawson,Jaidon Anthony,Burnley,1,,0,0,,200
Craig Pawson,Jair Paula da Cunha Filho,Nott'm Forest,1,0,0,0,,510
Craig Pawson,Jake O'Brien,Everton,3,,0,0,,293
Craig Pawson,James Garner,Everton,3,,0,2,,303
Craig Pawson,James Hill,Bournemouth,2,1,0,3,,77
Craig Pawson,James McAtee,Nott'm Forest,2,0,0,0,,426
Craig Pawson,James Milner,Brighton,2,0,0,1,,170
Craig Pawson,James Tarkowski,Everton,3,,0,0,,291
Craig Pawson,Jan Paul van Hecke,Brighton,3,0,0,2,,151
Craig Pawson,Jarrod Bowen,West Ham,2,0,0,1,,624
Craig Pawson,Jason Steele,Brighton,1,0,0,0,,138
Craig Pawson,Jayden Bogle,Leeds,1,,0,2,,342
Craig Pawson,Jean-Clair Todibo,West Ham,1,0,0,0,,609
Craig Pawson,Jean-Ricner Bellegarde,Wolves,1,1,0,1,,644
Craig Pawson,Jeremie Frimpong,Liverpool,2,,0,0,,370
Craig Pawson,Jérémy Doku,Man City,1,0,0,2,,418
Craig Pawson,Joachim Andersen,Fulham,4,,0,4,,317
Craig Pawson,João Maria Lobo Alves Palhares Costa Palhinha Gonçalves,Spurs,1,0,0,0,,673
Craig Pawson,João Pedro Junqueira de Jesus,Chelsea,1,,0,1,,249
Craig Pawson,João Victor Gomes da Silva,Wolves,1,0,0,2,,646
Craig Pawson,Joe Gomez,Liverpool,3,1,0,3,,376
Craig Pawson,Joe Rodon,Leeds,1,,0,2,,348
Craig Pawson,Joe Willock,Newcastle,1,0,0,0,,494
Craig Pawson,Joël Veltman,Brighton,1,0,0,0,,152
Craig Pawson,Joelinton Cássio Apolinário de Lira,Newcastle,3,1,0,2,,490
Craig Pawson,John McGinn,Aston Villa,1,0,0,2,,54
Craig Pawson,John Stones,Man City,1,0,0,0,,409
Craig Pawson,Jonah Kusi-Asare,Fulham,2,0,0,1,,737
Craig Pawson,Jordan Henderson,Brentford,2,0,0,1,,124
Craig Pawson,Jordan Pickford,Everton,3,,0,0,,287
Craig Pawson,Jorge Cuenca Barreno,Fulham,2,0,0,0,,321
Craig Pawson,Jorrel Hato,Chelsea,2,1,0,1,,672
Craig Pawson,José Malheiro de Sá,Wolves,1,0,0,0,,628
Craig Pawson,Josh Acheampong,Chelsea,2,,0,0,,233
Craig Pawson,Josh Cullen,Burnley,1,,0,3,,205
Craig Pawson,Josh Dasilva,Brentford,1,0,0,0,,748
Craig Pawson,Josh King,Fulham,3,,0,1,,335
Craig Pawson,Josh Laurent,Burnley,1,,0,0,,209
Craig Pawson,Joshua Zirkzee,Man Utd,1,0,0,0,,466
Craig Pawson,Joško Gvardiol,Man City,1,0,0,0,,403
Craig Pawson,Junior Kroupi,Bournemouth,2,0,0,0,,100
Craig Pawson,Jurriën Timber,Arsenal,2,0,0,3,,8
Craig Pawson,Justin Kluivert,Bournemouth,1,0,0,0,,81
Craig Pawson,Karl Darlow,Leeds,1,,0,0,,341
Craig Pawson,Kaye Furo,Brentford,1,0,0,1,,797
Craig Pawson,Keane Lewis-Potter,Brentford,3,0,0,1,,107
Craig Pawson,Kenny Tete,Fulham,3,,0,3,,322
Craig Pawson,Kevin Danso,Spurs,1,0,0,0,,570
Craig Pawson,Kevin Santos Lopes de Macedo,Fulham,4,,0,1,,731
Craig Pawson,Kevin Schade,Brentford,3,1,0,2,,120
Craig Pawson,Kieran Morrison,Liverpool,1,,0,0,,746
Craig Pawson,Kieran Trippier,Newcastle,2,0,0,2,,478
Craig Pawson,Kiernan Dewsbury-Hall,Everton,2,0,0,0,,242
Craig Pawson,Kobbie Mainoo,Man Utd,2,0,0,1,,458
Craig Pawson,Konstantinos Mavropanos,West Ham,2,0,0,2,,606
Craig Pawson,Kristoffer Ajer,Brentford,2,0,0,0,,108
Craig Pawson,Kyle Walker,Burnley,1,,0,0,,187
Craig Pawson,Kyle Walker-Peters,West Ham,2,0,0,1,,659
Craig Pawson,Lamare Bogarde,Aston Villa,1,0,0,0,,44
Craig Pawson,Leandro Trossard,Arsenal,2,0,0,2,,20
Craig Pawson,Leny Yoro,Man Utd,1,0,0,0,,444
Craig Pawson,Leon Bailey,Aston Villa,1,1,0,1,,49
Craig Pawson,Lesley Ugochukwu,Burnley,1,,0,0,,676
Craig Pawson,Levi Samuels Colwill,Chelsea,1,,0,0,,227
Craig Pawson,Lewis Cook,Bournemouth,1,0,0,0,,88
Craig Pawson,Lewis Dunk,Brighton,3,1,0,0,,146
Craig Pawson,Lewis Hall,Newcastle,1,0,0,0,,473
Craig Pawson,Lewis Miley,Newcastle,3,0,0,0,,497
Craig Pawson,Liam Delap,Chelsea,2,,0,2,,250
Craig Pawson,Lisandro Martínez,Man Utd,1,0,0,2,,437
Craig Pawson,Luca Netz,Nott'm Forest,1,0,0,0,,814
Craig Pawson,Lucas Bergvall,Spurs,1,0,0,1,,586
Craig Pawson,Lucas Digne,Aston Villa,2,0,0,3,,37
Craig Pawson,Lucas Pires Silva,Burnley,1,,0,0,,195
Craig Pawson,Lucas Tolentino Coelho de Lima,West Ham,1,0,0,3,,612
Craig Pawson,Lukas Nmecha,Leeds,1,,0,2,,365
Craig Pawson,Luke O'Nien,Sunderland,1,0,0,0,,539
Craig Pawson,Luke Shaw,Man Utd,2,0,0,2,,443
Craig Pawson,Lutsharel Geertruida,Sunderland,2,0,0,1,,724
Craig Pawson,Mads Hermansen,West Ham,2,0,0,0,,679
Craig Pawson,Malick Thiaw,Newcastle,2,0,0,1,,684
Craig Pawson,Malo Gusto,Chelsea,2,,0,4,,228
Craig Pawson,Mamadou Sarr,Chelsea,1,0,0,0,,231
Craig Pawson,Manuel Ugarte Ribeiro,Man Utd,1,0,0,1,,459
Craig Pawson,Marc Cucurella Saseta,Chelsea,2,1,0,4,,224
Craig Pawson,Marc Guéhi,Man City,1,1,0,1,,260
Craig Pawson,Marc Guiu Paz,Chelsea,1,0,0,1,,252
Craig Pawson,Marco Bizot,Aston Villa,2,0,0,0,,33
Craig Pawson,Marcos Senesi Barón,Bournemouth,2,0,0,0,,72
Craig Pawson,Marcus Edwards,Burnley,1,,0,1,,206
Craig Pawson,Marcus Tavernier,Bournemouth,2,1,0,2,,84
Craig Pawson,Mark Travers,Everton,1,0,0,0,,288
Craig Pawson,Martin Dúbravka,Burnley,1,,0,0,,470
Craig Pawson,Martin Ødegaard,Arsenal,1,0,0,1,,17
Craig Pawson,Martín Zubimendi Ibáñez,Arsenal,2,1,0,1,,26
Craig Pawson,Mason Mount,Man Utd,1,0,0,0,,455
Craig Pawson,Mateus Gonçalo Espanha Fernandes,West Ham,2,0,0,1,,708
Craig Pawson,Mateus Mané,Wolves,1,0,0,2,,749
Craig Pawson,Matheus Nunes,Man City,2,0,0,0,,407
Craig Pawson,Matheus Santos Carneiro da Cunha,Man Utd,2,0,0,2,,450
Craig Pawson,Mathias Jensen,Brentford,3,1,0,2,,126
Craig Pawson,Mathys Tel,Spurs,1,0,0,0,,584
Craig Pawson,Mats Wieffer,Brighton,3,0,0,1,,173
Craig Pawson,Matt Doherty,Wolves,1,0,0,0,,632
Craig Pawson,Matt O'Riley,Brighton,1,0,0,0,,164
Craig Pawson,Matthijs de Ligt,Man Utd,1,0,0,1,,436
Craig Pawson,Matty Cash,Aston Villa,2,1,0,5,,36
Craig Pawson,Matz Sels,Nott'm Forest,2,0,0,0,,502
Craig Pawson,Maxim De Cuyper,Brighton,2,0,0,0,,145
Craig Pawson,Maximilian Kilman,West Ham,1,0,0,0,,605
Craig Pawson,Merlin Röhl,Everton,2,,0,4,,728
Craig Pawson,Michael Kayode,Brentford,3,1,0,5,,110
Craig Pawson,Michael Keane,Everton,3,,0,1,,295
Craig Pawson,Micky van de Ven,Spurs,1,0,0,0,,575
Craig Pawson,Mike Trésor Ndayishimiye,Burnley,1,,0,0,,214
Craig Pawson,Mikel Merino Zazón,Arsenal,2,0,0,3,,22
Craig Pawson,Mikkel Damsgaard,Brentford,3,0,0,5,,121
Craig Pawson,Milos Kerkez,Liverpool,4,,0,3,,371
Craig Pawson,Mitoma Kaoru,Brighton,2,0,0,2,,157
Craig Pawson,Mohamed Salah,Liverpool,2,0,0,1,,381
Craig Pawson,Mohammed Kudus,Spurs,1,0,0,1,,582
Craig Pawson,Moisés Caicedo Corozo,Chelsea,2,1,0,5,,241
Craig Pawson,Morgan Gibbs-White,Nott'm Forest,2,0,0,2,,515
Craig Pawson,Morgan Rogers,Aston Villa,2,0,0,3,,47
Craig Pawson,Murillo Costa dos Santos,Nott'm Forest,1,0,0,1,,506
Craig Pawson,Nathan Aké,Man City,2,0,0,0,,405
Craig Pawson,Nathan Collins,Brentford,3,1,0,4,,106
Craig Pawson,Nathan Patterson,Everton,1,,0,0,,296
Craig Pawson,Neco Williams,Nott'm Forest,2,0,0,1,,508
Craig Pawson,Nick Pope,Newcastle,2,0,0,0,,469
Craig Pawson,Nick Woltemade,Newcastle,2,0,0,4,,714
Craig Pawson,Niclas Füllkrug,West Ham,1,0,0,0,,625
Craig Pawson,Nico González Iglesias,Man City,1,0,0,2,,423
Craig Pawson,Nico O'Reilly,Man City,2,0,0,7,,411
Craig Pawson,Nicolás Domínguez,Nott'm Forest,1,0,0,0,,519
Craig Pawson,Nikola Milenković,Nott'm Forest,2,0,0,2,,505
Craig Pawson,Nilson Angulo,Sunderland,1,0,0,1,,813
Craig Pawson,Noah Okafor,Leeds,1,1,0,2,,698
Craig Pawson,Noah Sadiki,Sunderland,2,0,0,0,,552
Craig Pawson,Noni Madueke,Arsenal,1,0,0,0,,18
Craig Pawson,Norberto Bercique Gomes Betuncal,Everton,3,,0,4,,311
Craig Pawson,Nordi Mukiele,Sunderland,2,0,0,1,,694
Craig Pawson,Noussair Mazraoui,Man Utd,1,0,0,0,,438
Craig Pawson,Ola Aina,Nott'm Forest,1,0,0,1,,507
Craig Pawson,Olivier Boscagli,Brighton,1,0,0,0,,143
Craig Pawson,Ollie Scarles,West Ham,1,1,0,1,,608
Craig Pawson,Ollie Watkins,Aston Villa,2,0,0,2,,64
Craig Pawson,Omar Alderete,Sunderland,1,0,0,0,,683
Craig Pawson,Omar Marmoush,Man City,1,1,0,3,,413
Craig Pawson,Omari Hutchinson,Nott'm Forest,2,0,0,2,,693
Craig Pawson,Oscar Bobb,Fulham,1,0,0,2,,424
Craig Pawson,Pablo Felipe Pereira de Jesus,West Ham,1,0,0,3,,785
Craig Pawson,Pape Matar Sarr,Spurs,1,0,0,0,,593
Craig Pawson,Pascal Groß,Brighton,1,0,0,3,,783
Craig Pawson,Pascal Struijk,Leeds,1,,0,2,,343
Craig Pawson,Patrick Dorgu,Man Utd,2,1,0,5,,441
Craig Pawson,Pau Torres,Aston Villa,1,0,0,0,,41
Craig Pawson,Pedro Cardoso de Lima,Wolves,1,0,0,0,,640
Craig Pawson,Pedro Lomba Neto,Chelsea,1,0,0,0,,236
Craig Pawson,Pedro Porro Sauceda,Spurs,1,0,0,1,,568
Craig Pawson,Phil Foden,Man City,1,0,0,0,,414
Craig Pawson,Piero Hincapié,Arsenal,1,0,0,0,,725
Craig Pawson,Randal Kolo Muani,Spurs,1,0,0,2,,726
Craig Pawson,Raúl Jiménez Rodríguez,Fulham,4,,0,6,,337
Craig Pawson,Rayan Aït-Nouri,Man City,1,0,0,1,,402
Craig Pawson,Rayan Cherki,Man City,2,1,0,1,,417
Craig Pawson,Rayan Vitor Simplício Rocha,Bournemouth,2,0,0,0,,807
Craig Pawson,Reece James,Chelsea,1,,0,0,,225
Craig Pawson,Reece Welch,Everton,1,0,0,0,,298
Craig Pawson,Reinildo Mandava,Sunderland,1,1,0,5,,541
Craig Pawson,Reiss Nelson,Brentford,1,0,0,0,,27
Craig Pawson,Riccardo Calafiori,Arsenal,1,0,0,5,,7
Craig Pawson,Richarlison de Andrade,Spurs,1,0,0,2,,597
Craig Pawson,Rico Henry,Brentford,2,0,0,0,,109
Craig Pawson,Rio Ngumoha,Liverpool,1,,0,0,,686
Craig Pawson,Robert Lynch Sánchez,Chelsea,1,0,0,0,,220
Craig Pawson,Robin Roefs,Sunderland,2,0,0,0,,670
Craig Pawson,Rodrigo 'Rodri' Hernandez Cascante,Man City,1,0,0,1,,421
Craig Pawson,Rodrigo Bentancur,Spurs,1,0,0,1,,585
Craig Pawson,Rodrigo Martins Gomes,Wolves,1,0,0,0,,635
Craig Pawson,Rodrigo Muniz Carvalho,Fulham,2,,0,4,,338
Craig Pawson,Romaine Mundle,Sunderland,1,0,0,1,,548
Craig Pawson,Romelle Donovan,Brentford,2,0,0,0,,130
Craig Pawson,Roméo Lavia,Chelsea,2,,0,0,,244
Craig Pawson,Ross Barkley,Aston Villa,1,0,0,0,,55
Craig Pawson,Rúben dos Santos Gato Alves Dias,Man City,2,0,0,0,,408
Craig Pawson,Ryan Christie,Bournemouth,1,0,0,0,,87
Craig Pawson,Ryan Gravenberch,Liverpool,4,,0,5,,390
Craig Pawson,Ryan Sessegnon,Fulham,3,,0,7,,328
Craig Pawson,Ryan Yates,Nott'm Forest,1,0,0,0,,522
Craig Pawson,Sam Johnstone,Wolves,1,0,0,0,,627
Craig Pawson,Samuel Chukwueze,Fulham,1,0,0,0,,727
Craig Pawson,Sander Berge,Fulham,4,1,0,9,,330
Craig Pawson,Sandro Tonali,Newcastle,3,0,0,1,,491
Craig Pawson,Santiago Ignacio Bueno,Wolves,1,0,0,0,,636
Craig Pawson,Saša Lukić,Fulham,3,,0,4,,332
Craig Pawson,Sávio Moreira de Oliveira,Man City,1,0,0,0,,415
Craig Pawson,Sean Longstaff,Leeds,1,,0,1,,493
Craig Pawson,Sean Neave,Newcastle,1,0,0,0,,501
Craig Pawson,Senne Lammens,Man Utd,1,0,0,0,,733
Craig Pawson,Sepp van den Berg,Brentford,3,0,0,1,,113
Craig Pawson,Simon Adingra,Sunderland,1,0,0,0,,543
Craig Pawson,Soungoutou Magassa,West Ham,1,0,0,0,,718
Craig Pawson,Stefanos Tzimas,Brighton,1,0,0,1,,180
Craig Pawson,Sven Botman,Newcastle,1,0,0,1,,475
Craig Pawson,Taiwo Awoniyi,Nott'm Forest,1,1,0,1,,527
Craig Pawson,Tammy Abraham,Aston Villa,1,0,0,1,,808
Craig Pawson,Thierno Barry,Everton,3,,0,3,,310
Craig Pawson,Tijjani Reijnders,Man City,1,0,0,0,,427
Craig Pawson,Tim Iroegbunam,Everton,2,1,0,1,,304
Craig Pawson,Timothy Castagne,Fulham,3,0,0,0,,319
Craig Pawson,Tino Livramento,Newcastle,2,0,0,0,,477
Craig Pawson,Tolu Arokodare,Wolves,1,0,0,0,,720
Craig Pawson,Tom Cairney,Fulham,3,,0,1,,331
Craig Pawson,Tom Edozie,Wolves,1,0,0,0,,651
Craig Pawson,Tom King,Everton,1,0,0,0,,630
Craig Pawson,Tomáš Souček,West Ham,2,0,0,2,,613
Craig Pawson,Tosin Adarabioyo,Chelsea,2,,0,0,,232
Craig Pawson,Toti Gomes,Wolves,1,0,0,0,,637
Craig Pawson,Trai Hume,Sunderland,2,0,0,1,,532
Craig Pawson,Trevoh Chalobah,Chelsea,2,,0,0,,226
Craig Pawson,Trey Nyoni,Liverpool,1,,0,0,,396
Craig Pawson,Tyler Adams,Bournemouth,2,1,0,4,,85
Craig Pawson,Tyler Dibling,Everton,2,1,0,1,,707
Craig Pawson,Tyrone Mings,Aston Villa,2,0,0,0,,40
Craig Pawson,Valentín Castellanos,West Ham,1,1,0,1,,791
Craig Pawson,Veljko Milosavljevic,Bournemouth,1,0,0,0,,721
Craig Pawson,Victor Lindelöf,Aston Villa,1,0,0,0,,719
Craig Pawson,Viktor Gyökeres,Arsenal,1,0,0,1,,666
Craig Pawson,Virgil van Dijk,Liverpool,4,,0,4,,373
Craig Pawson,Vitalii Mykolenko,Everton,3,,0,1,,292
Craig Pawson,Vitaly Janelt,Brentford,2,0,0,0,,125
Craig Pawson,Wesley Fofana,Chelsea,2,,0,2,,230
Craig Pawson,Wilfried Gnonto,Leeds,1,,0,0,,351
Craig Pawson,William Osula,Newcastle,2,0,0,1,,500
Craig Pawson,William Saliba,Arsenal,2,0,0,0,,6
Craig Pawson,Wilson Isidor,Sunderland,2,0,0,2,,560
Craig Pawson,Xavi Simons,Spurs,1,0,0,0,,717
Craig Pawson,Yankuba Minteh,Brighton,3,1,0,4,,160
Craig Pawson,Yasin Ayari,Brighton,3,0,0,3,,166
Craig Pawson,Yehor Yarmoliuk,Brentford,3,0,0,3,,129
Craig Pawson,Yerson Mosquera Valdelamar,Wolves,1,1,0,3,,634
Craig Pawson,Youri Tielemans,Aston Villa,1,0,0,4,,48
Craig Pawson,Zach Abbott,Nott'm Forest,1,0,0,0,,513
Craig Pawson,Zian Flemming,Burnley,1,,0,0,,215
Darren England,Aaron Hickey,Brentford,2,0,0,2,,116
Darren England,Aaron Wan-Bissaka,West Ham,3,0,0,2,,610
Darren England,Abdukodir Khusanov,Man City,2,1,0,1,,406
Darren England,Adam Wharton,Crystal Palace,3,1,1,4,,273
Darren England,Adama Traoré Diarra,West Ham,2,0,0,0,,326
Darren England,Adrien Truffert,Bournemouth,1,0,0,2,,74
Darren England,Alejandro Garnacho Ferreyra,Chelsea,2,0,0,0,,453
Darren England,Alex Iwobi,Fulham,1,0,0,0,,324
Darren England,Álex Jiménez Sánchez,Bournemouth,1,1,0,3,,713
Darren England,Alex Scott,Bournemouth,1,0,0,3,,90
Darren England,Alexander Isak,Liverpool,3,0,0,0,,499
Darren England,Alexis Mac Allister,Liverpool,5,2,0,5,,386
Darren England,Alisson Becker,Liverpool,3,0,0,0,,366
Darren England,Alphonse Areola,West Ham,2,0,0,0,,600
Darren England,Altay Bayındır,Man Utd,2,0,0,0,,431
Darren England,Amad Diallo,Man Utd,3,0,0,3,,452
Darren England,Amadou Onana,Aston Villa,1,0,0,2,,59
Darren England,Amine Adli,Bournemouth,1,0,0,1,,697
Darren England,Andrés García,Aston Villa,1,0,0,0,,42
Darren England,Andrew Robertson,Liverpool,4,,0,0,,372
Darren England,Andrey Nascimento dos Santos,Chelsea,4,1,0,3,,246
Darren England,Andy Irving,West Ham,1,0,0,0,,621
Darren England,Angus Gunn,Nott'm Forest,1,0,0,0,,675
Darren England,Anthony Patterson,Sunderland,1,0,0,0,,528
Darren England,Antoine Semenyo,Man City,1,0,0,1,,82
Darren England,Anton Stach,Leeds,1,1,0,2,,660
Darren England,Archie Gray,Spurs,1,0,0,0,,591
Darren England,Armando Broja,Burnley,1,0,0,0,,680
Darren England,Ármin Pécsi,Liverpool,1,0,0,0,,368
Darren England,Arnaud Kalimuendo,Nott'm Forest,1,0,0,1,,696
Darren England,Arthur Masuaku,Sunderland,1,0,0,0,,678
Darren England,Axel Disasi,West Ham,2,0,0,0,,815
Darren England,Ayden Heaven,Man Utd,2,0,0,0,,447
Darren England,Bafodé Diakité,Bournemouth,1,0,0,0,,685
Darren England,Bart Verbruggen,Brighton,3,,0,0,,139
Darren England,Bashir Humphreys,Burnley,1,1,0,2,,193
Darren England,Benjamin Lecomte,Fulham,1,0,0,0,,664
Darren England,Benjamin Sesko,Man Utd,3,0,0,1,,681
Darren England,Benjamin White,Arsenal,1,0,0,0,,11
Darren England,Benoît Badiashile Mukinayi,Chelsea,3,0,0,4,,229
Darren England,Bernardo Mota Veiga de Carvalho e Silva,Man City,4,0,0,4,,416
Darren England,Bernd Leno,Fulham,1,1,0,0,,314
Darren England,Bertrand Traoré,Sunderland,1,0,0,1,,735
Darren England,Borna Sosa,Crystal Palace,2,0,0,0,,259
Darren England,Brajan Gruda,Brighton,2,1,0,4,,162
Darren England,Brennan Johnson,Crystal Palace,2,1,0,4,,580
Darren England,Brian Brobbey,Sunderland,3,0,0,2,,730
Darren England,Bruno Borges Fernandes,Man Utd,3,1,0,2,,449
Darren England,Bryan Mbeumo,Man Utd,3,0,0,2,,119
Darren England,Bukayo Saka,Arsenal,2,0,0,3,,16
Darren England,Callum Hudson-Odoi,Nott'm Forest,3,0,0,1,,516
Darren England,Callum Wilson,West Ham,3,0,0,2,,671
Darren England,Calvin Bassey,Fulham,1,0,0,0,,318
Darren England,Calvin Ramsay,Liverpool,1,,0,0,,380
Darren England,Caoimhín Kelleher,Brentford,2,0,0,0,,101
Darren England,Carlos Alcaraz Durán,Everton,1,0,0,0,,301
Darren England,Carlos Baleba,Brighton,2,,0,0,,167
Darren England,Carlos Henrique Casimiro,Man Utd,3,0,0,5,,457
Darren England,Chadi Riad Dnanou,Crystal Palace,2,0,0,0,,262
Darren England,Charalampos Kostoulas,Brighton,2,,0,0,,181
Darren England,Chemsdine Talbi,Sunderland,2,0,0,1,,553
Darren England,Chris Richards,Crystal Palace,4,0,0,2,,261
Darren England,Chris Rigg,Sunderland,2,0,0,2,,551
Darren England,Chris Wood,Nott'm Forest,2,0,0,2,,525
Darren England,Christantus Uche,Crystal Palace,2,0,0,0,,732
Darren England,Christian Nørgaard,Arsenal,2,0,0,0,,24
Darren England,Cody Gakpo,Liverpool,5,,0,5,,384
Darren England,Cole Palmer,Chelsea,3,1,0,5,,235
Darren England,Conor Bradley,Liverpool,1,0,0,4,,375
Darren England,Cristhian Mosquera,Arsenal,2,0,0,0,,662
Darren England,Cristian Romero,Spurs,1,0,0,1,,569
Darren England,Crysencio Summerville,West Ham,2,0,0,3,,615
Darren England,Curtis Jones,Liverpool,5,,0,3,,388
Darren England,Daichi Kamada,Crystal Palace,2,1,0,2,,271
Darren England,Dan Ndoye,Nott'm Forest,4,1,0,3,,669
Darren England,Dan Neil,Sunderland,1,0,0,0,,549
Darren England,Dango Ouattara,Brentford,2,1,0,1,,83
Darren England,Daniel Ballard,Sunderland,3,2,0,6,,531
Darren England,Daniel Muñoz Mejía,Crystal Palace,3,2,0,6,,256
Darren England,Danny Welbeck,Brighton,2,1,0,1,,178
Darren England,David Brooks,Bournemouth,1,0,0,0,,86
Darren England,David Raya Martín,Arsenal,3,0,0,0,,1
Darren England,Dean Henderson,Crystal Palace,4,1,0,1,,253
Darren England,Declan Rice,Arsenal,2,0,0,0,,21
Darren England,Dennis Cirkin,Sunderland,1,0,0,0,,535
Darren England,Diego Coppola,Brighton,2,1,0,2,,144
Darren England,Diego Gómez Amarilla,Brighton,2,1,0,4,,169
Darren England,Dilane Bakwa,Nott'm Forest,2,0,0,0,,734
Darren England,Diogo Dalot Teixeira,Man Utd,3,0,0,1,,440
Darren England,Djed Spence,Spurs,1,0,0,0,,573
Darren England,Dominic Calvert-Lewin,Leeds,1,0,0,0,,691
Darren England,Dominik Szoboszlai,Liverpool,5,2,0,10,,387
Darren England,Donyell Malen,Aston Villa,1,0,0,0,,53
Darren England,Đorđe Petrović,Bournemouth,1,0,0,0,,67
Darren England,Dwight McNeil,Everton,1,0,0,0,,300
Darren England,Eberechi Eze,Arsenal,2,0,0,1,,266
Darren England,Eddie Nketiah,Crystal Palace,1,0,0,0,,284
Darren England,El Hadji Malick Diouf,West Ham,3,2,0,4,,603
Darren England,Eliezer Mayenda Dossou,Sunderland,2,0,0,0,,561
Darren England,Elliot Anderson,Nott'm Forest,4,1,0,7,,517
Darren England,Emile Smith Rowe,Fulham,1,0,0,0,,325
Darren England,Emiliano Buendía Stati,Aston Villa,1,0,0,2,,50
Darren England,Emiliano Martínez Romero,Aston Villa,1,0,0,0,,32
Darren England,Endo Wataru,Liverpool,2,0,0,0,,392
Darren England,Enes Ünal,Bournemouth,1,0,0,1,,98
Darren England,Enzo Fernández,Chelsea,4,1,0,0,,237
Darren England,Enzo Le Fée,Sunderland,3,1,0,4,,547
Darren England,Erling Haaland,Man City,4,0,0,3,,430
Darren England,Estêvão Almeida de Oliveira Gonçalves,Chelsea,3,2,0,2,,238
Darren England,Ethan Ampadu,Leeds,1,0,0,1,,354
Darren England,Ethan Nwaneri,Arsenal,1,0,0,1,,25
Darren England,Ethan Pinnock,Brentford,1,0,0,0,,111
Darren England,Ezri Konsa Ngoyo,Aston Villa,1,0,0,0,,38
Darren England,Fábio Freitas Gouveia Carvalho,Brentford,1,0,0,0,,123
Darren England,Federico Chiesa,Liverpool,4,1,0,1,,385
Darren England,Felipe Rodrigues da Silva,Nott'm Forest,3,0,0,1,,511
Darren England,Ferdi Kadıoğlu,Brighton,2,,0,1,,148
Darren England,Filip Jörgensen,Chelsea,1,0,0,0,,221
Darren England,Florentino Ibrain Morris Luís,Burnley,1,1,0,2,,722
Darren England,Florian Wirtz,Liverpool,5,,0,3,,382
Darren England,Francisco Evanilson de Lima Barbosa,Bournemouth,1,0,0,0,,97
Darren England,Frank Onyeka,Brentford,1,0,0,0,,128
Darren England,Freddie Potts,West Ham,3,0,0,1,,623
Darren England,Freddie Woodman,Liverpool,2,,0,0,,369
Darren England,Gabriel dos Santos Magalhães,Arsenal,3,1,0,1,,5
Darren England,Gabriel Fernando de Jesus,Arsenal,2,1,0,1,,31
Darren England,Gabriel Gudmundsson,Leeds,1,0,0,2,,347
Darren England,Gabriel Martinelli Silva,Arsenal,2,0,0,0,,19
Darren England,George Hemmings,Aston Villa,1,0,0,0,,754
Darren England,Georginio Rutter,Brighton,3,,0,0,,158
Darren England,Gianluigi Donnarumma,Man City,3,0,0,0,,736
Darren England,Giorgi Mamardashvili,Liverpool,3,,0,0,,367
Darren England,Granit Xhaka,Sunderland,3,1,0,0,,668
Darren England,Guglielmo Vicario,Spurs,1,0,0,0,,565
Darren England,Guido Rodríguez,West Ham,1,0,0,0,,618
Darren England,Habib Diarra,Sunderland,2,1,0,1,,544
Darren England,Hákon Rafn Valdimarsson,Brentford,1,0,0,0,,105
Darren England,Hannibal Mejbri,Burnley,1,0,0,1,,207
Darren England,Harrison Armstrong,Everton,1,0,0,0,,305
Darren England,Harrison Jones,Sunderland,1,0,0,0,,557
Darren England,Harrison Reed,Fulham,1,0,0,0,,336
Darren England,Harry Maguire,Man Utd,2,1,0,0,,442
Darren England,Harry Wilson,Fulham,1,1,0,0,,329
Darren England,Hugo Ekitiké,Liverpool,3,,0,1,,661
Darren England,Ibrahim Sangaré,Nott'm Forest,4,1,0,1,,521
Darren England,Ibrahima Konaté,Liverpool,5,2,0,5,,374
Darren England,Idrissa Gana Gueye,Everton,2,0,0,3,,302
Darren England,Igor Jesus Maciel da Cruz,Nott'm Forest,3,1,0,3,,526
Darren England,Igor Thiago Nascimento Rodrigues,Brentford,2,0,0,1,,136
Darren England,Ilia Gruev,Leeds,1,0,0,0,,356
Darren England,Iliman Ndiaye,Everton,2,1,0,3,,299
Darren England,Ismaïla Sarr,Crystal Palace,4,0,0,4,,267
Darren England,Jack Grealish,Everton,1,1,0,0,,419
Darren England,Jack Hinshelwood,Brighton,3,,0,6,,163
Darren England,Jack Moorhouse,Man Utd,1,0,0,0,,464
Darren England,Jacob Bruun Larsen,Burnley,1,0,0,0,,202
Darren England,Jadon Sancho,Aston Villa,1,0,0,0,,456
Darren England,Jaidon Anthony,Burnley,1,0,0,0,,200
Darren England,Jair Paula da Cunha Filho,Nott'm Forest,2,0,0,0,,510
Darren England,Jaka Bijol,Leeds,1,0,0,2,,344
Darren England,Jake O'Brien,Everton,1,0,0,0,,293
Darren England,Jamaldeen Jimoh-Aloba,Aston Villa,1,0,0,0,,62
Darren England,James Garner,Everton,2,0,0,4,,303
Darren England,James Hill,Bournemouth,1,0,0,1,,77
Darren England,James Justin,Leeds,1,0,0,0,,706
Darren England,James McAtee,Nott'm Forest,3,0,0,0,,426
Darren England,James Milner,Brighton,3,,0,2,,170
Darren England,James Tarkowski,Everton,2,1,0,0,,291
Darren England,James Trafford,Man City,2,0,0,0,,182
Darren England,Jamie Bynoe-Gittens,Chelsea,3,0,0,2,,239
Darren England,Jan Paul van Hecke,Brighton,2,,0,1,,151
Darren England,Jarrad Branthwaite,Everton,1,0,0,1,,290
Darren England,Jarrod Bowen,West Ham,3,0,0,2,,624
Darren England,Jason Steele,Brighton,1,,0,0,,138
Darren England,Jaydee Canvot,Crystal Palace,2,1,0,1,,723
Darren England,Jayden Bogle,Leeds,1,0,0,1,,342
Darren England,Jean-Clair Todibo,West Ham,2,0,0,0,,609
Darren England,Jean-Philippe Mateta,Crystal Palace,4,1,0,2,,283
Darren England,Jefferson Lerma Solís,Crystal Palace,3,1,0,4,,272
Darren England,Jeremie Frimpong,Liverpool,3,1,0,3,,370
Darren England,Jérémy Doku,Man City,3,0,0,2,,418
Darren England,Joachim Andersen,Fulham,1,0,0,0,,317
Darren England,João Maria Lobo Alves Palhares Costa Palhinha Gonçalves,Spurs,1,0,0,1,,673
Darren England,João Pedro Junqueira de Jesus,Chelsea,4,0,0,5,,249
Darren England,Joe Gomez,Liverpool,4,,0,1,,376
Darren England,Joe Rodon,Leeds,1,0,0,0,,348
Darren England,Joël Piroe,Leeds,1,0,0,0,,362
Darren England,Joël Veltman,Brighton,3,,0,1,,152
Darren England,John McGinn,Aston Villa,1,0,0,1,,54
Darren England,John Stones,Man City,2,0,0,0,,409
Darren England,Jonah Kusi-Asare,Fulham,1,0,0,0,,737
Darren England,Jordan Henderson,Brentford,2,2,0,1,,124
Darren England,Jordan Pickford,Everton,2,1,0,0,,287
Darren England,Jorge Cuenca Barreno,Fulham,1,0,0,0,,321
Darren England,Jørgen Strand Larsen,Crystal Palace,1,0,0,1,,654
Darren England,Jorrel Hato,Chelsea,2,1,0,3,,672
Darren England,Josh Acheampong,Chelsea,2,0,0,0,,233
Darren England,Josh King,Fulham,1,0,0,0,,335
Darren England,Josh Laurent,Burnley,1,1,0,1,,209
Darren England,Joshua Zirkzee,Man Utd,2,0,0,0,,466
Darren England,Joško Gvardiol,Man City,2,0,0,2,,403
Darren England,Junior Kroupi,Bournemouth,1,0,0,1,,100
Darren England,Jurriën Timber,Arsenal,3,0,0,2,,8
Darren England,Justin Devenny,Crystal Palace,2,0,0,0,,276
Darren England,Kai Havertz,Arsenal,1,0,0,0,,30
Darren England,Keane Lewis-Potter,Brentford,1,0,0,0,,107
Darren England,Kenny Tete,Fulham,1,0,0,1,,322
Darren England,Kepa Arrizabalaga Revuelta,Arsenal,1,0,0,0,,2
Darren England,Kevin Santos Lopes de Macedo,Fulham,1,0,0,0,,731
Darren England,Kevin Schade,Brentford,2,1,0,4,,120
Darren England,Kieran Morrison,Liverpool,2,,0,0,,746
Darren England,Kiernan Dewsbury-Hall,Everton,2,1,0,1,,242
Darren England,Kobbie Mainoo,Man Utd,2,0,0,2,,458
Darren England,Konstantinos Mavropanos,West Ham,3,0,0,1,,606
Darren England,Kristoffer Ajer,Brentford,2,0,0,1,,108
Darren England,Kyle Walker,Burnley,1,0,0,0,,187
Darren England,Kyle Walker-Peters,West Ham,3,0,0,0,,659
Darren England,Lamare Bogarde,Aston Villa,1,1,0,1,,44
Darren England,Leandro Trossard,Arsenal,3,0,0,4,,20
Darren England,Leny Yoro,Man Utd,3,0,0,0,,444
Darren England,Lesley Ugochukwu,Burnley,1,0,0,2,,676
Darren England,Lewis Cook,Bournemouth,1,1,0,3,,88
Darren England,Lewis Dunk,Brighton,2,1,0,0,,146
Darren England,Liam Delap,Chelsea,4,0,0,2,,250
Darren England,Loum Tchaouna,Burnley,1,0,0,0,,210
Darren England,Luca Netz,Nott'm Forest,1,0,0,1,,814
Darren England,Lucas Bergvall,Spurs,1,0,0,3,,586
Darren England,Lucas Digne,Aston Villa,1,0,0,0,,37
Darren England,Lucas Estella Perri,Leeds,1,0,0,0,,665
Darren England,Lucas Pires Silva,Burnley,1,0,0,0,,195
Darren England,Lucas Tolentino Coelho de Lima,West Ham,1,1,1,3,,612
Darren England,Luis Guilherme Lira dos Santos,West Ham,1,0,0,0,,619
Darren England,Lukas Nmecha,Leeds,1,0,0,1,,365
Darren England,Luke O'Nien,Sunderland,2,0,0,0,,539
Darren England,Luke Shaw,Man Utd,3,1,0,3,,443
Darren England,Lutsharel Geertruida,Sunderland,3,0,0,2,,724
Darren England,Lyle Foster,Burnley,1,0,0,0,,217
Darren England,Mads Hermansen,West Ham,3,0,0,0,,679
Darren England,Malo Gusto,Chelsea,4,0,0,0,,228
Darren England,Mamadou Sarr,Chelsea,1,0,0,0,,231
Darren England,Manuel Ugarte Ribeiro,Man Utd,2,0,0,0,,459
Darren England,Marc Cucurella Saseta,Chelsea,3,0,0,4,,224
Darren England,Marc Guéhi,Man City,2,0,0,1,,260
Darren England,Marc Guiu Paz,Chelsea,2,0,0,0,,252
Darren England,Marcos Senesi Barón,Bournemouth,1,0,0,1,,72
Darren England,Marcus Edwards,Burnley,1,0,0,1,,206
Darren England,Marcus Tavernier,Bournemouth,1,0,0,1,,84
Darren England,Martin Dúbravka,Burnley,1,0,0,0,,470
Darren England,Martin Ødegaard,Arsenal,2,0,0,3,,17
Darren England,Martín Zubimendi Ibáñez,Arsenal,3,0,0,5,,26
Darren England,Mason Mount,Man Utd,1,0,0,0,,455
Darren England,Mateus Gonçalo Espanha Fernandes,West Ham,3,0,0,4,,708
Darren England,Matheus Nunes,Man City,4,1,0,3,,407
Darren England,Matheus Santos Carneiro da Cunha,Man Utd,3,0,0,4,,450
Darren England,Mathias Jensen,Brentford,2,0,0,1,,126
Darren England,Mathys Tel,Spurs,1,0,0,0,,584
Darren England,Mats Wieffer,Brighton,2,1,0,1,,173
Darren England,Matthijs de Ligt,Man Utd,1,0,0,0,,436
Darren England,Matz Sels,Nott'm Forest,4,1,0,0,,502
Darren England,Maxence Lacroix,Crystal Palace,4,0,0,3,,257
Darren England,Maxim De Cuyper,Brighton,3,,0,0,,145
Darren England,Maxime Estève,Burnley,1,0,0,2,,191
Darren England,Maximilian Kilman,West Ham,1,0,0,0,,605
Darren England,Merlin Röhl,Everton,1,0,0,0,,728
Darren England,Michael Kayode,Brentford,2,0,0,3,,110
Darren England,Michael Keane,Everton,2,0,0,0,,295
Darren England,Micky van de Ven,Spurs,1,1,0,0,,575
Darren England,Mikel Merino Zazón,Arsenal,2,1,0,4,,22
Darren England,Mikkel Damsgaard,Brentford,2,0,0,1,,121
Darren England,Milos Kerkez,Liverpool,5,,0,6,,371
Darren England,Mitoma Kaoru,Brighton,3,,0,9,,157
Darren England,Mohamadou Kanté,West Ham,1,0,0,0,,758
Darren England,Mohamed Salah,Liverpool,3,0,0,0,,381
Darren England,Moisés Caicedo Corozo,Chelsea,3,1,0,6,,241
Darren England,Morgan Gibbs-White,Nott'm Forest,4,0,0,2,,515
Darren England,Morgan Rogers,Aston Villa,1,1,0,0,,47
Darren England,Murillo Costa dos Santos,Nott'm Forest,3,1,0,1,,506
Darren England,Myles Lewis-Skelly,Arsenal,3,0,0,1,,10
Darren England,Nathan Aké,Man City,1,0,0,0,,405
Darren England,Nathan Collins,Brentford,2,1,0,1,,106
Darren England,Nathan Patterson,Everton,1,0,0,0,,296
Darren England,Nathaniel Clyne,Crystal Palace,2,0,0,0,,263
Darren England,Neco Williams,Nott'm Forest,4,2,0,4,,508
Darren England,Niclas Füllkrug,West Ham,1,0,0,1,,625
Darren England,Nico González Iglesias,Man City,3,0,0,4,,423
Darren England,Nico O'Reilly,Man City,3,1,0,0,,411
Darren England,Nicolás Domínguez,Nott'm Forest,2,1,0,2,,519
Darren England,Nicolò Savona,Nott'm Forest,2,0,0,1,,716
Darren England,Nikola Milenković,Nott'm Forest,4,1,0,4,,505
Darren England,Noah Okafor,Leeds,1,0,0,0,,698
Darren England,Noah Sadiki,Sunderland,2,0,0,4,,552
Darren England,Noni Madueke,Arsenal,3,0,0,1,,18
Darren England,Norberto Bercique Gomes Betuncal,Everton,2,0,0,0,,311
Darren England,Nordi Mukiele,Sunderland,3,0,0,7,,694
Darren England,Noussair Mazraoui,Man Utd,3,2,0,1,,438
Darren England,Ola Aina,Nott'm Forest,2,0,0,0,,507
Darren England,Olivier Boscagli,Brighton,2,,0,1,,143
Darren England,Ollie Scarles,West Ham,2,0,0,0,,608
Darren England,Ollie Watkins,Aston Villa,1,1,0,2,,64
Darren England,Omar Alderete,Sunderland,3,0,0,3,,683
Darren England,Omar Marmoush,Man City,3,0,0,1,,413
Darren England,Omari Hutchinson,Nott'm Forest,2,0,0,1,,693
Darren England,Pablo Felipe Pereira de Jesus,West Ham,2,0,0,4,,785
Darren England,Pascal Groß,Brighton,1,,0,1,,783
Darren England,Pascal Struijk,Leeds,1,0,0,1,,343
Darren England,Patrick Dorgu,Man Utd,2,0,0,2,,441
Darren England,Pedro Lomba Neto,Chelsea,4,1,1,3,,236
Darren England,Pedro Porro Sauceda,Spurs,1,1,0,1,,568
Darren England,Phil Foden,Man City,3,0,0,1,,414
Darren England,Piero Hincapié,Arsenal,2,0,0,3,,725
Darren England,Randal Kolo Muani,Spurs,1,1,0,2,,726
Darren England,Raúl Jiménez Rodríguez,Fulham,1,1,0,3,,337
Darren England,Rayan Aït-Nouri,Man City,3,1,0,7,,402
Darren England,Rayan Cherki,Man City,2,0,0,2,,417
Darren England,Reece James,Chelsea,3,1,0,3,,225
Darren England,Reinildo Mandava,Sunderland,2,1,0,1,,541
Darren England,Reiss Nelson,Brentford,1,0,0,0,,27
Darren England,Riccardo Calafiori,Arsenal,2,1,0,2,,7
Darren England,Richarlison de Andrade,Spurs,1,0,0,0,,597
Darren England,Rico Lewis,Man City,2,0,0,0,,410
Darren England,Rio Cardines,Crystal Palace,1,0,0,0,,690
Darren England,Rio Ngumoha,Liverpool,4,,0,2,,686
Darren England,Robert Lynch Sánchez,Chelsea,4,0,0,0,,220
Darren England,Robin Roefs,Sunderland,3,0,0,0,,670
Darren England,Rodrigo 'Rodri' Hernandez Cascante,Man City,3,0,0,1,,421
Darren England,Rodrigo Bentancur,Spurs,1,0,0,0,,585
Darren England,Romaine Mundle,Sunderland,1,0,0,0,,548
Darren England,Romelle Donovan,Brentford,1,0,0,0,,130
Darren England,Roméo Lavia,Chelsea,1,0,0,0,,244
Darren England,Rúben dos Santos Gato Alves Dias,Man City,4,0,0,1,,408
Darren England,Ryan Gravenberch,Liverpool,5,,0,4,,390
Darren England,Ryan Sessegnon,Fulham,1,0,0,0,,328
Darren England,Ryan Yates,Nott'm Forest,4,1,0,7,,522
Darren England,Samuel Chukwueze,Fulham,1,0,0,0,,727
Darren England,Sander Berge,Fulham,1,0,0,1,,330
Darren England,Sávio Moreira de Oliveira,Man City,3,0,0,0,,415
Darren England,Séamus Coleman,Everton,1,0,0,0,,294
Darren England,Sebastiaan Bornauw,Leeds,1,0,0,0,,345
Darren England,Senne Lammens,Man Utd,3,0,0,0,,733
Darren England,Sepp van den Berg,Brentford,2,0,0,2,,113
Darren England,Simon Adingra,Sunderland,2,0,0,4,,543
Darren England,Soungoutou Magassa,West Ham,2,1,0,2,,718
Darren England,Taiwo Awoniyi,Nott'm Forest,3,0,0,0,,527
Darren England,Tanaka Ao,Leeds,1,0,0,0,,358
Darren England,Thierno Barry,Everton,2,0,0,4,,310
Darren England,Tijjani Reijnders,Man City,4,0,0,0,,427
Darren England,Tim Iroegbunam,Everton,1,0,0,2,,304
Darren England,Timothy Castagne,Fulham,1,0,0,0,,319
Darren England,Tom Cairney,Fulham,1,0,0,0,,331
Darren England,Tom King,Everton,1,0,0,0,,630
Darren England,Tom Watson,Brighton,1,0,0,0,,172
Darren England,Tomáš Souček,West Ham,3,0,0,1,,613
Darren England,Tosin Adarabioyo,Chelsea,2,0,0,2,,232
Darren England,Trai Hume,Sunderland,3,1,0,1,,532
Darren England,Trevoh Chalobah,Chelsea,4,0,0,3,,226
Darren England,Trey Nyoni,Liverpool,4,,0,1,,396
Darren England,Tyler Dibling,Everton,2,0,0,1,,707
Darren England,Tyrell Malacia,Man Utd,2,0,0,0,,448
Darren England,Tyrick Mitchell,Crystal Palace,4,0,0,2,,258
Darren England,Tyrique George,Everton,1,0,0,0,,243
Darren England,Valentín Castellanos,West Ham,2,0,0,4,,791
Darren England,Veljko Milosavljevic,Bournemouth,1,0,0,0,,721
Darren England,Victor Lindelöf,Aston Villa,1,0,0,0,,719
Darren England,Viktor Gyökeres,Arsenal,3,0,0,3,,666
Darren England,Virgil van Dijk,Liverpool,5,,0,2,,373
Darren England,Vitalii Mykolenko,Everton,2,0,0,3,,292
Darren England,Vitaly Janelt,Brentford,2,1,0,0,,125
Darren England,Walter Benítez,Crystal Palace,1,0,0,0,,254
Darren England,Wesley Fofana,Chelsea,1,0,0,0,,230
Darren England,Will Hughes,Crystal Palace,4,1,0,2,,270
Darren England,William Saliba,Arsenal,2,0,0,2,,6
Darren England,Wilson Isidor,Sunderland,3,0,0,2,,560
Darren England,Wilson Odobert,Spurs,1,0,0,1,,588
Darren England,Xavi Simons,Spurs,1,0,0,1,,717
Darren England,Yankuba Minteh,Brighton,3,1,0,3,,160
Darren England,Yasin Ayari,Brighton,3,,0,1,,166
Darren England,Yehor Yarmoliuk,Brentford,1,0,0,1,,129
Darren England,Yéremy Pino Santos,Crystal Palace,3,0,0,4,,712
Darren England,Youri Tielemans,Aston Villa,1,0,0,1,,48
Darren England,Zian Flemming,Burnley,1,0,0,0,,215
Farai Hallam,Abdukodir Khusanov,Man City,1,0,0,2,,406
Farai Hallam,Adam Armstrong,Wolves,1,,0,0,,817
Farai Hallam,Adam Wharton,Crystal Palace,2,0,0,1,,273
Farai Hallam,André Trindade da Costa Neto,Wolves,2,,0,5,,643
Farai Hallam,Angel Gomes,Wolves,1,,0,0,,816
Farai Hallam,Antoine Semenyo,Man City,1,0,0,3,,82
Farai Hallam,Ashley Barnes,Burnley,1,0,0,0,,218
Farai Hallam,Bashir Humphreys,Burnley,1,0,0,0,,193
Farai Hallam,Bernardo Mota Veiga de Carvalho e Silva,Man City,1,0,0,2,,416
Farai Hallam,Borna Sosa,Crystal Palace,1,0,0,0,,259
Farai Hallam,Brenden Aaronson,Leeds,1,1,0,0,,350
Farai Hallam,Brennan Johnson,Crystal Palace,2,0,0,0,,580
Farai Hallam,Bukayo Saka,Arsenal,1,0,0,0,,16
Farai Hallam,Caoimhín Kelleher,Brentford,1,0,0,0,,101
Farai Hallam,Chadi Riad Dnanou,Crystal Palace,2,0,0,2,,262
Farai Hallam,Chris Richards,Crystal Palace,1,1,0,1,,261
Farai Hallam,Christantus Uche,Crystal Palace,1,0,0,1,,732
Farai Hallam,Christian Nørgaard,Arsenal,1,0,0,2,,24
Farai Hallam,Cristhian Mosquera,Arsenal,1,0,0,1,,662
Farai Hallam,Daichi Kamada,Crystal Palace,2,0,0,0,,271
Farai Hallam,Dango Ouattara,Brentford,1,0,0,2,,83
Farai Hallam,Daniel Bentley,Wolves,1,,0,0,,629
Farai Hallam,Daniel Muñoz Mejía,Crystal Palace,2,0,0,2,,256
Farai Hallam,David Møller Wolfe,Wolves,1,,0,0,,682
Farai Hallam,Dean Henderson,Crystal Palace,2,0,0,0,,253
Farai Hallam,Declan Rice,Arsenal,1,0,0,0,,21
Farai Hallam,Dominic Calvert-Lewin,Leeds,1,,0,2,,691
Farai Hallam,Dwight McNeil,Everton,1,0,0,0,,300
Farai Hallam,Eberechi Eze,Arsenal,1,0,0,0,,266
Farai Hallam,Erling Haaland,Man City,1,0,0,0,,430
Farai Hallam,Ethan Ampadu,Leeds,1,,0,1,,354
Farai Hallam,Ethan Pinnock,Brentford,1,0,0,0,,111
Farai Hallam,Evann Guessand,Crystal Palace,2,0,0,0,,677
Farai Hallam,Facundo Buonanotte,Leeds,1,,0,0,,168
Farai Hallam,Florentino Ibrain Morris Luís,Burnley,1,0,0,0,,722
Farai Hallam,Gabriel dos Santos Magalhães,Arsenal,1,0,0,1,,5
Farai Hallam,Gabriel Fernando de Jesus,Arsenal,1,1,0,3,,31
Farai Hallam,Gabriel Gudmundsson,Leeds,1,,0,1,,347
Farai Hallam,Gabriel Martinelli Silva,Arsenal,1,0,0,0,,19
Farai Hallam,Gianluigi Donnarumma,Man City,1,0,0,0,,736
Farai Hallam,Hákon Rafn Valdimarsson,Brentford,1,0,0,0,,105
Farai Hallam,Hannibal Mejbri,Burnley,1,1,0,0,,207
Farai Hallam,Hjalmar Ekdal,Burnley,1,0,0,0,,190
Farai Hallam,Hugo Bueno López,Wolves,2,1,0,1,,633
Farai Hallam,Hwang Hee-chan,Wolves,2,,0,2,,642
Farai Hallam,Idrissa Gana Gueye,Everton,1,0,0,1,,302
Farai Hallam,Igor Thiago Nascimento Rodrigues,Brentford,1,0,0,1,,136
Farai Hallam,Ilia Gruev,Leeds,1,,0,0,,356
Farai Hallam,Iliman Ndiaye,Everton,1,0,0,0,,299
Farai Hallam,Ismaïla Sarr,Crystal Palace,2,0,0,1,,267
Farai Hallam,Jackson Tchatchoua,Wolves,2,,0,0,,695
Farai Hallam,Jacob Bruun Larsen,Burnley,1,0,0,0,,202
Farai Hallam,Jaidon Anthony,Burnley,1,0,0,0,,200
Farai Hallam,Jaka Bijol,Leeds,1,,0,0,,344
Farai Hallam,Jake O'Brien,Everton,1,0,0,0,,293
Farai Hallam,James Garner,Everton,1,1,0,1,,303
Farai Hallam,James Justin,Leeds,1,1,0,1,,706
Farai Hallam,James Tarkowski,Everton,1,0,0,0,,291
Farai Hallam,James Ward-Prowse,Burnley,1,0,0,0,,614
Farai Hallam,Jarrad Branthwaite,Everton,1,0,0,0,,290
Farai Hallam,Jaydee Canvot,Crystal Palace,1,0,0,0,,723
Farai Hallam,Jayden Bogle,Leeds,1,,0,1,,342
Farai Hallam,Jean-Philippe Mateta,Crystal Palace,1,0,0,1,,283
Farai Hallam,Jean-Ricner Bellegarde,Wolves,1,,0,1,,644
Farai Hallam,Jefferson Lerma Solís,Crystal Palace,2,1,0,1,,272
Farai Hallam,Jérémy Doku,Man City,1,0,0,0,,418
Farai Hallam,Jhon Arias,Wolves,1,0,0,2,,663
Farai Hallam,João Victor Gomes da Silva,Wolves,2,,0,7,,646
Farai Hallam,Joe Rodon,Leeds,1,,0,0,,348
Farai Hallam,Joe Worrall,Burnley,1,0,0,1,,199
Farai Hallam,Joël Piroe,Leeds,1,,0,0,,362
Farai Hallam,Jordan Pickford,Everton,1,1,0,1,,287
Farai Hallam,Jørgen Strand Larsen,Crystal Palace,2,0,0,6,,654
Farai Hallam,José Malheiro de Sá,Wolves,1,0,0,0,,628
Farai Hallam,Josh Laurent,Burnley,1,0,0,3,,209
Farai Hallam,Justin Devenny,Crystal Palace,2,0,0,1,,276
Farai Hallam,Kai Havertz,Arsenal,1,0,0,1,,30
Farai Hallam,Karl Darlow,Leeds,1,,0,0,,341
Farai Hallam,Keane Lewis-Potter,Brentford,1,0,0,1,,107
Farai Hallam,Kepa Arrizabalaga Revuelta,Arsenal,1,0,0,0,,2
Farai Hallam,Kevin Schade,Brentford,1,0,0,1,,120
Farai Hallam,Kiernan Dewsbury-Hall,Everton,1,0,0,1,,242
Farai Hallam,Kristoffer Ajer,Brentford,1,0,0,0,,108
Farai Hallam,Kyle Walker,Burnley,1,0,0,0,,187
Farai Hallam,Ladislav Krejcí,Wolves,2,,0,2,,709
Farai Hallam,Lesley Ugochukwu,Burnley,1,0,0,1,,676
Farai Hallam,Loum Tchaouna,Burnley,1,0,0,0,,210
Farai Hallam,Lucas Estella Perri,Leeds,1,,0,0,,665
Farai Hallam,Lucas Pires Silva,Burnley,1,0,0,0,,195
Farai Hallam,Lukas Nmecha,Leeds,1,,0,0,,365
Farai Hallam,Lyle Foster,Burnley,1,0,0,1,,217
Farai Hallam,Marc Guéhi,Man City,1,0,0,0,,260
Farai Hallam,Marcus Edwards,Burnley,1,0,0,0,,206
Farai Hallam,Mark Travers,Everton,1,0,0,0,,288
Farai Hallam,Martin Dúbravka,Burnley,1,0,0,0,,470
Farai Hallam,Martin Ødegaard,Arsenal,1,0,0,0,,17
Farai Hallam,Martín Zubimendi Ibáñez,Arsenal,1,0,0,1,,26
Farai Hallam,Mateus Mané,Wolves,2,,0,4,,749
Farai Hallam,Matheus Nunes,Man City,1,1,0,1,,407
Farai Hallam,Mathias Jensen,Brentford,1,0,0,0,,126
Farai Hallam,Max Dowman,Arsenal,1,0,0,1,,700
Farai Hallam,Max Weiß,Burnley,1,0,0,0,,183
Farai Hallam,Maxence Lacroix,Crystal Palace,2,0,0,1,,257
Farai Hallam,Maxime Estève,Burnley,1,0,0,0,,191
Farai Hallam,Merlin Röhl,Everton,1,0,0,0,,728
Farai Hallam,Michael Kayode,Brentford,1,0,0,0,,110
Farai Hallam,Michael Keane,Everton,1,0,0,0,,295
Farai Hallam,Mikel Merino Zazón,Arsenal,1,0,0,1,,22
Farai Hallam,Mikkel Damsgaard,Brentford,1,0,0,1,,121
Farai Hallam,Myles Lewis-Skelly,Arsenal,1,0,0,1,,10
Farai Hallam,Nathan Collins,Brentford,1,0,0,0,,106
Farai Hallam,Nathan Patterson,Everton,1,0,0,0,,296
Farai Hallam,Nathaniel Clyne,Crystal Palace,2,0,0,0,,263
Farai Hallam,Nico O'Reilly,Man City,1,0,0,2,,411
Farai Hallam,Noah Okafor,Leeds,1,,0,0,,698
Farai Hallam,Noni Madueke,Arsenal,1,0,0,0,,18
Farai Hallam,Norberto Bercique Gomes Betuncal,Everton,1,0,0,1,,311
Farai Hallam,Omar Marmoush,Man City,1,0,0,1,,413
Farai Hallam,Pascal Struijk,Leeds,1,,0,0,,343
Farai Hallam,Pedro Cardoso de Lima,Wolves,1,,0,2,,640
Farai Hallam,Phil Foden,Man City,1,0,0,1,,414
Farai Hallam,Piero Hincapié,Arsenal,1,0,0,0,,725
Farai Hallam,Rayan Cherki,Man City,1,0,0,1,,417
Farai Hallam,Reiss Nelson,Brentford,1,0,0,0,,27
Farai Hallam,Riccardo Calafiori,Arsenal,1,0,0,0,,7
Farai Hallam,Rio Cardines,Crystal Palace,1,0,0,0,,690
Farai Hallam,Rodrigo 'Rodri' Hernandez Cascante,Man City,1,0,0,2,,421
Farai Hallam,Rodrigo Martins Gomes,Wolves,2,,0,0,,635
Farai Hallam,Romelle Donovan,Brentford,1,0,0,0,,130
Farai Hallam,Santiago Ignacio Bueno,Wolves,2,,0,2,,636
Farai Hallam,Séamus Coleman,Everton,1,0,0,0,,294
Farai Hallam,Sean Longstaff,Leeds,1,,0,0,,493
Farai Hallam,Sebastiaan Bornauw,Leeds,1,,0,0,,345
Farai Hallam,Sepp van den Berg,Brentford,1,0,0,0,,113
Farai Hallam,Tanaka Ao,Leeds,1,,0,3,,358
Farai Hallam,Thierno Barry,Everton,1,0,0,1,,310
Farai Hallam,Tijjani Reijnders,Man City,1,0,0,1,,427
Farai Hallam,Tim Iroegbunam,Everton,1,0,0,0,,304
Farai Hallam,Tolu Arokodare,Wolves,2,,0,0,,720
Farai Hallam,Tom Edozie,Wolves,1,,0,0,,651
Farai Hallam,Tommy Setford,Arsenal,1,0,0,0,,4
Farai Hallam,Toti Gomes,Wolves,1,,0,1,,637
Farai Hallam,Tyler Dibling,Everton,1,0,0,0,,707
Farai Hallam,Tyrick Mitchell,Crystal Palace,2,0,0,1,,258
Farai Hallam,Tyrique George,Everton,1,0,0,0,,243
Farai Hallam,Viktor Gyökeres,Arsenal,1,0,0,0,,666
Farai Hallam,Vitalii Mykolenko,Everton,1,0,0,1,,292
Farai Hallam,Walter Benítez,Crystal Palace,2,0,0,0,,254
Farai Hallam,Wilfried Gnonto,Leeds,1,,0,0,,351
Farai Hallam,Will Hughes,Crystal Palace,2,0,0,1,,270
Farai Hallam,Yehor Yarmoliuk,Brentford,1,0,0,0,,129
Farai Hallam,Yéremy Pino Santos,Crystal Palace,2,0,0,0,,712
Farai Hallam,Yerson Mosquera Valdelamar,Wolves,1,1,0,2,,634
Farai Hallam,Zian Flemming,Burnley,1,0,0,2,,215
Jarred Gillett,Aaron Hickey,Brentford,1,0,0,0,,116
Jarred Gillett,Aaron Ramsdale,Newcastle,1,0,0,0,,674
Jarred Gillett,Aaron Wan-Bissaka,West Ham,3,,0,4,,610
Jarred Gillett,Abdukodir Khusanov,Man City,1,0,0,0,,406
Jarred Gillett,Adam Armstrong,Wolves,2,1,0,4,,817
Jarred Gillett,Adam Smith,Bournemouth,1,0,0,0,,73
Jarred Gillett,Adam Wharton,Crystal Palace,2,0,0,0,,273
Jarred Gillett,Adama Traoré Diarra,West Ham,1,0,0,0,,326
Jarred Gillett,Adrien Truffert,Bournemouth,2,0,0,2,,74
Jarred Gillett,Alejandro Garnacho Ferreyra,Chelsea,3,0,0,1,,453
Jarred Gillett,Álex Jiménez Sánchez,Bournemouth,2,0,0,0,,713
Jarred Gillett,Alex Murphy,Newcastle,1,0,0,0,,481
Jarred Gillett,Alex Scott,Bournemouth,2,1,0,4,,90
Jarred Gillett,Alex Tóth,Bournemouth,1,1,0,1,,801
Jarred Gillett,Alphonse Areola,West Ham,3,,0,0,,600
Jarred Gillett,Alysson Edward Franco da Rocha dos Santos,Aston Villa,1,0,0,0,,792
Jarred Gillett,Amadou Onana,Aston Villa,2,0,0,5,,59
Jarred Gillett,Amine Adli,Bournemouth,2,0,0,0,,697
Jarred Gillett,André Trindade da Costa Neto,Wolves,3,1,,4,,643
Jarred Gillett,Andrey Nascimento dos Santos,Chelsea,2,0,0,0,,246
Jarred Gillett,Andy Irving,West Ham,1,0,0,0,,621
Jarred Gillett,Angel Gomes,Wolves,2,0,0,2,,816
Jarred Gillett,Anthony Elanga,Newcastle,3,0,0,0,,486
Jarred Gillett,Anthony Gordon,Newcastle,3,0,0,0,,485
Jarred Gillett,Anton Stach,Leeds,5,,0,7,,660
Jarred Gillett,Antonee Robinson,Fulham,1,0,0,2,,316
Jarred Gillett,Antonín Kinský,Spurs,1,,0,0,,567
Jarred Gillett,Archie Gray,Spurs,3,,0,2,,591
Jarred Gillett,Axel Disasi,West Ham,2,0,0,0,,815
Jarred Gillett,Ayden Heaven,Man Utd,1,0,0,1,,447
Jarred Gillett,Bafodé Diakité,Bournemouth,2,0,0,1,,685
Jarred Gillett,Bart Verbruggen,Brighton,2,0,,0,,139
Jarred Gillett,Ben Davies,Spurs,1,1,0,0,,571
Jarred Gillett,Ben Gannon-Doak,Bournemouth,1,0,0,0,,391
Jarred Gillett,Benjamin Lecomte,Fulham,1,0,0,0,,664
Jarred Gillett,Benjamin Sesko,Man Utd,1,0,0,0,,681
Jarred Gillett,Benjamin White,Arsenal,1,0,0,0,,11
Jarred Gillett,Bernardo Mota Veiga de Carvalho e Silva,Man City,2,0,0,3,,416
Jarred Gillett,Bernd Leno,Fulham,1,0,0,0,,314
Jarred Gillett,Bertrand Traoré,Sunderland,1,0,0,2,,735
Jarred Gillett,Brajan Gruda,Brighton,1,0,,0,,162
Jarred Gillett,Brandon Austin,Spurs,1,,0,0,,566
Jarred Gillett,Brenden Aaronson,Leeds,5,,0,2,,350
Jarred Gillett,Brennan Johnson,Crystal Palace,1,0,0,0,,580
Jarred Gillett,Brian Brobbey,Sunderland,1,0,0,0,,730
Jarred Gillett,Bruno Guimarães Rodriguez Moura,Newcastle,2,0,0,6,,488
Jarred Gillett,Bukayo Saka,Arsenal,3,0,0,2,,16
Jarred Gillett,Callum Wilson,West Ham,4,,0,1,,671
Jarred Gillett,Calvin Bassey,Fulham,1,0,0,0,,318
Jarred Gillett,Caoimhín Kelleher,Brentford,2,0,0,0,,101
Jarred Gillett,Carlos Baleba,Brighton,2,1,,1,,167
Jarred Gillett,Carlos Henrique Casimiro,Man Utd,1,0,0,0,,457
Jarred Gillett,Charalampos Kostoulas,Brighton,1,0,0,0,,181
Jarred Gillett,Chemsdine Talbi,Sunderland,1,0,0,1,,553
Jarred Gillett,Chris Richards,Crystal Palace,1,0,0,1,,261
Jarred Gillett,Chris Rigg,Sunderland,1,0,0,0,,551
Jarred Gillett,Christantus Uche,Crystal Palace,1,0,0,0,,732
Jarred Gillett,Christian Nørgaard,Arsenal,1,0,0,0,,24
Jarred Gillett,Cole Palmer,Chelsea,2,0,0,0,,235
Jarred Gillett,Conor Gallagher,Spurs,2,,0,5,,796
Jarred Gillett,Cristhian Mosquera,Arsenal,3,0,0,1,,662
Jarred Gillett,Cristian Romero,Spurs,3,1,0,4,,569
Jarred Gillett,Crysencio Summerville,West Ham,4,,0,5,,615
Jarred Gillett,Daichi Kamada,Crystal Palace,1,0,0,2,,271
Jarred Gillett,Dan Burn,Newcastle,2,1,0,3,,476
Jarred Gillett,Dan Ndoye,Nott'm Forest,1,0,0,1,,669
Jarred Gillett,Dango Ouattara,Brentford,2,0,0,0,,83
Jarred Gillett,Daniel Ballard,Sunderland,1,0,0,1,,531
Jarred Gillett,Daniel Bentley,Wolves,1,0,0,0,,629
Jarred Gillett,Daniel James,Leeds,4,,0,1,,353
Jarred Gillett,Daniel Muñoz Mejía,Crystal Palace,1,0,0,2,,256
Jarred Gillett,Danny Welbeck,Brighton,2,1,,2,,178
Jarred Gillett,David Brooks,Bournemouth,1,0,0,0,,86
Jarred Gillett,David Møller Wolfe,Wolves,3,0,,0,,682
Jarred Gillett,David Raya Martín,Arsenal,3,0,0,0,,1
Jarred Gillett,Dean Henderson,Crystal Palace,2,0,0,0,,253
Jarred Gillett,Declan Rice,Arsenal,3,0,0,4,,21
Jarred Gillett,Dennis Cirkin,Sunderland,1,0,0,1,,535
Jarred Gillett,Destiny Udogie,Spurs,3,,0,1,,574
Jarred Gillett,Diego Gómez Amarilla,Brighton,2,0,,4,,169
Jarred Gillett,Diogo Dalot Teixeira,Man Utd,1,0,0,1,,440
Jarred Gillett,Djed Spence,Spurs,5,,0,8,,573
Jarred Gillett,Dominic Calvert-Lewin,Leeds,4,,0,1,,691
Jarred Gillett,Dominic Solanke-Mitchell,Spurs,1,,0,0,,596
Jarred Gillett,Đorđe Petrović,Bournemouth,2,0,0,0,,67
Jarred Gillett,Douglas Luiz Soares de Paulo,Aston Villa,1,0,0,2,,699
Jarred Gillett,Eberechi Eze,Arsenal,2,0,0,1,,266
Jarred Gillett,Eddie Nketiah,Crystal Palace,2,0,0,1,,284
Jarred Gillett,El Hadji Malick Diouf,West Ham,3,1,0,3,,603
Jarred Gillett,Eliezer Mayenda Dossou,Sunderland,2,0,0,0,,561
Jarred Gillett,Elliot Anderson,Nott'm Forest,1,0,0,2,,517
Jarred Gillett,Emile Smith Rowe,Fulham,1,0,0,0,,325
Jarred Gillett,Emiliano Buendía Stati,Aston Villa,2,0,0,1,,50
Jarred Gillett,Emiliano Martínez Romero,Aston Villa,2,0,0,0,,32
Jarred Gillett,Emmanuel Agbadou,Wolves,2,0,,0,,631
Jarred Gillett,Enes Ünal,Bournemouth,1,0,0,0,,98
Jarred Gillett,Enzo Fernández,Chelsea,3,2,0,4,,237
Jarred Gillett,Enzo Le Fée,Sunderland,2,0,0,2,,547
Jarred Gillett,Erling Haaland,Man City,2,0,0,2,,430
Jarred Gillett,Estêvão Almeida de Oliveira Gonçalves,Chelsea,1,0,0,0,,238
Jarred Gillett,Ethan Ampadu,Leeds,3,,0,6,,354
Jarred Gillett,Ethan Nwaneri,Arsenal,1,0,0,0,,25
Jarred Gillett,Ethan Pinnock,Brentford,2,0,0,0,,111
Jarred Gillett,Ezri Konsa Ngoyo,Aston Villa,2,0,0,0,,38
Jarred Gillett,Felipe Rodrigues da Silva,Nott'm Forest,1,0,0,0,,511
Jarred Gillett,Fer López González,Wolves,1,0,0,0,,645
Jarred Gillett,Ferdi Kadıoğlu,Brighton,2,1,,1,,148
Jarred Gillett,Filip Jörgensen,Chelsea,1,0,0,0,,221
Jarred Gillett,Francisco Evanilson de Lima Barbosa,Bournemouth,1,0,0,0,,97
Jarred Gillett,Freddie Potts,West Ham,2,0,0,0,,623
Jarred Gillett,Gabriel dos Santos Magalhães,Arsenal,3,0,0,0,,5
Jarred Gillett,Gabriel Fernando de Jesus,Arsenal,1,0,0,0,,31
Jarred Gillett,Gabriel Gudmundsson,Leeds,3,1,0,6,,347
Jarred Gillett,Gabriel Martinelli Silva,Arsenal,2,0,0,0,,19
Jarred Gillett,Georginio Rutter,Brighton,2,0,,1,,158
Jarred Gillett,Gianluigi Donnarumma,Man City,1,0,0,0,,736
Jarred Gillett,Granit Xhaka,Sunderland,2,0,0,0,,668
Jarred Gillett,Guglielmo Vicario,Spurs,4,,0,0,,565
Jarred Gillett,Guido Rodríguez,West Ham,1,,0,0,,618
Jarred Gillett,Habib Diarra,Sunderland,1,0,0,1,,544
Jarred Gillett,Hákon Rafn Valdimarsson,Brentford,2,0,0,0,,105
Jarred Gillett,Harrison Jones,Sunderland,1,0,0,0,,557
Jarred Gillett,Harrison Reed,Fulham,1,0,0,2,,336
Jarred Gillett,Harry Wilson,Fulham,1,0,0,0,,329
Jarred Gillett,Harvey Barnes,Newcastle,3,0,0,1,,487
Jarred Gillett,Hugo Bueno López,Wolves,4,0,,1,,633
Jarred Gillett,Hwang Hee-chan,Wolves,4,0,,5,,642
Jarred Gillett,Ian Maatsen,Aston Villa,2,1,0,1,,39
Jarred Gillett,Ibrahim Sangaré,Nott'm Forest,1,1,0,3,,521
Jarred Gillett,Igor Jesus Maciel da Cruz,Nott'm Forest,1,0,0,0,,526
Jarred Gillett,Igor Thiago Nascimento Rodrigues,Brentford,2,0,0,6,,136
Jarred Gillett,Ilia Gruev,Leeds,3,0,0,0,,356
Jarred Gillett,Ismaïla Sarr,Crystal Palace,1,0,0,0,,267
Jarred Gillett,Issa Diop,Fulham,1,0,0,0,,320
Jarred Gillett,Jack Harrison,Leeds,1,0,0,1,,352
Jarred Gillett,Jack Hinshelwood,Brighton,1,0,0,2,,163
Jarred Gillett,Jackson Tchatchoua,Wolves,2,0,,0,,695
Jarred Gillett,Jacob Murphy,Newcastle,2,0,0,0,,489
Jarred Gillett,Jacob Ramsey,Newcastle,2,0,0,1,,52
Jarred Gillett,Jadon Sancho,Aston Villa,2,0,0,1,,456
Jarred Gillett,Jaka Bijol,Leeds,4,,0,2,,344
Jarred Gillett,Jamaal Lascelles,Newcastle,1,0,0,0,,480
Jarred Gillett,James Hill,Bournemouth,2,0,0,0,,77
Jarred Gillett,James Justin,Leeds,3,,0,2,,706
Jarred Gillett,James Maddison,Spurs,1,,0,0,,581
Jarred Gillett,James Milner,Brighton,2,0,,0,,170
Jarred Gillett,James Trafford,Man City,1,0,0,0,,182
Jarred Gillett,Jamie Bynoe-Gittens,Chelsea,1,0,0,0,,239
Jarred Gillett,Jan Paul van Hecke,Brighton,2,0,,0,,151
Jarred Gillett,Jarrod Bowen,West Ham,4,1,0,2,,624
Jarred Gillett,Jason Steele,Brighton,1,0,0,0,,138
Jarred Gillett,Jayden Bogle,Leeds,3,2,0,3,,342
Jarred Gillett,Jean-Clair Todibo,West Ham,3,,0,0,,609
Jarred Gillett,Jean-Philippe Mateta,Crystal Palace,2,0,0,2,,283
Jarred Gillett,Jean-Ricner Bellegarde,Wolves,4,1,,3,,644
Jarred Gillett,Jefferson Lerma Solís,Crystal Palace,1,1,0,1,,272
Jarred Gillett,Jérémy Doku,Man City,2,0,0,1,,418
Jarred Gillett,Jhon Arias,Wolves,2,0,,1,,663
Jarred Gillett,Joachim Andersen,Fulham,1,0,0,1,,317
Jarred Gillett,João Maria Lobo Alves Palhares Costa Palhinha Gonçalves,Spurs,4,1,0,3,,673
Jarred Gillett,João Pedro Junqueira de Jesus,Chelsea,3,1,0,5,,249
Jarred Gillett,João Victor Gomes da Silva,Wolves,4,0,,6,,646
Jarred Gillett,Joe Rodon,Leeds,4,1,0,4,,348
Jarred Gillett,Joe Willock,Newcastle,2,0,0,0,,494
Jarred Gillett,Joël Piroe,Leeds,5,,0,0,,362
Jarred Gillett,Joël Veltman,Brighton,1,0,0,0,,152
Jarred Gillett,Joelinton Cássio Apolinário de Lira,Newcastle,2,2,0,4,,490
Jarred Gillett,John Stones,Man City,1,0,0,0,,409
Jarred Gillett,Jonah Kusi-Asare,Fulham,1,0,0,1,,737
Jarred Gillett,Jordan Henderson,Brentford,2,0,0,0,,124
Jarred Gillett,Jorge Cuenca Barreno,Fulham,1,0,0,0,,321
Jarred Gillett,Jorrel Hato,Chelsea,2,0,0,2,,672
Jarred Gillett,José Malheiro de Sá,Wolves,3,0,0,0,,628
Jarred Gillett,Josh Acheampong,Chelsea,1,0,0,0,,233
Jarred Gillett,Josh King,Fulham,1,0,0,0,,335
Jarred Gillett,Joshua Zirkzee,Man Utd,1,0,0,1,,466
Jarred Gillett,Joško Gvardiol,Man City,1,0,0,1,,403
Jarred Gillett,Junior Kroupi,Bournemouth,2,0,0,1,,100
Jarred Gillett,Jurriën Timber,Arsenal,2,0,0,1,,8
Jarred Gillett,Justin Devenny,Crystal Palace,1,0,0,1,,276
Jarred Gillett,Justin Kluivert,Bournemouth,1,0,0,2,,81
Jarred Gillett,Karl Darlow,Leeds,2,,0,0,,341
Jarred Gillett,Keane Lewis-Potter,Brentford,2,0,0,1,,107
Jarred Gillett,Kenny Tete,Fulham,1,0,0,0,,322
Jarred Gillett,Kepa Arrizabalaga Revuelta,Arsenal,1,0,0,0,,2
Jarred Gillett,Kevin Danso,Spurs,4,3,0,6,,570
Jarred Gillett,Kevin Schade,Brentford,2,0,0,4,,120
Jarred Gillett,Ki-Jana Hoever,Wolves,1,0,0,0,,638
Jarred Gillett,Kieran Trippier,Newcastle,3,0,0,0,,478
Jarred Gillett,Konstantinos Mavropanos,West Ham,4,,0,2,,606
Jarred Gillett,Kristoffer Ajer,Brentford,1,0,0,1,,108
Jarred Gillett,Kyle Walker-Peters,West Ham,3,0,0,0,,659
Jarred Gillett,Ladislav Krejcí,Wolves,3,0,,1,,709
Jarred Gillett,Lamare Bogarde,Aston Villa,2,0,0,1,,44
Jarred Gillett,Leandro Trossard,Arsenal,3,0,0,0,,20
Jarred Gillett,Leny Yoro,Man Utd,1,0,0,0,,444
Jarred Gillett,Leon Bailey,Aston Villa,2,0,0,0,,49
Jarred Gillett,Lewis Cook,Bournemouth,1,0,0,0,,88
Jarred Gillett,Lewis Dunk,Brighton,2,1,,3,,146
Jarred Gillett,Lewis Hall,Newcastle,2,1,0,1,,473
Jarred Gillett,Lewis Miley,Newcastle,1,0,0,1,,497
Jarred Gillett,Liam Delap,Chelsea,2,0,0,1,,250
Jarred Gillett,Lisandro Martínez,Man Utd,1,0,0,0,,437
Jarred Gillett,Lucas Bergvall,Spurs,5,,0,1,,586
Jarred Gillett,Lucas Digne,Aston Villa,2,1,0,1,,37
Jarred Gillett,Lucas Estella Perri,Leeds,5,,0,0,,665
Jarred Gillett,Lucas Tolentino Coelho de Lima,West Ham,1,0,0,1,,612
Jarred Gillett,Luis Guilherme Lira dos Santos,West Ham,1,0,0,0,,619
Jarred Gillett,Lukas Nmecha,Leeds,5,,0,2,,365
Jarred Gillett,Luke O'Nien,Sunderland,1,0,0,0,,539
Jarred Gillett,Luke Shaw,Man Utd,1,0,0,2,,443
Jarred Gillett,Lutsharel Geertruida,Sunderland,2,0,0,2,,724
Jarred Gillett,Mads Hermansen,West Ham,3,0,0,0,,679
Jarred Gillett,Malick Thiaw,Newcastle,3,0,0,0,,684
Jarred Gillett,Malo Gusto,Chelsea,3,0,0,2,,228
Jarred Gillett,Mamadou Sarr,Chelsea,1,0,0,0,,231
Jarred Gillett,Manuel Ugarte Ribeiro,Man Utd,1,0,0,1,,459
Jarred Gillett,Marc Cucurella Saseta,Chelsea,3,1,0,3,,224
Jarred Gillett,Marc Guiu Paz,Chelsea,1,0,0,0,,252
Jarred Gillett,Marco Bizot,Aston Villa,1,0,0,0,,33
Jarred Gillett,Marcos Senesi Barón,Bournemouth,2,1,0,5,,72
Jarred Gillett,Marcus Tavernier,Bournemouth,2,0,0,4,,84
Jarred Gillett,Marshall Munetsi,Wolves,2,0,,3,,648
Jarred Gillett,Martin Ødegaard,Arsenal,2,0,0,0,,17
Jarred Gillett,Martín Zubimendi Ibáñez,Arsenal,3,0,0,3,,26
Jarred Gillett,Mateus Gonçalo Espanha Fernandes,West Ham,4,,0,7,,708
Jarred Gillett,Mateus Mané,Wolves,2,0,0,0,,749
Jarred Gillett,Matheus Nunes,Man City,2,0,0,0,,407
Jarred Gillett,Matheus Santos Carneiro da Cunha,Man Utd,1,0,0,0,,450
Jarred Gillett,Mathias Jensen,Brentford,2,0,0,0,,126
Jarred Gillett,Mathys Tel,Spurs,3,,0,1,,584
Jarred Gillett,Mats Wieffer,Brighton,2,2,,3,,173
Jarred Gillett,Matt Doherty,Wolves,2,1,0,4,,632
Jarred Gillett,Matty Cash,Aston Villa,2,1,0,4,,36
Jarred Gillett,Matz Sels,Nott'm Forest,1,0,0,0,,502
Jarred Gillett,Max Dowman,Arsenal,2,0,0,0,,700
Jarred Gillett,Maxence Lacroix,Crystal Palace,2,1,0,1,,257
Jarred Gillett,Maxim De Cuyper,Brighton,2,0,,1,,145
Jarred Gillett,Maximilian Kilman,West Ham,3,,0,1,,605
Jarred Gillett,Michael Kayode,Brentford,1,0,0,0,,110
Jarred Gillett,Micky van de Ven,Spurs,5,,0,3,,575
Jarred Gillett,Mikel Merino Zazón,Arsenal,1,0,0,1,,22
Jarred Gillett,Mikkel Damsgaard,Brentford,1,0,0,1,,121
Jarred Gillett,Milan Aleksić,Sunderland,1,0,0,0,,546
Jarred Gillett,Mitoma Kaoru,Brighton,1,0,0,4,,157
Jarred Gillett,Mohamadou Kanté,West Ham,1,1,0,2,,758
Jarred Gillett,Mohammed Kudus,Spurs,3,1,0,1,,582
Jarred Gillett,Moisés Caicedo Corozo,Chelsea,3,0,0,3,,241
Jarred Gillett,Morgan Gibbs-White,Nott'm Forest,1,0,0,0,,515
Jarred Gillett,Morgan Rogers,Aston Villa,2,1,0,3,,47
Jarred Gillett,Murillo Costa dos Santos,Nott'm Forest,1,1,0,3,,506
Jarred Gillett,Myles Lewis-Skelly,Arsenal,3,0,0,2,,10
Jarred Gillett,Nathan Aké,Man City,1,1,0,1,,405
Jarred Gillett,Nathan Collins,Brentford,2,0,0,0,,106
Jarred Gillett,Nathaniel Clyne,Crystal Palace,1,0,0,0,,263
Jarred Gillett,Neco Williams,Nott'm Forest,1,0,0,1,,508
Jarred Gillett,Nick Pope,Newcastle,3,0,0,0,,469
Jarred Gillett,Nick Woltemade,Newcastle,3,0,0,0,,714
Jarred Gillett,Nico González Iglesias,Man City,2,0,0,1,,423
Jarred Gillett,Nico O'Reilly,Man City,2,1,0,0,,411
Jarred Gillett,Nicolás Domínguez,Nott'm Forest,1,0,0,0,,519
Jarred Gillett,Nicolò Savona,Nott'm Forest,1,0,0,0,,716
Jarred Gillett,Nikola Milenković,Nott'm Forest,1,0,0,0,,505
Jarred Gillett,Nilson Angulo,Sunderland,1,0,0,1,,813
Jarred Gillett,Noah Okafor,Leeds,4,0,0,2,,698
Jarred Gillett,Noah Sadiki,Sunderland,1,1,0,2,,552
Jarred Gillett,Noni Madueke,Arsenal,2,0,0,3,,18
Jarred Gillett,Nordi Mukiele,Sunderland,1,0,0,0,,694
Jarred Gillett,Olivier Boscagli,Brighton,1,0,0,0,,143
Jarred Gillett,Ollie Scarles,West Ham,3,,0,0,,608
Jarred Gillett,Ollie Watkins,Aston Villa,2,1,0,2,,64
Jarred Gillett,Omar Alderete,Sunderland,2,0,0,1,,683
Jarred Gillett,Omar Marmoush,Man City,1,0,0,0,,413
Jarred Gillett,Omari Hutchinson,Nott'm Forest,1,0,0,0,,693
Jarred Gillett,Oscar Bobb,Fulham,1,0,0,0,,424
Jarred Gillett,Pablo Felipe Pereira de Jesus,West Ham,3,,0,4,,785
Jarred Gillett,Pape Matar Sarr,Spurs,3,,0,4,,593
Jarred Gillett,Pascal Groß,Brighton,1,0,0,1,,783
Jarred Gillett,Pascal Struijk,Leeds,5,,0,2,,343
Jarred Gillett,Patrick Dorgu,Man Utd,1,1,0,3,,441
Jarred Gillett,Pau Torres,Aston Villa,2,0,0,1,,41
Jarred Gillett,Pedro Cardoso de Lima,Wolves,2,0,0,0,,640
Jarred Gillett,Pedro Lomba Neto,Chelsea,2,0,0,1,,236
Jarred Gillett,Pedro Porro Sauceda,Spurs,5,,0,3,,568
Jarred Gillett,Phil Foden,Man City,1,0,0,0,,414
Jarred Gillett,Piero Hincapié,Arsenal,1,0,0,0,,725
Jarred Gillett,Radu Drăgușin,Spurs,2,,0,0,,572
Jarred Gillett,Randal Kolo Muani,Spurs,4,,0,3,,726
Jarred Gillett,Raúl Jiménez Rodríguez,Fulham,1,0,0,2,,337
Jarred Gillett,Rayan Aït-Nouri,Man City,1,0,0,0,,402
Jarred Gillett,Rayan Cherki,Man City,2,0,0,1,,417
Jarred Gillett,Rayan Vitor Simplício Rocha,Bournemouth,1,0,0,0,,807
Jarred Gillett,Reece James,Chelsea,2,0,0,2,,225
Jarred Gillett,Reiss Nelson,Brentford,2,0,0,0,,27
Jarred Gillett,Riccardo Calafiori,Arsenal,3,1,0,2,,7
Jarred Gillett,Richarlison de Andrade,Spurs,4,,0,2,,597
Jarred Gillett,Rico Henry,Brentford,1,0,0,1,,109
Jarred Gillett,Rico Lewis,Man City,1,0,0,0,,410
Jarred Gillett,Robert Lynch Sánchez,Chelsea,3,0,0,0,,220
Jarred Gillett,Robin Roefs,Sunderland,2,1,0,0,,670
Jarred Gillett,Rodrigo 'Rodri' Hernandez Cascante,Man City,1,0,0,0,,421
Jarred Gillett,Rodrigo Bentancur,Spurs,3,,0,1,,585
Jarred Gillett,Rodrigo Martins Gomes,Wolves,3,0,0,0,,635
Jarred Gillett,Rodrigo Muniz Carvalho,Fulham,1,0,0,0,,338
Jarred Gillett,Romain Esse,Crystal Palace,1,0,0,0,,269
Jarred Gillett,Romaine Mundle,Sunderland,1,0,0,0,,548
Jarred Gillett,Romelle Donovan,Brentford,2,0,0,0,,130
Jarred Gillett,Roméo Lavia,Chelsea,2,0,0,1,,244
Jarred Gillett,Ross Barkley,Aston Villa,1,0,0,0,,55
Jarred Gillett,Rúben dos Santos Gato Alves Dias,Man City,2,0,0,0,,408
Jarred Gillett,Ryan Christie,Bournemouth,2,2,0,3,,87
Jarred Gillett,Ryan Yates,Nott'm Forest,1,0,0,0,,522
Jarred Gillett,Sam Byram,Leeds,2,,0,1,,346
Jarred Gillett,Sam Johnstone,Wolves,1,0,,0,,627
Jarred Gillett,Samuel Chukwueze,Fulham,1,0,0,0,,727
Jarred Gillett,Sandro Tonali,Newcastle,3,0,0,1,,491
Jarred Gillett,Santiago Ignacio Bueno,Wolves,3,1,,1,,636
Jarred Gillett,Saša Lukić,Fulham,1,1,0,3,,332
Jarred Gillett,Sávio Moreira de Oliveira,Man City,1,0,0,0,,415
Jarred Gillett,Sean Longstaff,Leeds,4,,0,0,,493
Jarred Gillett,Sean Neave,Newcastle,1,0,0,0,,501
Jarred Gillett,Sebastiaan Bornauw,Leeds,3,,0,1,,345
Jarred Gillett,Senne Lammens,Man Utd,1,0,0,0,,733
Jarred Gillett,Sepp van den Berg,Brentford,2,0,0,1,,113
Jarred Gillett,Simon Adingra,Sunderland,1,1,0,4,,543
Jarred Gillett,Soungoutou Magassa,West Ham,3,0,0,0,,718
Jarred Gillett,Stefanos Tzimas,Brighton,1,0,,0,,180
Jarred Gillett,Sven Botman,Newcastle,3,0,0,1,,475
Jarred Gillett,Taiwo Awoniyi,Nott'm Forest,1,0,0,0,,527
Jarred Gillett,Tammy Abraham,Aston Villa,1,0,0,0,,808
Jarred Gillett,Tanaka Ao,Leeds,4,,0,0,,358
Jarred Gillett,Tijjani Reijnders,Man City,2,1,0,3,,427
Jarred Gillett,Timothy Castagne,Fulham,1,0,0,0,,319
Jarred Gillett,Tino Livramento,Newcastle,1,0,0,0,,477
Jarred Gillett,Tolu Arokodare,Wolves,3,0,,0,,720
Jarred Gillett,Tom Cairney,Fulham,1,0,0,1,,331
Jarred Gillett,Tom Edozie,Wolves,1,0,0,0,,651
Jarred Gillett,Tomáš Souček,West Ham,4,2,1,6,,613
Jarred Gillett,Tosin Adarabioyo,Chelsea,2,0,0,0,,232
Jarred Gillett,Toti Gomes,Wolves,2,0,0,0,,637
Jarred Gillett,Trai Hume,Sunderland,2,0,0,3,,532
Jarred Gillett,Trevoh Chalobah,Chelsea,3,1,0,2,,226
Jarred Gillett,Tyler Adams,Bournemouth,2,2,0,3,,85
Jarred Gillett,Tyrick Mitchell,Crystal Palace,2,0,0,2,,258
Jarred Gillett,Tyrone Mings,Aston Villa,2,0,0,0,,40
Jarred Gillett,Valentín Castellanos,West Ham,3,2,0,9,,791
Jarred Gillett,Veljko Milosavljevic,Bournemouth,1,0,0,0,,721
Jarred Gillett,Victor Lindelöf,Aston Villa,2,0,0,0,,719
Jarred Gillett,Viktor Gyökeres,Arsenal,3,0,0,1,,666
Jarred Gillett,Vitaly Janelt,Brentford,1,0,0,1,,125
Jarred Gillett,Wesley Fofana,Chelsea,3,0,0,4,,230
Jarred Gillett,Wilfried Gnonto,Leeds,4,,0,1,,351
Jarred Gillett,Will Hughes,Crystal Palace,1,1,0,1,,270
Jarred Gillett,William Osula,Newcastle,2,0,0,2,,500
Jarred Gillett,William Saliba,Arsenal,3,0,0,3,,6
Jarred Gillett,Wilson Isidor,Sunderland,2,0,0,0,,560
Jarred Gillett,Wilson Odobert,Spurs,4,,0,0,,588
Jarred Gillett,Xavi Simons,Spurs,3,,0,2,,717
Jarred Gillett,Yankuba Minteh,Brighton,2,0,,0,,160
Jarred Gillett,Yasin Ayari,Brighton,1,0,,0,,166
Jarred Gillett,Yehor Yarmoliuk,Brentford,2,1,0,2,,129
Jarred Gillett,Yéremy Pino Santos,Crystal Palace,2,1,0,1,,712
Jarred Gillett,Yerson Mosquera Valdelamar,Wolves,3,1,,2,,634
Jarred Gillett,Yoane Wissa,Newcastle,2,0,0,2,,135
Jarred Gillett,Youri Tielemans,Aston Villa,1,0,0,0,,48
Jarred Gillett,Yves Bissouma,Spurs,2,,0,0,,587
John Brooks,Aaron Hickey,Brentford,3,,0,1,,116
John Brooks,Aaron Wan-Bissaka,West Ham,1,0,0,1,,610
John Brooks,Adam Armstrong,Wolves,1,0,0,1,,817
John Brooks,Adam Smith,Bournemouth,1,0,0,0,,73
John Brooks,Adam Wharton,Crystal Palace,1,0,0,3,,273
John Brooks,Adrien Truffert,Bournemouth,1,1,0,3,,74
John Brooks,Alejandro Garnacho Ferreyra,Chelsea,1,0,0,1,,453
John Brooks,Alex Iwobi,Fulham,2,,0,1,,324
John Brooks,Álex Jiménez Sánchez,Bournemouth,1,1,0,1,,713
John Brooks,Alex Scott,Bournemouth,1,0,0,0,,90
John Brooks,Alexander Isak,Liverpool,1,0,0,0,,499
John Brooks,Alexis Mac Allister,Liverpool,1,1,0,1,,386
John Brooks,Alisson Becker,Liverpool,1,0,0,0,,366
John Brooks,Alphonse Areola,West Ham,1,0,0,0,,600
John Brooks,Amad Diallo,Man Utd,1,,0,0,,452
John Brooks,Amadou Onana,Aston Villa,1,0,0,3,,59
John Brooks,Amine Adli,Bournemouth,1,0,0,1,,697
John Brooks,André Trindade da Costa Neto,Wolves,2,1,0,2,,643
John Brooks,Andrew Robertson,Liverpool,1,0,0,0,,372
John Brooks,Andrey Nascimento dos Santos,Chelsea,1,0,0,0,,246
John Brooks,Angel Gomes,Wolves,1,0,0,0,,816
John Brooks,Anthony Gordon,Newcastle,1,1,0,1,,485
John Brooks,Anton Stach,Leeds,1,0,0,0,,660
John Brooks,Antonee Robinson,Fulham,1,,0,0,,316
John Brooks,Archie Gray,Spurs,1,0,0,0,,591
John Brooks,Bart Verbruggen,Brighton,2,1,0,1,,139
John Brooks,Benjamin Sesko,Man Utd,1,,0,0,,681
John Brooks,Benjamin White,Arsenal,1,,0,0,,11
John Brooks,Bernd Leno,Fulham,2,,0,0,,314
John Brooks,Boubacar Kamara,Aston Villa,1,1,0,1,,58
John Brooks,Brajan Gruda,Brighton,1,0,0,2,,162
John Brooks,Brenden Aaronson,Leeds,1,0,0,1,,350
John Brooks,Brennan Johnson,Crystal Palace,1,1,0,1,,580
John Brooks,Brian Brobbey,Sunderland,1,0,0,2,,730
John Brooks,Bruno Borges Fernandes,Man Utd,1,,0,1,,449
John Brooks,Bruno Guimarães Rodriguez Moura,Newcastle,1,0,0,0,,488
John Brooks,Bryan Mbeumo,Man Utd,1,,0,1,,119
John Brooks,Bukayo Saka,Arsenal,3,,0,3,,16
John Brooks,Callum Marshall,West Ham,1,0,0,0,,626
John Brooks,Calvin Bassey,Fulham,2,,0,0,,318
John Brooks,Caoimhín Kelleher,Brentford,3,,0,1,,101
John Brooks,Carlos Baleba,Brighton,1,0,0,1,,167
John Brooks,Carlos Henrique Casimiro,Man Utd,1,1,0,1,,457
John Brooks,Charalampos Kostoulas,Brighton,2,0,0,0,,181
John Brooks,Chemsdine Talbi,Sunderland,1,0,0,0,,553
John Brooks,Chris Rigg,Sunderland,1,0,0,0,,551
John Brooks,Christantus Uche,Crystal Palace,1,0,0,0,,732
John Brooks,Christian Nørgaard,Arsenal,1,,0,0,,24
John Brooks,Cole Palmer,Chelsea,1,1,0,2,,235
John Brooks,Conor Bradley,Liverpool,1,0,0,0,,375
John Brooks,Cristhian Mosquera,Arsenal,1,,0,2,,662
John Brooks,Cristian Romero,Spurs,1,1,1,0,,569
John Brooks,Crysencio Summerville,West Ham,1,1,0,2,,615
John Brooks,Curtis Jones,Liverpool,1,0,0,1,,388
John Brooks,Dango Ouattara,Brentford,3,1,0,2,,83
John Brooks,Daniel Bentley,Wolves,1,0,0,0,,629
John Brooks,Danny Welbeck,Brighton,2,0,0,3,,178
John Brooks,David Brooks,Bournemouth,1,0,0,0,,86
John Brooks,David Møller Wolfe,Wolves,1,0,0,0,,682
John Brooks,David Raya Martín,Arsenal,3,,0,0,,1
John Brooks,Dean Henderson,Crystal Palace,1,0,0,0,,253
John Brooks,Declan Rice,Arsenal,3,,0,1,,21
John Brooks,Dennis Cirkin,Sunderland,1,0,0,0,,535
John Brooks,Diego Coppola,Brighton,1,1,0,2,,144
John Brooks,Diego Gómez Amarilla,Brighton,1,0,0,1,,169
John Brooks,Diogo Dalot Teixeira,Man Utd,1,,0,0,,440
John Brooks,Djed Spence,Spurs,1,0,0,1,,573
John Brooks,Dominic Calvert-Lewin,Leeds,1,0,0,1,,691
John Brooks,Dominik Szoboszlai,Liverpool,1,1,0,1,,387
John Brooks,Donyell Malen,Aston Villa,1,0,0,0,,53
John Brooks,Đorđe Petrović,Bournemouth,1,0,0,0,,67
John Brooks,Dwight McNeil,Everton,1,0,0,0,,300
John Brooks,Eberechi Eze,Arsenal,2,,0,2,,266
John Brooks,El Hadji Malick Diouf,West Ham,1,0,0,3,,603
John Brooks,Eliezer Mayenda Dossou,Sunderland,1,0,0,0,,561
John Brooks,Emile Smith Rowe,Fulham,2,,0,1,,325
John Brooks,Emiliano Buendía Stati,Aston Villa,1,0,0,0,,50
John Brooks,Emiliano Martínez Romero,Aston Villa,1,0,0,0,,32
John Brooks,Emmanuel Agbadou,Wolves,1,0,1,3,,631
John Brooks,Enzo Fernández,Chelsea,1,0,0,0,,237
John Brooks,Enzo Le Fée,Sunderland,1,0,0,0,,547
John Brooks,Ethan Ampadu,Leeds,1,0,0,0,,354
John Brooks,Ethan Nwaneri,Arsenal,1,0,0,0,,25
John Brooks,Ethan Pinnock,Brentford,1,,0,0,,111
John Brooks,Ezri Konsa Ngoyo,Aston Villa,1,0,0,0,,38
John Brooks,Fabian Schär,Newcastle,1,0,0,0,,474
John Brooks,Federico Chiesa,Liverpool,1,0,0,0,,385
John Brooks,Ferdi Kadıoğlu,Brighton,2,0,0,2,,148
John Brooks,Florian Wirtz,Liverpool,1,0,0,0,,382
John Brooks,Francisco Evanilson de Lima Barbosa,Bournemouth,1,0,0,2,,97
John Brooks,Freddie Potts,West Ham,1,0,0,0,,623
John Brooks,Gabriel dos Santos Magalhães,Arsenal,3,1,0,2,,5
John Brooks,Gabriel Fernando de Jesus,Arsenal,2,,0,0,,31
John Brooks,Gabriel Gudmundsson,Leeds,1,0,0,3,,347
John Brooks,Gabriel Martinelli Silva,Arsenal,3,,0,1,,19
John Brooks,Georginio Rutter,Brighton,2,0,0,2,,158
John Brooks,Granit Xhaka,Sunderland,1,0,0,1,,668
John Brooks,Guglielmo Vicario,Spurs,1,0,0,0,,565
John Brooks,Habib Diarra,Sunderland,1,0,0,0,,544
John Brooks,Hákon Rafn Valdimarsson,Brentford,1,,0,0,,105
John Brooks,Harrison Armstrong,Everton,1,0,0,0,,305
John Brooks,Harry Maguire,Man Utd,1,1,0,1,,442
John Brooks,Harry Wilson,Fulham,2,,0,2,,329
John Brooks,Harvey Barnes,Newcastle,1,0,0,0,,487
John Brooks,Hugo Bueno López,Wolves,2,0,0,1,,633
John Brooks,Hugo Ekitiké,Liverpool,1,0,0,0,,661
John Brooks,Hwang Hee-chan,Wolves,1,1,0,2,,642
John Brooks,Ibrahima Konaté,Liverpool,1,1,0,2,,374
John Brooks,Igor Thiago Nascimento Rodrigues,Brentford,3,,0,6,,136
John Brooks,Iliman Ndiaye,Everton,1,0,0,0,,299
John Brooks,Jack Harrison,Leeds,1,0,0,0,,352
John Brooks,Jack Hinshelwood,Brighton,2,0,0,0,,163
John Brooks,Jackson Tchatchoua,Wolves,2,0,0,1,,695
John Brooks,Jacob Murphy,Newcastle,1,0,0,0,,489
John Brooks,Jacob Ramsey,Newcastle,1,0,0,0,,52
John Brooks,Jadon Sancho,Aston Villa,1,0,0,0,,456
John Brooks,Jaka Bijol,Leeds,1,0,0,0,,344
John Brooks,Jake O'Brien,Everton,1,1,0,1,,293
John Brooks,James Garner,Everton,1,1,0,3,,303
John Brooks,James Justin,Leeds,1,0,0,0,,706
John Brooks,James Milner,Brighton,1,0,0,0,,170
John Brooks,James Tarkowski,Everton,1,0,0,2,,291
John Brooks,Jan Paul van Hecke,Brighton,2,0,0,1,,151
John Brooks,Jarrod Bowen,West Ham,1,0,0,1,,624
John Brooks,Jason Steele,Brighton,1,0,0,0,,138
John Brooks,Jaydee Canvot,Crystal Palace,1,0,0,0,,723
John Brooks,Jayden Bogle,Leeds,1,0,0,2,,342
John Brooks,Jean-Philippe Mateta,Crystal Palace,1,0,0,2,,283
John Brooks,Jean-Ricner Bellegarde,Wolves,2,0,0,1,,644
John Brooks,Jefferson Lerma Solís,Crystal Palace,1,0,0,0,,272
John Brooks,Jeremie Frimpong,Liverpool,1,0,0,0,,370
John Brooks,Jhon Arias,Wolves,1,0,0,0,,663
John Brooks,Joachim Andersen,Fulham,2,1,0,3,,317
John Brooks,João Maria Lobo Alves Palhares Costa Palhinha Gonçalves,Spurs,1,0,0,0,,673
John Brooks,João Pedro Junqueira de Jesus,Chelsea,1,0,0,0,,249
John Brooks,João Victor Gomes da Silva,Wolves,2,0,0,3,,646
John Brooks,Joe Rodon,Leeds,1,0,0,0,,348
John Brooks,Joe Willock,Newcastle,1,0,0,0,,494
John Brooks,Joél Drakes-Thomas,Crystal Palace,1,0,0,1,,762
John Brooks,Joël Veltman,Brighton,1,0,0,0,,152
John Brooks,Joelinton Cássio Apolinário de Lira,Newcastle,1,0,0,1,,490
John Brooks,John McGinn,Aston Villa,1,0,0,1,,54
John Brooks,Jordan Henderson,Brentford,2,,0,0,,124
John Brooks,Jordan Pickford,Everton,1,0,0,0,,287
John Brooks,Jorge Cuenca Barreno,Fulham,1,,0,1,,321
John Brooks,Jorrel Hato,Chelsea,1,0,0,0,,672
John Brooks,Josh Acheampong,Chelsea,1,0,0,0,,233
John Brooks,Josh King,Fulham,1,0,0,0,,335
John Brooks,Junior Kroupi,Bournemouth,1,0,0,2,,100
John Brooks,Jurriën Timber,Arsenal,2,,0,3,,8
John Brooks,Justin Devenny,Crystal Palace,1,0,0,0,,276
John Brooks,Justin Kluivert,Bournemouth,1,0,0,0,,81
John Brooks,Kaden Rodney,Crystal Palace,1,0,0,1,,281
John Brooks,Keane Lewis-Potter,Brentford,3,,0,1,,107
John Brooks,Kenny Tete,Fulham,1,0,0,1,,322
John Brooks,Kepa Arrizabalaga Revuelta,Arsenal,1,,0,0,,2
John Brooks,Kevin Santos Lopes de Macedo,Fulham,2,,0,1,,731
John Brooks,Kevin Schade,Brentford,1,1,0,0,,120
John Brooks,Ki-Jana Hoever,Wolves,1,0,0,0,,638
John Brooks,Kiernan Dewsbury-Hall,Everton,1,0,0,1,,242
John Brooks,Kobbie Mainoo,Man Utd,1,,0,0,,458
John Brooks,Konstantinos Mavropanos,West Ham,1,0,0,0,,606
John Brooks,Kristoffer Ajer,Brentford,3,,0,2,,108
John Brooks,Kyle Walker-Peters,West Ham,1,0,0,1,,659
John Brooks,Ladislav Krejcí,Wolves,1,0,0,3,,709
John Brooks,Lamare Bogarde,Aston Villa,1,0,0,0,,44
John Brooks,Leandro Trossard,Arsenal,3,,0,3,,20
John Brooks,Leny Yoro,Man Utd,1,,0,0,,444
John Brooks,Lewis Cook,Bournemouth,1,0,0,2,,88
John Brooks,Lewis Dunk,Brighton,2,1,0,1,,146
John Brooks,Lewis Hall,Newcastle,1,0,0,2,,473
John Brooks,Lewis Miley,Newcastle,1,0,0,0,,497
John Brooks,Liam Delap,Chelsea,1,0,0,0,,250
John Brooks,Lisandro Martínez,Man Utd,1,,0,0,,437
John Brooks,Lucas Bergvall,Spurs,1,0,0,1,,586
John Brooks,Lucas Digne,Aston Villa,1,0,0,1,,37
John Brooks,Lucas Estella Perri,Leeds,1,0,0,0,,665
John Brooks,Lucas Tolentino Coelho de Lima,West Ham,1,1,0,1,,612
John Brooks,Luke O'Nien,Sunderland,1,0,0,1,,539
John Brooks,Luke Shaw,Man Utd,1,,0,1,,443
John Brooks,Lutsharel Geertruida,Sunderland,1,0,0,0,,724
John Brooks,Malick Thiaw,Newcastle,1,0,0,0,,684
John Brooks,Manuel Ugarte Ribeiro,Man Utd,1,,0,1,,459
John Brooks,Marc Cucurella Saseta,Chelsea,1,1,0,2,,224
John Brooks,Marcos Senesi Barón,Bournemouth,1,0,0,1,,72
John Brooks,Marcus Tavernier,Bournemouth,1,0,0,4,,84
John Brooks,Mark Travers,Everton,1,0,0,0,,288
John Brooks,Marshall Munetsi,Wolves,1,0,0,0,,648
John Brooks,Martin Ødegaard,Arsenal,3,,0,1,,17
John Brooks,Martín Zubimendi Ibáñez,Arsenal,3,,0,1,,26
John Brooks,Mateus Gonçalo Espanha Fernandes,West Ham,1,0,0,2,,708
John Brooks,Mateus Mané,Wolves,1,0,0,0,,749
John Brooks,Matheus Santos Carneiro da Cunha,Man Utd,1,,0,0,,450
John Brooks,Mathias Jensen,Brentford,3,1,0,5,,126
John Brooks,Mats Wieffer,Brighton,1,0,0,0,,173
John Brooks,Matt Doherty,Wolves,1,0,0,0,,632
John Brooks,Matt O'Riley,Brighton,1,0,0,0,,164
John Brooks,Matty Cash,Aston Villa,1,0,0,1,,36
John Brooks,Maxence Lacroix,Crystal Palace,1,0,0,1,,257
John Brooks,Maxim De Cuyper,Brighton,2,0,0,1,,145
John Brooks,Maximilian Kilman,West Ham,1,0,0,1,,605
John Brooks,Merlin Röhl,Everton,1,0,0,3,,728
John Brooks,Michael Kayode,Brentford,3,,0,1,,110
John Brooks,Michael Keane,Everton,1,0,0,0,,295
John Brooks,Micky van de Ven,Spurs,1,1,0,1,,575
John Brooks,Mikel Merino Zazón,Arsenal,2,0,0,4,,22
John Brooks,Mikkel Damsgaard,Brentford,3,,0,1,,121
John Brooks,Milos Kerkez,Liverpool,1,0,0,0,,371
John Brooks,Mitoma Kaoru,Brighton,1,1,0,1,,157
John Brooks,Mohammed Kudus,Spurs,1,0,0,1,,582
John Brooks,Moisés Caicedo Corozo,Chelsea,1,0,0,1,,241
John Brooks,Morgan Rogers,Aston Villa,1,1,0,1,,47
John Brooks,Myles Lewis-Skelly,Arsenal,3,,0,0,,10
John Brooks,Nathan Collins,Brentford,3,,0,1,,106
John Brooks,Nathan Patterson,Everton,1,0,0,0,,296
John Brooks,Nathaniel Clyne,Crystal Palace,1,0,0,0,,263
John Brooks,Nick Pope,Newcastle,1,0,0,0,,469
John Brooks,Nick Woltemade,Newcastle,1,0,0,0,,714
John Brooks,Niclas Füllkrug,West Ham,1,0,0,1,,625
John Brooks,Nilson Angulo,Sunderland,1,0,0,1,,813
John Brooks,Noah Okafor,Leeds,1,0,0,0,,698
John Brooks,Noah Sadiki,Sunderland,1,0,0,1,,552
John Brooks,Noni Madueke,Arsenal,1,,0,1,,18
John Brooks,Norberto Bercique Gomes Betuncal,Everton,1,0,0,1,,311
John Brooks,Nordi Mukiele,Sunderland,1,0,0,3,,694
John Brooks,Noussair Mazraoui,Man Utd,1,,0,0,,438
John Brooks,Olivier Boscagli,Brighton,1,0,0,0,,143
John Brooks,Ollie Watkins,Aston Villa,1,0,0,0,,64
John Brooks,Omar Alderete,Sunderland,1,0,0,0,,683
John Brooks,Pascal Groß,Brighton,1,0,0,0,,783
John Brooks,Pascal Struijk,Leeds,1,0,0,1,,343
John Brooks,Pau Torres,Aston Villa,1,0,0,0,,41
John Brooks,Pedro Cardoso de Lima,Wolves,1,0,0,1,,640
John Brooks,Pedro Lomba Neto,Chelsea,1,0,0,0,,236
John Brooks,Pedro Porro Sauceda,Spurs,1,0,0,1,,568
John Brooks,Piero Hincapié,Arsenal,2,,0,2,,725
John Brooks,Randal Kolo Muani,Spurs,1,0,0,1,,726
John Brooks,Raúl Jiménez Rodríguez,Fulham,2,,0,2,,337
John Brooks,Reece James,Chelsea,1,0,0,1,,225
John Brooks,Reinildo Mandava,Sunderland,1,0,0,0,,541
John Brooks,Riccardo Calafiori,Arsenal,2,,0,2,,7
John Brooks,Richarlison de Andrade,Spurs,1,0,0,0,,597
John Brooks,Rico Henry,Brentford,3,,0,0,,109
John Brooks,Robert Lynch Sánchez,Chelsea,1,0,0,0,,220
John Brooks,Robin Roefs,Sunderland,1,0,0,0,,670
John Brooks,Rodrigo Bentancur,Spurs,1,1,0,2,,585
John Brooks,Rodrigo Martins Gomes,Wolves,1,0,0,0,,635
John Brooks,Rodrigo Muniz Carvalho,Fulham,1,0,0,0,,338
John Brooks,Romain Esse,Crystal Palace,1,0,0,1,,269
John Brooks,Romelle Donovan,Brentford,2,,0,0,,130
John Brooks,Ross Barkley,Aston Villa,1,0,0,0,,55
John Brooks,Ryan Christie,Bournemouth,1,0,0,1,,87
John Brooks,Ryan Gravenberch,Liverpool,1,0,0,2,,390
John Brooks,Ryan Sessegnon,Fulham,2,,0,3,,328
John Brooks,Sam Johnstone,Wolves,1,0,0,0,,627
John Brooks,Samuel Chukwueze,Fulham,2,,0,2,,727
John Brooks,Sander Berge,Fulham,2,,0,1,,330
John Brooks,Sandro Tonali,Newcastle,1,0,0,1,,491
John Brooks,Santiago Ignacio Bueno,Wolves,2,1,0,2,,636
John Brooks,Séamus Coleman,Everton,1,0,0,0,,294
John Brooks,Senne Lammens,Man Utd,1,,0,0,,733
John Brooks,Sepp van den Berg,Brentford,2,,0,0,,113
John Brooks,Solly March,Brighton,1,0,0,0,,159
John Brooks,Soungoutou Magassa,West Ham,1,0,0,1,,718
John Brooks,Tanaka Ao,Leeds,1,0,0,1,,358
John Brooks,Thierno Barry,Everton,1,0,0,1,,310
John Brooks,Tim Iroegbunam,Everton,1,1,0,2,,304
John Brooks,Timothy Castagne,Fulham,1,,0,3,,319
John Brooks,Tino Livramento,Newcastle,1,0,0,0,,477
John Brooks,Tolu Arokodare,Wolves,2,0,0,2,,720
John Brooks,Tom Cairney,Fulham,2,,0,0,,331
John Brooks,Tom Watson,Brighton,1,0,0,0,,172
John Brooks,Tosin Adarabioyo,Chelsea,1,0,0,0,,232
John Brooks,Toti Gomes,Wolves,2,1,0,1,,637
John Brooks,Trai Hume,Sunderland,1,0,0,0,,532
John Brooks,Trevoh Chalobah,Chelsea,1,0,0,0,,226
John Brooks,Trey Nyoni,Liverpool,1,0,0,0,,396
John Brooks,Tyler Adams,Bournemouth,1,0,0,3,,85
John Brooks,Tyler Dibling,Everton,1,0,0,0,,707
John Brooks,Tyrick Mitchell,Crystal Palace,1,1,0,0,,258
John Brooks,Tyrique George,Everton,1,0,0,0,,243
John Brooks,Veljko Milosavljevic,Bournemouth,1,0,0,0,,721
John Brooks,Viktor Gyökeres,Arsenal,3,1,0,4,,666
John Brooks,Virgil van Dijk,Liverpool,1,0,0,0,,373
John Brooks,Vitalii Mykolenko,Everton,1,0,0,0,,292
John Brooks,Vitaly Janelt,Brentford,3,2,0,4,,125
John Brooks,Wesley Fofana,Chelsea,1,1,0,0,,230
John Brooks,Wilfried Gnonto,Leeds,1,0,0,0,,351
John Brooks,Will Hughes,Crystal Palace,1,0,0,0,,270
John Brooks,William Saliba,Arsenal,2,0,0,0,,6
John Brooks,Wilson Isidor,Sunderland,1,0,0,0,,560
John Brooks,Wilson Odobert,Spurs,1,0,0,0,,588
John Brooks,Xavi Simons,Spurs,1,0,1,1,,717
John Brooks,Yankuba Minteh,Brighton,2,0,0,1,,160
John Brooks,Yasin Ayari,Brighton,2,0,0,3,,166
John Brooks,Yehor Yarmoliuk,Brentford,3,,0,5,,129
John Brooks,Yéremy Pino Santos,Crystal Palace,1,0,0,1,,712
John Brooks,Yerson Mosquera Valdelamar,Wolves,2,1,0,1,,634
John Brooks,Yoane Wissa,Newcastle,1,0,0,0,,135
John Brooks,Youri Tielemans,Aston Villa,1,0,0,0,,48
Lewis Smith,Alejandro Garnacho Ferreyra,Chelsea,1,0,0,0,,453
Lewis Smith,Andrey Nascimento dos Santos,Chelsea,1,0,0,1,,246
Lewis Smith,Ashley Barnes,Burnley,1,0,0,0,,218
Lewis Smith,Bashir Humphreys,Burnley,1,0,0,1,,193
Lewis Smith,Cole Palmer,Chelsea,1,0,0,0,,235
Lewis Smith,Enzo Fernández,Chelsea,1,0,0,3,,237
Lewis Smith,Florentino Ibrain Morris Luís,Burnley,1,0,0,0,,722
Lewis Smith,Gabriel Słonina,Chelsea,1,0,0,0,,223
Lewis Smith,Hannibal Mejbri,Burnley,1,1,0,1,,207
Lewis Smith,Hjalmar Ekdal,Burnley,1,0,0,0,,190
Lewis Smith,Jacob Bruun Larsen,Burnley,1,0,0,0,,202
Lewis Smith,Jaidon Anthony,Burnley,1,0,0,0,,200
Lewis Smith,James Ward-Prowse,Burnley,1,0,0,1,,614
Lewis Smith,João Pedro Junqueira de Jesus,Chelsea,1,0,0,1,,249
Lewis Smith,Joe Worrall,Burnley,1,0,0,1,,199
Lewis Smith,Jorrel Hato,Chelsea,1,1,0,1,,672
Lewis Smith,Josh Acheampong,Chelsea,1,0,0,0,,233
Lewis Smith,Josh Laurent,Burnley,1,1,0,1,,209
Lewis Smith,Kyle Walker,Burnley,1,0,0,0,,187
Lewis Smith,Lesley Ugochukwu,Burnley,1,0,0,1,,676
Lewis Smith,Liam Delap,Chelsea,1,0,0,0,,250
Lewis Smith,Loum Tchaouna,Burnley,1,0,0,0,,210
Lewis Smith,Lucas Pires Silva,Burnley,1,0,0,0,,195
Lewis Smith,Malo Gusto,Chelsea,1,0,0,1,,228
Lewis Smith,Mamadou Sarr,Chelsea,1,0,0,0,,231
Lewis Smith,Marc Guiu Paz,Chelsea,1,0,0,0,,252
Lewis Smith,Marcus Edwards,Burnley,1,0,0,1,,206
Lewis Smith,Martin Dúbravka,Burnley,1,0,0,0,,470
Lewis Smith,Max Weiß,Burnley,1,0,0,0,,183
Lewis Smith,Maxime Estève,Burnley,1,0,0,0,,191
Lewis Smith,Moisés Caicedo Corozo,Chelsea,1,0,0,0,,241
Lewis Smith,Pedro Lomba Neto,Chelsea,1,0,0,1,,236
Lewis Smith,Quilindschy Hartman,Burnley,1,0,0,0,,192
Lewis Smith,Reece James,Chelsea,1,0,0,1,,225
Lewis Smith,Robert Lynch Sánchez,Chelsea,1,1,0,0,,220
Lewis Smith,Roméo Lavia,Chelsea,1,0,0,0,,244
Lewis Smith,Tosin Adarabioyo,Chelsea,1,0,0,0,,232
Lewis Smith,Trevoh Chalobah,Chelsea,1,0,0,2,,226
Lewis Smith,Wesley Fofana,Chelsea,1,1,1,2,,230
Lewis Smith,Zian Flemming,Burnley,1,0,0,4,,215
Matthew Donohue,Aaron Hickey,Brentford,1,0,0,1,,116
Matthew Donohue,Aaron Wan-Bissaka,West Ham,1,1,0,1,,610
Matthew Donohue,Adama Traoré Diarra,West Ham,1,0,0,1,,326
Matthew Donohue,Alex Iwobi,Fulham,1,0,0,1,,324
Matthew Donohue,Alphonse Areola,West Ham,1,0,0,0,,600
Matthew Donohue,André Trindade da Costa Neto,Wolves,1,0,0,0,,643
Matthew Donohue,Antonee Robinson,Fulham,1,1,0,1,,316
Matthew Donohue,Axel Disasi,West Ham,1,0,0,3,,815
Matthew Donohue,Benjamin Lecomte,Fulham,1,0,0,0,,664
Matthew Donohue,Bernd Leno,Fulham,1,0,0,0,,314
Matthew Donohue,Brian Brobbey,Sunderland,1,0,0,1,,730
Matthew Donohue,Callum Wilson,West Ham,1,0,0,0,,671
Matthew Donohue,Calvin Bassey,Fulham,1,1,0,3,,318
Matthew Donohue,Caoimhín Kelleher,Brentford,2,0,0,1,,101
Matthew Donohue,Chris Rigg,Sunderland,1,0,0,2,,551
Matthew Donohue,Crysencio Summerville,West Ham,1,0,0,2,,615
Matthew Donohue,Dan Neil,Sunderland,1,0,0,0,,549
Matthew Donohue,Daniel Ballard,Sunderland,1,0,0,1,,531
Matthew Donohue,David Møller Wolfe,Wolves,1,0,0,1,,682
Matthew Donohue,Dennis Cirkin,Sunderland,1,0,0,0,,535
Matthew Donohue,El Hadji Malick Diouf,West Ham,1,0,0,2,,603
Matthew Donohue,Eliezer Mayenda Dossou,Sunderland,1,0,0,3,,561
Matthew Donohue,Emile Smith Rowe,Fulham,1,0,0,0,,325
Matthew Donohue,Enzo Le Fée,Sunderland,1,0,0,1,,547
Matthew Donohue,Fer López González,Wolves,1,0,0,1,,645
Matthew Donohue,Granit Xhaka,Sunderland,1,0,0,0,,668
Matthew Donohue,Harrison Reed,Fulham,1,0,0,0,,336
Matthew Donohue,Hwang Hee-chan,Wolves,1,1,0,1,,642
Matthew Donohue,Igor Thiago Nascimento Rodrigues,Brentford,2,1,0,5,,136
Matthew Donohue,Issa Diop,Fulham,1,0,0,1,,320
Matthew Donohue,Jackson Tchatchoua,Wolves,1,0,0,0,,695
Matthew Donohue,Jarrod Bowen,West Ham,1,1,0,1,,624
Matthew Donohue,Jean-Clair Todibo,West Ham,1,0,0,0,,609
Matthew Donohue,Jhon Arias,Wolves,1,0,0,0,,663
Matthew Donohue,Joachim Andersen,Fulham,1,0,0,0,,317
Matthew Donohue,João Victor Gomes da Silva,Wolves,1,1,0,3,,646
Matthew Donohue,Jordan Henderson,Brentford,1,0,0,0,,124
Matthew Donohue,José Malheiro de Sá,Wolves,1,0,0,0,,628
Matthew Donohue,Josh King,Fulham,1,0,0,1,,335
Matthew Donohue,Keane Lewis-Potter,Brentford,2,0,0,2,,107
Matthew Donohue,Kenny Tete,Fulham,1,0,0,2,,322
Matthew Donohue,Kevin Schade,Brentford,2,0,0,4,,120
Matthew Donohue,Ki-Jana Hoever,Wolves,1,0,0,1,,638
Matthew Donohue,Konstantinos Mavropanos,West Ham,1,0,0,0,,606
Matthew Donohue,Kristoffer Ajer,Brentford,1,0,0,2,,108
Matthew Donohue,Kyle Walker-Peters,West Ham,1,0,0,0,,659
Matthew Donohue,Ladislav Krejcí,Wolves,1,0,0,0,,709
Matthew Donohue,Luke O'Nien,Sunderland,1,0,0,0,,539
Matthew Donohue,Lutsharel Geertruida,Sunderland,1,0,0,0,,724
Matthew Donohue,Mads Hermansen,West Ham,1,0,0,0,,679
Matthew Donohue,Mateus Gonçalo Espanha Fernandes,West Ham,1,1,0,2,,708
Matthew Donohue,Mateus Mané,Wolves,1,0,0,0,,749
Matthew Donohue,Mathias Jensen,Brentford,2,0,0,0,,126
Matthew Donohue,Matt Doherty,Wolves,1,0,0,1,,632
Matthew Donohue,Maximilian Kilman,West Ham,1,0,0,0,,605
Matthew Donohue,Michael Kayode,Brentford,2,1,0,0,,110
Matthew Donohue,Mikkel Damsgaard,Brentford,2,0,0,1,,121
Matthew Donohue,Mohamadou Kanté,West Ham,1,1,0,0,,758
Matthew Donohue,Nathan Collins,Brentford,2,0,0,2,,106
Matthew Donohue,Nordi Mukiele,Sunderland,1,0,0,0,,694
Matthew Donohue,Ollie Scarles,West Ham,1,0,0,0,,608
Matthew Donohue,Omar Alderete,Sunderland,1,0,0,1,,683
Matthew Donohue,Oscar Bobb,Fulham,1,0,0,0,,424
Matthew Donohue,Raúl Jiménez Rodríguez,Fulham,1,0,0,2,,337
Matthew Donohue,Reiss Nelson,Brentford,1,0,0,0,,27
Matthew Donohue,Rico Henry,Brentford,2,1,0,3,,109
Matthew Donohue,Robin Roefs,Sunderland,1,0,0,0,,670
Matthew Donohue,Rodrigo Muniz Carvalho,Fulham,1,0,0,0,,338
Matthew Donohue,Romaine Mundle,Sunderland,1,0,0,0,,548
Matthew Donohue,Ryan Sessegnon,Fulham,1,0,0,0,,328
Matthew Donohue,Samuel Chukwueze,Fulham,1,0,0,0,,727
Matthew Donohue,Sander Berge,Fulham,1,0,0,0,,330
Matthew Donohue,Santiago Ignacio Bueno,Wolves,1,0,0,1,,636
Matthew Donohue,Saša Lukić,Fulham,1,0,0,0,,332
Matthew Donohue,Sepp van den Berg,Brentford,1,1,0,2,,113
Matthew Donohue,Simon Adingra,Sunderland,1,0,0,2,,543
Matthew Donohue,Soungoutou Magassa,West Ham,1,0,0,0,,718
Matthew Donohue,Timothy Castagne,Fulham,1,0,0,1,,319
Matthew Donohue,Tolu Arokodare,Wolves,1,0,0,0,,720
Matthew Donohue,Tom Cairney,Fulham,1,0,0,2,,331
Matthew Donohue,Tomáš Souček,West Ham,1,0,0,0,,613
Matthew Donohue,Trai Hume,Sunderland,1,1,0,2,,532
Matthew Donohue,Valentín Castellanos,West Ham,1,0,0,0,,791
Matthew Donohue,Vitaly Janelt,Brentford,2,2,0,2,,125
Matthew Donohue,Yehor Yarmoliuk,Brentford,2,0,0,3,,129
Michael Oliver,Aaron Wan-Bissaka,West Ham,2,0,0,3,,610
Michael Oliver,Abdukodir Khusanov,Man City,3,0,0,0,,406
Michael Oliver,Adam Aznou,Everton,1,0,0,0,,667
Michael Oliver,Adam Smith,Bournemouth,3,0,0,3,,73
Michael Oliver,Adama Traoré Diarra,West Ham,1,0,0,0,,326
Michael Oliver,Adrien Truffert,Bournemouth,4,1,0,5,,74
Michael Oliver,Alejandro Garnacho Ferreyra,Chelsea,2,0,0,0,,453
Michael Oliver,Alex Iwobi,Fulham,3,0,0,0,,324
Michael Oliver,Álex Jiménez Sánchez,Bournemouth,4,2,0,6,,713
Michael Oliver,Alex Scott,Bournemouth,4,0,0,4,,90
Michael Oliver,Alex Tóth,Bournemouth,2,0,0,0,,801
Michael Oliver,Alexander Isak,Liverpool,1,0,0,0,,499
Michael Oliver,Alexis Mac Allister,Liverpool,2,0,0,0,,386
Michael Oliver,Alisson Becker,Liverpool,1,0,0,0,,366
Michael Oliver,Alphonse Areola,West Ham,1,0,0,0,,600
Michael Oliver,Altay Bayındır,Man Utd,1,0,0,0,,431
Michael Oliver,Amad Diallo,Man Utd,3,2,0,4,,452
Michael Oliver,Amadou Onana,Aston Villa,3,0,0,2,,59
Michael Oliver,Amine Adli,Bournemouth,4,1,0,4,,697
Michael Oliver,André Trindade da Costa Neto,Wolves,2,1,0,4,,643
Michael Oliver,Andrés García,Aston Villa,1,0,0,0,,42
Michael Oliver,Andrew Robertson,Liverpool,1,0,0,0,,372
Michael Oliver,Andrey Nascimento dos Santos,Chelsea,3,0,0,1,,246
Michael Oliver,Antoine Semenyo,Man City,2,0,0,2,,82
Michael Oliver,Anton Stach,Leeds,4,0,0,3,,660
Michael Oliver,Antonee Robinson,Fulham,3,0,0,1,,316
Michael Oliver,Antonín Kinský,Spurs,2,1,0,0,,567
Michael Oliver,Archie Gray,Spurs,5,,0,4,,591
Michael Oliver,Armando Broja,Burnley,2,0,0,2,,680
Michael Oliver,Arnaud Kalimuendo,Nott'm Forest,1,0,0,1,,696
Michael Oliver,Axel Disasi,West Ham,1,0,0,1,,815
Michael Oliver,Axel Tuanzebe,Burnley,1,0,0,0,,198
Michael Oliver,Ayden Heaven,Man Utd,2,0,0,2,,447
Michael Oliver,Bafodé Diakité,Bournemouth,4,0,0,2,,685
Michael Oliver,Bart Verbruggen,Brighton,4,0,0,0,,139
Michael Oliver,Ben Gannon-Doak,Bournemouth,2,0,0,0,,391
Michael Oliver,Benjamin Lecomte,Fulham,1,0,0,0,,664
Michael Oliver,Benjamin Sesko,Man Utd,4,,0,2,,681
Michael Oliver,Benjamin White,Arsenal,3,0,0,2,,11
Michael Oliver,Benoît Badiashile Mukinayi,Chelsea,1,0,0,0,,229
Michael Oliver,Bernardo Mota Veiga de Carvalho e Silva,Man City,4,2,0,6,,416
Michael Oliver,Bernd Leno,Fulham,4,1,0,0,,314
Michael Oliver,Boubacar Kamara,Aston Villa,2,1,0,5,,58
Michael Oliver,Brajan Gruda,Brighton,1,0,0,0,,162
Michael Oliver,Brenden Aaronson,Leeds,4,1,0,1,,350
Michael Oliver,Bruno Borges Fernandes,Man Utd,4,,0,2,,449
Michael Oliver,Bryan Mbeumo,Man Utd,3,,0,4,,119
Michael Oliver,Bukayo Saka,Arsenal,2,0,0,1,,16
Michael Oliver,Callum Hudson-Odoi,Nott'm Forest,4,0,0,3,,516
Michael Oliver,Callum Wilson,West Ham,2,0,0,1,,671
Michael Oliver,Calvin Bassey,Fulham,3,0,0,3,,318
Michael Oliver,Caoimhín Kelleher,Brentford,1,0,0,0,,101
Michael Oliver,Carlos Alcaraz Durán,Everton,3,0,0,1,,301
Michael Oliver,Carlos Baleba,Brighton,4,0,0,5,,167
Michael Oliver,Carlos Henrique Casimiro,Man Utd,3,,0,3,,457
Michael Oliver,Charalampos Kostoulas,Brighton,4,1,0,1,,181
Michael Oliver,Christian Nørgaard,Arsenal,2,0,0,0,,24
Michael Oliver,Cody Gakpo,Liverpool,2,0,0,5,,384
Michael Oliver,Cole Palmer,Chelsea,3,0,0,2,,235
Michael Oliver,Conor Bradley,Liverpool,2,1,0,1,,375
Michael Oliver,Conor Gallagher,Spurs,3,,0,4,,796
Michael Oliver,Cristhian Mosquera,Arsenal,2,0,0,0,,662
Michael Oliver,Cristian Romero,Spurs,4,,1,7,,569
Michael Oliver,Curtis Jones,Liverpool,1,0,0,0,,388
Michael Oliver,Dan Ndoye,Nott'm Forest,3,0,0,1,,669
Michael Oliver,Dango Ouattara,Brentford,1,0,0,1,,83
Michael Oliver,Daniel James,Leeds,3,0,0,0,,353
Michael Oliver,Danny Welbeck,Brighton,4,0,0,1,,178
Michael Oliver,David Brooks,Bournemouth,3,0,0,0,,86
Michael Oliver,David Møller Wolfe,Wolves,2,0,0,0,,682
Michael Oliver,David Raya Martín,Arsenal,3,0,0,0,,1
Michael Oliver,Declan Rice,Arsenal,3,1,0,4,,21
Michael Oliver,Destiny Udogie,Spurs,4,2,0,5,,574
Michael Oliver,Diego Coppola,Brighton,1,0,0,0,,144
Michael Oliver,Diego Gómez Amarilla,Brighton,4,0,0,4,,169
Michael Oliver,Dilane Bakwa,Nott'm Forest,2,0,0,0,,734
Michael Oliver,Diogo Dalot Teixeira,Man Utd,4,,0,6,,440
Michael Oliver,Djed Spence,Spurs,4,0,0,6,,573
Michael Oliver,Dominic Calvert-Lewin,Leeds,4,1,0,5,,691
Michael Oliver,Dominic Solanke-Mitchell,Spurs,4,,0,1,,596
Michael Oliver,Dominik Szoboszlai,Liverpool,2,0,0,2,,387
Michael Oliver,Donyell Malen,Aston Villa,2,0,0,0,,53
Michael Oliver,Đorđe Petrović,Bournemouth,4,0,0,0,,67
Michael Oliver,Douglas Luiz Soares de Paulo,Aston Villa,2,1,0,1,,699
Michael Oliver,Dwight McNeil,Everton,3,0,0,1,,300
Michael Oliver,Eberechi Eze,Arsenal,3,0,0,0,,266
Michael Oliver,El Hadji Malick Diouf,West Ham,2,0,0,2,,603
Michael Oliver,Elliot Anderson,Nott'm Forest,4,0,0,3,,517
Michael Oliver,Emile Smith Rowe,Fulham,4,0,0,1,,325
Michael Oliver,Emiliano Buendía Stati,Aston Villa,4,1,0,4,,50
Michael Oliver,Emiliano Martínez Romero,Aston Villa,4,0,0,0,,32
Michael Oliver,Emmanuel Agbadou,Wolves,2,0,0,0,,631
Michael Oliver,Enes Ünal,Bournemouth,3,0,0,1,,98
Michael Oliver,Enzo Fernández,Chelsea,4,1,0,5,,237
Michael Oliver,Erling Haaland,Man City,4,0,0,1,,430
Michael Oliver,Estêvão Almeida de Oliveira Gonçalves,Chelsea,4,0,0,2,,238
Michael Oliver,Ethan Ampadu,Leeds,4,2,0,10,,354
Michael Oliver,Ethan Nwaneri,Arsenal,1,0,0,0,,25
Michael Oliver,Ethan Pinnock,Brentford,1,0,0,0,,111
Michael Oliver,Ezra Mayers,West Ham,1,0,0,0,,747
Michael Oliver,Ezri Konsa Ngoyo,Aston Villa,4,0,0,2,,38
Michael Oliver,Fábio Freitas Gouveia Carvalho,Brentford,1,0,0,0,,123
Michael Oliver,Federico Chiesa,Liverpool,2,0,0,0,,385
Michael Oliver,Felipe Rodrigues da Silva,Nott'm Forest,2,0,0,0,,511
Michael Oliver,Fer López González,Wolves,1,0,0,2,,645
Michael Oliver,Ferdi Kadıoğlu,Brighton,4,0,0,1,,148
Michael Oliver,Filip Jörgensen,Chelsea,1,0,0,0,,221
Michael Oliver,Florentino Ibrain Morris Luís,Burnley,2,0,0,1,,722
Michael Oliver,Florian Wirtz,Liverpool,2,0,0,2,,382
Michael Oliver,Francisco Evanilson de Lima Barbosa,Bournemouth,4,0,0,4,,97
Michael Oliver,Freddie Potts,West Ham,2,0,0,0,,623
Michael Oliver,Gabriel dos Santos Magalhães,Arsenal,2,0,0,3,,5
Michael Oliver,Gabriel Fernando de Jesus,Arsenal,2,0,0,0,,31
Michael Oliver,Gabriel Gudmundsson,Leeds,3,0,0,3,,347
Michael Oliver,Gabriel Martinelli Silva,Arsenal,3,0,0,0,,19
Michael Oliver,Georginio Rutter,Brighton,4,0,0,3,,158
Michael Oliver,Gianluigi Donnarumma,Man City,4,1,0,0,,736
Michael Oliver,Giorgi Mamardashvili,Liverpool,1,0,0,0,,367
Michael Oliver,Guglielmo Vicario,Spurs,5,,0,0,,565
Michael Oliver,Hannibal Mejbri,Burnley,2,0,0,1,,207
Michael Oliver,Harrison Armstrong,Everton,2,0,0,0,,305
Michael Oliver,Harrison Reed,Fulham,1,0,0,0,,336
Michael Oliver,Harry Maguire,Man Utd,2,,0,1,,442
Michael Oliver,Harry Wilson,Fulham,4,1,0,4,,329
Michael Oliver,Hjalmar Ekdal,Burnley,3,0,0,2,,190
Michael Oliver,Hugo Bueno López,Wolves,2,0,0,3,,633
Michael Oliver,Hugo Ekitiké,Liverpool,2,0,0,2,,661
Michael Oliver,Hwang Hee-chan,Wolves,2,0,0,0,,642
Michael Oliver,Ian Maatsen,Aston Villa,4,0,0,2,,39
Michael Oliver,Ibrahim Sangaré,Nott'm Forest,3,1,0,5,,521
Michael Oliver,Ibrahima Konaté,Liverpool,2,0,0,1,,374
Michael Oliver,Idrissa Gana Gueye,Everton,1,0,0,0,,302
Michael Oliver,Igor Jesus Maciel da Cruz,Nott'm Forest,4,0,0,4,,526
Michael Oliver,Igor Thiago Nascimento Rodrigues,Brentford,1,0,0,3,,136
Michael Oliver,Ilia Gruev,Leeds,1,1,0,3,,356
Michael Oliver,Iliman Ndiaye,Everton,3,0,0,2,,299
Michael Oliver,Issa Diop,Fulham,1,0,0,0,,320
Michael Oliver,Jack Fletcher,Man Utd,1,0,0,0,,462
Michael Oliver,Jack Grealish,Everton,2,0,0,1,,419
Michael Oliver,Jack Harrison,Leeds,2,0,0,0,,352
Michael Oliver,Jack Hinshelwood,Brighton,2,0,0,2,,163
Michael Oliver,Jackson Tchatchoua,Wolves,1,0,0,0,,695
Michael Oliver,Jacob Bruun Larsen,Burnley,2,0,0,0,,202
Michael Oliver,Jadon Sancho,Aston Villa,3,0,0,0,,456
Michael Oliver,Jaidon Anthony,Burnley,3,0,0,1,,200
Michael Oliver,Jair Paula da Cunha Filho,Nott'm Forest,1,0,0,0,,510
Michael Oliver,Jaka Bijol,Leeds,3,1,0,4,,344
Michael Oliver,Jake O'Brien,Everton,4,2,0,5,,293
Michael Oliver,James Garner,Everton,4,0,0,3,,303
Michael Oliver,James Hill,Bournemouth,3,2,0,3,,77
Michael Oliver,James Justin,Leeds,3,0,0,0,,706
Michael Oliver,James Maddison,Spurs,1,0,0,1,,581
Michael Oliver,James McAtee,Nott'm Forest,2,0,0,0,,426
Michael Oliver,James Milner,Brighton,2,0,0,0,,170
Michael Oliver,James Tarkowski,Everton,4,2,0,4,,291
Michael Oliver,James Trafford,Man City,2,0,0,0,,182
Michael Oliver,Jamie Bynoe-Gittens,Chelsea,1,0,0,0,,239
Michael Oliver,Jan Paul van Hecke,Brighton,4,0,0,1,,151
Michael Oliver,Jarrod Bowen,West Ham,2,0,0,1,,624
Michael Oliver,Jason Steele,Brighton,2,0,0,0,,138
Michael Oliver,Jayden Bogle,Leeds,3,1,0,2,,342
Michael Oliver,Jean-Clair Todibo,West Ham,2,0,0,1,,609
Michael Oliver,Jean-Ricner Bellegarde,Wolves,2,0,0,1,,644
Michael Oliver,Jeremie Frimpong,Liverpool,2,0,0,0,,370
Michael Oliver,Jérémy Doku,Man City,4,0,0,0,,418
Michael Oliver,Jhon Arias,Wolves,2,0,0,1,,663
Michael Oliver,Joachim Andersen,Fulham,4,1,0,3,,317
Michael Oliver,João Maria Lobo Alves Palhares Costa Palhinha Gonçalves,Spurs,4,2,0,5,,673
Michael Oliver,João Pedro Junqueira de Jesus,Chelsea,3,0,0,4,,249
Michael Oliver,João Victor de Souza Menezes,Spurs,1,,0,0,,804
Michael Oliver,João Victor Gomes da Silva,Wolves,2,1,0,4,,646
Michael Oliver,Joe Knight,Brighton,1,0,0,0,,175
Michael Oliver,Joe Rodon,Leeds,4,0,0,4,,348
Michael Oliver,Joe Worrall,Burnley,1,0,0,0,,199
Michael Oliver,Joël Piroe,Leeds,2,0,0,1,,362
Michael Oliver,Joël Veltman,Brighton,2,0,0,1,,152
Michael Oliver,John McGinn,Aston Villa,3,0,0,1,,54
Michael Oliver,John Stones,Man City,2,0,0,0,,409
Michael Oliver,John Victor Maciel Furtado,Nott'm Forest,1,0,0,0,,715
Michael Oliver,Jonah Kusi-Asare,Fulham,1,0,0,0,,737
Michael Oliver,Jordan Henderson,Brentford,1,0,0,0,,124
Michael Oliver,Jordan Pickford,Everton,4,0,0,0,,287
Michael Oliver,Jorge Cuenca Barreno,Fulham,2,0,0,1,,321
Michael Oliver,Jorrel Hato,Chelsea,3,2,0,3,,672
Michael Oliver,José Malheiro de Sá,Wolves,2,0,0,0,,628
Michael Oliver,Josh Acheampong,Chelsea,2,0,0,0,,233
Michael Oliver,Josh Cullen,Burnley,3,1,0,1,,205
Michael Oliver,Josh King,Fulham,4,1,0,1,,335
Michael Oliver,Josh Laurent,Burnley,2,0,0,2,,209
Michael Oliver,Joshua Zirkzee,Man Utd,3,,0,0,,466
Michael Oliver,Joško Gvardiol,Man City,2,0,0,4,,403
Michael Oliver,Junior Kroupi,Bournemouth,3,2,0,5,,100
Michael Oliver,Jurriën Timber,Arsenal,2,1,0,3,,8
Michael Oliver,Justin Kluivert,Bournemouth,2,0,0,2,,81
Michael Oliver,Kai Havertz,Arsenal,1,0,0,3,,30
Michael Oliver,Karl Darlow,Leeds,3,1,0,0,,341
Michael Oliver,Keane Lewis-Potter,Brentford,1,0,0,1,,107
Michael Oliver,Kenny Tete,Fulham,2,1,0,2,,322
Michael Oliver,Kepa Arrizabalaga Revuelta,Arsenal,2,0,0,0,,2
Michael Oliver,Kevin Danso,Spurs,3,0,0,0,,570
Michael Oliver,Kevin Santos Lopes de Macedo,Fulham,2,1,0,0,,731
Michael Oliver,Kevin Schade,Brentford,1,0,0,0,,120
Michael Oliver,Kiernan Dewsbury-Hall,Everton,3,1,0,6,,242
Michael Oliver,Kobbie Mainoo,Man Utd,3,,0,2,,458
Michael Oliver,Konstantinos Mavropanos,West Ham,1,0,0,0,,606
Michael Oliver,Kristoffer Ajer,Brentford,1,0,0,0,,108
Michael Oliver,Kyle Walker,Burnley,2,0,0,0,,187
Michael Oliver,Kyle Walker-Peters,West Ham,2,0,0,0,,659
Michael Oliver,Lamare Bogarde,Aston Villa,3,1,0,3,,44
Michael Oliver,Leandro Trossard,Arsenal,3,0,0,0,,20
Michael Oliver,Leny Yoro,Man Utd,2,0,0,1,,444
Michael Oliver,Leon Bailey,Aston Villa,2,0,0,1,,49
Michael Oliver,Lesley Ugochukwu,Burnley,3,1,1,4,,676
Michael Oliver,Lewis Cook,Bournemouth,1,0,0,0,,88
Michael Oliver,Lewis Dunk,Brighton,4,0,0,1,,146
Michael Oliver,Liam Delap,Chelsea,4,1,0,5,,250
Michael Oliver,Lisandro Martínez,Man Utd,2,,0,4,,437
Michael Oliver,Loum Tchaouna,Burnley,2,0,0,1,,210
Michael Oliver,Lucas Bergvall,Spurs,4,0,0,2,,586
Michael Oliver,Lucas Digne,Aston Villa,4,0,0,0,,37
Michael Oliver,Lucas Estella Perri,Leeds,3,0,0,0,,665
Michael Oliver,Lucas Tolentino Coelho de Lima,West Ham,1,0,0,1,,612
Michael Oliver,Lukas Nmecha,Leeds,4,0,0,1,,365
Michael Oliver,Luke Shaw,Man Utd,4,,0,5,,443
Michael Oliver,Lyle Foster,Burnley,3,0,0,6,,217
Michael Oliver,Mads Hermansen,West Ham,2,0,0,0,,679
Michael Oliver,Malo Gusto,Chelsea,4,0,0,1,,228
Michael Oliver,Manuel Ugarte Ribeiro,Man Utd,4,,0,4,,459
Michael Oliver,Marc Cucurella Saseta,Chelsea,3,0,0,4,,224
Michael Oliver,Marc Guéhi,Man City,2,0,0,0,,260
Michael Oliver,Marc Guiu Paz,Chelsea,2,1,0,2,,252
Michael Oliver,Marco Bizot,Aston Villa,1,0,0,0,,33
Michael Oliver,Marcos Senesi Barón,Bournemouth,4,0,0,7,,72
Michael Oliver,Marcus Edwards,Burnley,2,0,0,0,,206
Michael Oliver,Marcus Tavernier,Bournemouth,3,0,0,4,,84
Michael Oliver,Mark Travers,Everton,2,0,0,0,,288
Michael Oliver,Marli Salmon,Arsenal,1,0,0,0,,759
Michael Oliver,Marshall Munetsi,Wolves,1,0,0,3,,648
Michael Oliver,Martin Dúbravka,Burnley,3,0,0,0,,470
Michael Oliver,Martin Ødegaard,Arsenal,1,0,0,0,,17
Michael Oliver,Martín Zubimendi Ibáñez,Arsenal,3,0,0,4,,26
Michael Oliver,Mason Mount,Man Utd,3,1,0,4,,455
Michael Oliver,Mateo Kovačić,Man City,2,0,0,0,,422
Michael Oliver,Mateus Gonçalo Espanha Fernandes,West Ham,1,1,0,5,,708
Michael Oliver,Mateus Mané,Wolves,1,0,0,1,,749
Michael Oliver,Matheus Nunes,Man City,4,1,0,1,,407
Michael Oliver,Matheus Santos Carneiro da Cunha,Man Utd,4,,0,4,,450
Michael Oliver,Mathys Tel,Spurs,5,,0,4,,584
Michael Oliver,Mats Wieffer,Brighton,2,1,0,4,,173
Michael Oliver,Matt O'Riley,Brighton,1,0,0,0,,164
Michael Oliver,Matthijs de Ligt,Man Utd,1,0,0,1,,436
Michael Oliver,Matty Cash,Aston Villa,4,0,0,3,,36
Michael Oliver,Matz Sels,Nott'm Forest,3,0,0,0,,502
Michael Oliver,Max Dowman,Arsenal,2,0,0,1,,700
Michael Oliver,Maxim De Cuyper,Brighton,3,0,0,1,,145
Michael Oliver,Maxime Estève,Burnley,3,0,0,1,,191
Michael Oliver,Maximilian Kilman,West Ham,2,0,0,2,,605
Michael Oliver,Merlin Röhl,Everton,3,0,0,4,,728
Michael Oliver,Michael Kayode,Brentford,1,0,0,0,,110
Michael Oliver,Michael Keane,Everton,3,1,0,1,,295
Michael Oliver,Micky van de Ven,Spurs,5,,0,8,,575
Michael Oliver,Mike Trésor Ndayishimiye,Burnley,1,0,0,0,,214
Michael Oliver,Mikel Merino Zazón,Arsenal,2,0,0,4,,22
Michael Oliver,Mikkel Damsgaard,Brentford,1,0,0,0,,121
Michael Oliver,Milos Kerkez,Liverpool,2,1,0,2,,371
Michael Oliver,Mitoma Kaoru,Brighton,1,0,0,0,,157
Michael Oliver,Mohamadou Kanté,West Ham,1,0,0,0,,758
Michael Oliver,Mohamed Salah,Liverpool,2,0,0,1,,381
Michael Oliver,Mohammed Kudus,Spurs,2,0,0,1,,582
Michael Oliver,Moisés Caicedo Corozo,Chelsea,2,0,0,3,,241
Michael Oliver,Morgan Gibbs-White,Nott'm Forest,4,0,0,4,,515
Michael Oliver,Morgan Rogers,Aston Villa,4,0,0,3,,47
Michael Oliver,Murillo Costa dos Santos,Nott'm Forest,3,0,0,2,,506
Michael Oliver,Myles Lewis-Skelly,Arsenal,2,0,0,1,,10
Michael Oliver,Nathan Aké,Man City,3,0,0,0,,405
Michael Oliver,Nathan Collins,Brentford,1,1,0,3,,106
Michael Oliver,Nathan Patterson,Everton,2,0,0,0,,296
Michael Oliver,Nayef Aguerd,West Ham,1,0,0,0,,607
Michael Oliver,Neco Williams,Nott'm Forest,4,0,0,6,,508
Michael Oliver,Nehemiah Oriola,Brighton,1,0,0,0,,744
Michael Oliver,Niclas Füllkrug,West Ham,1,0,0,0,,625
Michael Oliver,Nico González Iglesias,Man City,3,1,0,3,,423
Michael Oliver,Nico O'Reilly,Man City,4,0,0,4,,411
Michael Oliver,Nicolás Domínguez,Nott'm Forest,4,0,0,3,,519
Michael Oliver,Nicolò Savona,Nott'm Forest,1,0,0,3,,716
Michael Oliver,Nikola Milenković,Nott'm Forest,4,0,0,1,,505
Michael Oliver,Noah Okafor,Leeds,2,0,0,3,,698
Michael Oliver,Noni Madueke,Arsenal,3,0,0,2,,18
Michael Oliver,Norberto Bercique Gomes Betuncal,Everton,4,1,0,4,,311
Michael Oliver,Noussair Mazraoui,Man Utd,2,,0,3,,438
Michael Oliver,Ola Aina,Nott'm Forest,2,1,0,3,,507
Michael Oliver,Oleksandr Zinchenko,Nott'm Forest,1,0,0,0,,12
Michael Oliver,Oliver Sonne,Burnley,2,0,0,1,,197
Michael Oliver,Olivier Boscagli,Brighton,3,0,0,1,,143
Michael Oliver,Ollie Watkins,Aston Villa,4,0,0,5,,64
Michael Oliver,Omar Marmoush,Man City,3,1,0,1,,413
Michael Oliver,Omari Hutchinson,Nott'm Forest,4,0,0,2,,693
Michael Oliver,Oscar Bobb,Fulham,1,0,0,0,,424
Michael Oliver,Pablo Felipe Pereira de Jesus,West Ham,1,0,0,0,,785
Michael Oliver,Pape Matar Sarr,Spurs,5,,0,6,,593
Michael Oliver,Pascal Groß,Brighton,2,0,0,0,,783
Michael Oliver,Pascal Struijk,Leeds,2,0,0,1,,343
Michael Oliver,Patrick Dorgu,Man Utd,2,0,0,1,,441
Michael Oliver,Pau Torres,Aston Villa,3,1,0,3,,41
Michael Oliver,Pedro Cardoso de Lima,Wolves,1,0,0,0,,640
Michael Oliver,Pedro Lomba Neto,Chelsea,4,1,0,3,,236
Michael Oliver,Pedro Porro Sauceda,Spurs,4,1,0,5,,568
Michael Oliver,Phil Foden,Man City,4,1,0,2,,414
Michael Oliver,Piero Hincapié,Arsenal,2,0,0,1,,725
Michael Oliver,Quilindschy Hartman,Burnley,3,0,0,1,,192
Michael Oliver,Radu Drăgușin,Spurs,3,,0,0,,572
Michael Oliver,Randal Kolo Muani,Spurs,4,,0,2,,726
Michael Oliver,Raúl Jiménez Rodríguez,Fulham,4,0,0,8,,337
Michael Oliver,Rayan Aït-Nouri,Man City,2,0,0,0,,402
Michael Oliver,Rayan Cherki,Man City,4,0,0,1,,417
Michael Oliver,Rayan Vitor Simplício Rocha,Bournemouth,2,0,0,1,,807
Michael Oliver,Reece James,Chelsea,3,1,0,9,,225
Michael Oliver,Riccardo Calafiori,Arsenal,1,0,0,1,,7
Michael Oliver,Richarlison de Andrade,Spurs,4,0,0,4,,597
Michael Oliver,Rico Henry,Brentford,1,0,0,1,,109
Michael Oliver,Rio Ngumoha,Liverpool,1,0,0,0,,686
Michael Oliver,Robert Lynch Sánchez,Chelsea,3,0,0,0,,220
Michael Oliver,Rodrigo 'Rodri' Hernandez Cascante,Man City,2,0,0,1,,421
Michael Oliver,Rodrigo Bentancur,Spurs,3,1,0,2,,585
Michael Oliver,Rodrigo Martins Gomes,Wolves,2,0,0,2,,635
Michael Oliver,Rodrigo Muniz Carvalho,Fulham,2,0,0,3,,338
Michael Oliver,Roméo Lavia,Chelsea,1,0,0,1,,244
Michael Oliver,Ross Barkley,Aston Villa,3,0,0,1,,55
Michael Oliver,Rúben dos Santos Gato Alves Dias,Man City,2,1,0,4,,408
Michael Oliver,Ryan Christie,Bournemouth,3,0,0,3,,87
Michael Oliver,Ryan Gravenberch,Liverpool,2,0,0,0,,390
Michael Oliver,Ryan Sessegnon,Fulham,3,0,0,3,,328
Michael Oliver,Ryan Yates,Nott'm Forest,2,0,0,0,,522
Michael Oliver,Sam Byram,Leeds,1,0,0,0,,346
Michael Oliver,Samuel Chukwueze,Fulham,3,0,0,0,,727
Michael Oliver,Sander Berge,Fulham,4,1,0,4,,330
Michael Oliver,Santiago Ignacio Bueno,Wolves,2,0,0,3,,636
Michael Oliver,Saša Kalajdžić,Wolves,1,0,0,0,,656
Michael Oliver,Saša Lukić,Fulham,3,1,0,6,,332
Michael Oliver,Sávio Moreira de Oliveira,Man City,2,1,0,2,,415
Michael Oliver,Séamus Coleman,Everton,3,0,0,0,,294
Michael Oliver,Sean Longstaff,Leeds,4,0,0,0,,493
Michael Oliver,Sebastiaan Bornauw,Leeds,2,0,0,2,,345
Michael Oliver,Senne Lammens,Man Utd,4,,0,0,,733
Michael Oliver,Sepp van den Berg,Brentford,1,0,0,1,,113
Michael Oliver,Shea Lacey,Man Utd,2,0,0,0,,755
Michael Oliver,Solly March,Brighton,1,0,0,0,,159
Michael Oliver,Soungoutou Magassa,West Ham,1,1,0,1,,718
Michael Oliver,Stefanos Tzimas,Brighton,2,0,0,1,,180
Michael Oliver,Taiwo Awoniyi,Nott'm Forest,2,1,0,1,,527
Michael Oliver,Tammy Abraham,Aston Villa,2,0,0,0,,808
Michael Oliver,Tanaka Ao,Leeds,4,0,0,1,,358
Michael Oliver,Thierno Barry,Everton,4,0,0,9,,310
Michael Oliver,Tijjani Reijnders,Man City,4,1,0,5,,427
Michael Oliver,Tim Iroegbunam,Everton,4,0,0,6,,304
Michael Oliver,Timothy Castagne,Fulham,3,1,0,2,,319
Michael Oliver,Tolu Arokodare,Wolves,1,0,0,0,,720
Michael Oliver,Tom Cairney,Fulham,3,0,0,1,,331
Michael Oliver,Tom Watson,Brighton,1,0,0,1,,172
Michael Oliver,Tomáš Souček,West Ham,2,0,0,1,,613
Michael Oliver,Tosin Adarabioyo,Chelsea,2,0,0,0,,232
Michael Oliver,Toti Gomes,Wolves,1,0,0,1,,637
Michael Oliver,Trevoh Chalobah,Chelsea,4,0,0,1,,226
Michael Oliver,Tyler Adams,Bournemouth,2,0,0,0,,85
Michael Oliver,Tyler Dibling,Everton,3,0,0,1,,707
Michael Oliver,Tyler Fletcher,Man Utd,1,,0,0,,771
Michael Oliver,Tyrell Malacia,Man Utd,1,0,0,0,,448
Michael Oliver,Tyrique George,Everton,2,0,0,1,,243
Michael Oliver,Tyrone Mings,Aston Villa,2,0,0,2,,40
Michael Oliver,Valentín Castellanos,West Ham,1,0,0,1,,791
Michael Oliver,Victor Lindelöf,Aston Villa,3,0,0,1,,719
Michael Oliver,Viktor Gyökeres,Arsenal,2,1,0,3,,666
Michael Oliver,Virgil van Dijk,Liverpool,2,0,0,1,,373
Michael Oliver,Vitalii Mykolenko,Everton,4,0,0,3,,292
Michael Oliver,Vitaly Janelt,Brentford,1,0,0,1,,125
Michael Oliver,Wesley Fofana,Chelsea,3,0,0,3,,230
Michael Oliver,Wilfried Gnonto,Leeds,2,0,0,0,,351
Michael Oliver,William Saliba,Arsenal,3,0,0,4,,6
Michael Oliver,Willy Boly,Nott'm Forest,1,0,0,0,,514
Michael Oliver,Wilson Odobert,Spurs,3,,0,0,,588
Michael Oliver,Xavi Simons,Spurs,3,,0,1,,717
Michael Oliver,Yankuba Minteh,Brighton,4,0,0,3,,160
Michael Oliver,Yasin Ayari,Brighton,4,0,0,2,,166
Michael Oliver,Yehor Yarmoliuk,Brentford,1,0,0,2,,129
Michael Oliver,Yerson Mosquera Valdelamar,Wolves,1,1,0,1,,634
Michael Oliver,Youri Tielemans,Aston Villa,2,0,0,2,,48
Michael Oliver,Yves Bissouma,Spurs,2,,0,0,,587
Michael Oliver,Zach Abbott,Nott'm Forest,1,0,0,0,,513
Michael Oliver,Zian Flemming,Burnley,2,0,0,1,,215
Michael Salisbury,Aaron Hickey,Brentford,1,0,0,0,,116
Michael Salisbury,Aaron Wan-Bissaka,West Ham,1,0,0,1,,610
Michael Salisbury,Adam Smith,Bournemouth,2,0,0,0,,73
Michael Salisbury,Adam Wharton,Crystal Palace,1,1,0,4,,273
Michael Salisbury,Adrien Truffert,Bournemouth,3,0,0,3,,74
Michael Salisbury,Álex Jiménez Sánchez,Bournemouth,3,1,0,5,,713
Michael Salisbury,Alex Scott,Bournemouth,3,0,0,2,,90
Michael Salisbury,Alex Tóth,Bournemouth,2,0,0,0,,801
Michael Salisbury,Alexis Mac Allister,Liverpool,1,0,0,1,,386
Michael Salisbury,Alisson Becker,Liverpool,1,0,0,0,,366
Michael Salisbury,Alphonse Areola,West Ham,2,0,0,0,,600
Michael Salisbury,Altay Bayındır,Man Utd,1,0,0,0,,431
Michael Salisbury,Amad Diallo,Man Utd,2,0,0,3,,452
Michael Salisbury,Amadou Onana,Aston Villa,1,0,0,2,,59
Michael Salisbury,Amine Adli,Bournemouth,3,0,0,6,,697
Michael Salisbury,André Trindade da Costa Neto,Wolves,2,0,0,4,,643
Michael Salisbury,Andrés García,Aston Villa,1,0,0,0,,42
Michael Salisbury,Andrew Robertson,Liverpool,1,0,0,0,,372
Michael Salisbury,Angus Gunn,Nott'm Forest,1,0,0,0,,675
Michael Salisbury,Anthony Gordon,Newcastle,1,1,0,0,,485
Michael Salisbury,Antoine Semenyo,Man City,1,0,0,2,,82
Michael Salisbury,Anton Stach,Leeds,1,0,0,1,,660
Michael Salisbury,Armando Broja,Burnley,1,0,0,0,,680
Michael Salisbury,Axel Tuanzebe,Burnley,1,0,0,2,,198
Michael Salisbury,Ayden Heaven,Man Utd,2,0,0,0,,447
Michael Salisbury,Bafodé Diakité,Bournemouth,2,0,0,0,,685
Michael Salisbury,Bart Verbruggen,Brighton,1,0,0,0,,139
Michael Salisbury,Ben Gannon-Doak,Bournemouth,1,0,0,0,,391
Michael Salisbury,Bernardo Mota Veiga de Carvalho e Silva,Man City,1,1,0,0,,416
Michael Salisbury,Brajan Gruda,Brighton,1,0,0,0,,162
Michael Salisbury,Brenden Aaronson,Leeds,2,0,0,2,,350
Michael Salisbury,Brennan Johnson,Crystal Palace,1,0,0,0,,580
Michael Salisbury,Bruno Borges Fernandes,Man Utd,2,0,0,0,,449
Michael Salisbury,Bruno Guimarães Rodriguez Moura,Newcastle,1,0,0,0,,488
Michael Salisbury,Bryan Mbeumo,Man Utd,2,1,0,2,,119
Michael Salisbury,Callum Hudson-Odoi,Nott'm Forest,2,0,0,1,,516
Michael Salisbury,Callum Wilson,West Ham,2,0,0,2,,671
Michael Salisbury,Caoimhín Kelleher,Brentford,1,0,0,0,,101
Michael Salisbury,Carlos Alcaraz Durán,Everton,2,,0,2,,301
Michael Salisbury,Carlos Henrique Casimiro,Man Utd,2,1,0,3,,457
Michael Salisbury,Chadi Riad Dnanou,Crystal Palace,1,1,0,0,,262
Michael Salisbury,Charalampos Kostoulas,Brighton,1,1,0,1,,181
Michael Salisbury,Chemsdine Talbi,Sunderland,1,0,0,0,,553
Michael Salisbury,Chris Richards,Crystal Palace,2,,0,2,,261
Michael Salisbury,Chris Wood,Nott'm Forest,2,0,0,0,,525
Michael Salisbury,Christantus Uche,Crystal Palace,2,,0,1,,732
Michael Salisbury,Cody Gakpo,Liverpool,1,0,0,0,,384
Michael Salisbury,Cristian Romero,Spurs,1,0,0,1,,569
Michael Salisbury,Crysencio Summerville,West Ham,2,0,0,2,,615
Michael Salisbury,Curtis Jones,Liverpool,1,0,0,0,,388
Michael Salisbury,Daichi Kamada,Crystal Palace,1,,0,2,,271
Michael Salisbury,Dan Ndoye,Nott'm Forest,2,0,0,0,,669
Michael Salisbury,Dango Ouattara,Brentford,1,0,0,1,,83
Michael Salisbury,Daniel Ballard,Sunderland,1,0,0,0,,531
Michael Salisbury,Daniel James,Leeds,1,0,0,0,,353
Michael Salisbury,Daniel Muñoz Mejía,Crystal Palace,2,1,0,4,,256
Michael Salisbury,Danny Welbeck,Brighton,1,1,0,3,,178
Michael Salisbury,David Brooks,Bournemouth,1,0,0,0,,86
Michael Salisbury,David Møller Wolfe,Wolves,1,0,0,0,,682
Michael Salisbury,Dean Henderson,Crystal Palace,2,,0,0,,253
Michael Salisbury,Destiny Udogie,Spurs,1,0,0,0,,574
Michael Salisbury,Diego Gómez Amarilla,Brighton,1,0,0,2,,169
Michael Salisbury,Dilane Bakwa,Nott'm Forest,2,0,0,0,,734
Michael Salisbury,Diogo Dalot Teixeira,Man Utd,2,0,0,1,,440
Michael Salisbury,Djed Spence,Spurs,1,0,0,1,,573
Michael Salisbury,Dominic Calvert-Lewin,Leeds,2,1,0,7,,691
Michael Salisbury,Dominik Szoboszlai,Liverpool,1,0,0,0,,387
Michael Salisbury,Đorđe Petrović,Bournemouth,3,0,0,0,,67
Michael Salisbury,Douglas Luiz Soares de Paulo,Aston Villa,1,0,0,0,,699
Michael Salisbury,Dwight McNeil,Everton,1,0,0,1,,300
Michael Salisbury,Eddie Nketiah,Crystal Palace,1,,0,1,,284
Michael Salisbury,El Hadji Malick Diouf,West Ham,1,0,0,1,,603
Michael Salisbury,Eliezer Mayenda Dossou,Sunderland,1,0,0,1,,561
Michael Salisbury,Elliot Anderson,Nott'm Forest,3,1,0,5,,517
Michael Salisbury,Emiliano Buendía Stati,Aston Villa,1,0,0,1,,50
Michael Salisbury,Emmanuel Agbadou,Wolves,2,0,0,0,,631
Michael Salisbury,Endo Wataru,Liverpool,1,0,0,0,,392
Michael Salisbury,Enes Ünal,Bournemouth,3,1,0,1,,98
Michael Salisbury,Enzo Le Fée,Sunderland,1,0,0,0,,547
Michael Salisbury,Erling Haaland,Man City,1,0,0,0,,430
Michael Salisbury,Ethan Ampadu,Leeds,2,1,0,5,,354
Michael Salisbury,Ethan Pinnock,Brentford,1,0,0,0,,111
Michael Salisbury,Ezra Mayers,West Ham,1,0,0,0,,747
Michael Salisbury,Ezri Konsa Ngoyo,Aston Villa,1,0,0,0,,38
Michael Salisbury,Fabian Schär,Newcastle,1,0,0,1,,474
Michael Salisbury,Facundo Buonanotte,Leeds,1,0,0,0,,168
Michael Salisbury,Felipe Rodrigues da Silva,Nott'm Forest,3,0,0,1,,511
Michael Salisbury,Fer López González,Wolves,1,0,0,1,,645
Michael Salisbury,Ferdi Kadıoğlu,Brighton,1,0,0,0,,148
Michael Salisbury,Florentino Ibrain Morris Luís,Burnley,1,0,0,1,,722
Michael Salisbury,Florian Wirtz,Liverpool,1,0,0,2,,382
Michael Salisbury,Francisco Evanilson de Lima Barbosa,Bournemouth,3,1,0,3,,97
Michael Salisbury,Freddie Potts,West Ham,2,0,0,4,,623
Michael Salisbury,Gabriel Gudmundsson,Leeds,2,0,0,0,,347
Michael Salisbury,Georginio Rutter,Brighton,1,0,0,1,,158
Michael Salisbury,Gianluigi Donnarumma,Man City,1,0,0,0,,736
Michael Salisbury,Granit Xhaka,Sunderland,1,0,0,1,,668
Michael Salisbury,Guglielmo Vicario,Spurs,1,0,0,0,,565
Michael Salisbury,Habib Diarra,Sunderland,1,0,0,0,,544
Michael Salisbury,Hákon Rafn Valdimarsson,Brentford,1,0,0,0,,105
Michael Salisbury,Hannibal Mejbri,Burnley,2,0,0,3,,207
Michael Salisbury,Harry Maguire,Man Utd,1,0,0,1,,442
Michael Salisbury,Harvey Barnes,Newcastle,1,0,0,3,,487
Michael Salisbury,Hjalmar Ekdal,Burnley,1,0,0,0,,190
Michael Salisbury,Hugo Bueno López,Wolves,2,0,0,2,,633
Michael Salisbury,Hugo Ekitiké,Liverpool,1,0,0,2,,661
Michael Salisbury,Hwang Hee-chan,Wolves,1,0,0,0,,642
Michael Salisbury,Ian Maatsen,Aston Villa,1,0,0,1,,39
Michael Salisbury,Ibrahim Sangaré,Nott'm Forest,3,0,0,2,,521
Michael Salisbury,Idrissa Gana Gueye,Everton,1,,0,2,,302
Michael Salisbury,Igor Jesus Maciel da Cruz,Nott'm Forest,3,0,0,2,,526
Michael Salisbury,Igor Thiago Nascimento Rodrigues,Brentford,1,0,0,5,,136
Michael Salisbury,Ilia Gruev,Leeds,1,0,0,0,,356
Michael Salisbury,Iliman Ndiaye,Everton,2,1,0,3,,299
Michael Salisbury,Ismaïla Sarr,Crystal Palace,2,,0,0,,267
Michael Salisbury,Jack Grealish,Everton,2,,0,2,,419
Michael Salisbury,Jack Hinshelwood,Brighton,1,0,0,0,,163
Michael Salisbury,Jackson Tchatchoua,Wolves,2,0,0,0,,695
Michael Salisbury,Jacob Bruun Larsen,Burnley,2,0,0,0,,202
Michael Salisbury,Jacob Murphy,Newcastle,1,0,0,1,,489
Michael Salisbury,Jacob Ramsey,Newcastle,1,0,0,0,,52
Michael Salisbury,Jaidon Anthony,Burnley,2,0,0,1,,200
Michael Salisbury,Jair Paula da Cunha Filho,Nott'm Forest,1,0,0,0,,510
Michael Salisbury,Jaka Bijol,Leeds,2,0,0,0,,344
Michael Salisbury,Jake O'Brien,Everton,2,,0,1,,293
Michael Salisbury,James Garner,Everton,2,1,0,2,,303
Michael Salisbury,James Hill,Bournemouth,2,0,0,0,,77
Michael Salisbury,James Justin,Leeds,2,0,0,0,,706
Michael Salisbury,James McAtee,Nott'm Forest,2,0,0,0,,426
Michael Salisbury,James Milner,Brighton,1,1,0,2,,170
Michael Salisbury,James Tarkowski,Everton,2,,0,0,,291
Michael Salisbury,James Trafford,Man City,1,0,0,0,,182
Michael Salisbury,Jan Paul van Hecke,Brighton,1,1,0,1,,151
Michael Salisbury,Jarrod Bowen,West Ham,2,1,0,3,,624
Michael Salisbury,Jayden Bogle,Leeds,1,0,0,2,,342
Michael Salisbury,Jean-Clair Todibo,West Ham,2,0,0,2,,609
Michael Salisbury,Jean-Philippe Mateta,Crystal Palace,1,,0,0,,283
Michael Salisbury,Jean-Ricner Bellegarde,Wolves,2,0,0,1,,644
Michael Salisbury,Jefferson Lerma Solís,Crystal Palace,2,,0,1,,272
Michael Salisbury,Jenson Seelt,Sunderland,1,0,0,1,,542
Michael Salisbury,Jeremie Frimpong,Liverpool,1,0,0,0,,370
Michael Salisbury,Jérémy Doku,Man City,1,0,0,1,,418
Michael Salisbury,Jhon Arias,Wolves,2,0,0,1,,663
Michael Salisbury,João Maria Lobo Alves Palhares Costa Palhinha Gonçalves,Spurs,1,1,0,0,,673
Michael Salisbury,João Victor Gomes da Silva,Wolves,1,1,0,3,,646
Michael Salisbury,Joe Gomez,Liverpool,1,0,0,0,,376
Michael Salisbury,Joe Rodon,Leeds,2,0,0,1,,348
Michael Salisbury,Joe Worrall,Burnley,1,0,0,0,,199
Michael Salisbury,Joël Piroe,Leeds,1,0,0,0,,362
Michael Salisbury,Joël Veltman,Brighton,1,0,0,3,,152
Michael Salisbury,Joelinton Cássio Apolinário de Lira,Newcastle,1,1,0,2,,490
Michael Salisbury,John McGinn,Aston Villa,1,1,0,1,,54
Michael Salisbury,John Stones,Man City,1,0,0,0,,409
Michael Salisbury,John Victor Maciel Furtado,Nott'm Forest,1,0,0,0,,715
Michael Salisbury,Jordan Henderson,Brentford,1,1,0,0,,124
Michael Salisbury,Jordan Pickford,Everton,2,,0,0,,287
Michael Salisbury,Josh Cullen,Burnley,2,0,0,1,,205
Michael Salisbury,Josh Laurent,Burnley,1,0,0,1,,209
Michael Salisbury,Joshua Zirkzee,Man Utd,2,1,0,1,,466
Michael Salisbury,Julio Soler Barreto,Bournemouth,1,0,0,0,,80
Michael Salisbury,Junior Kroupi,Bournemouth,3,2,0,1,,100
Michael Salisbury,Justin Devenny,Crystal Palace,1,,0,1,,276
Michael Salisbury,Justin Kluivert,Bournemouth,1,1,0,2,,81
Michael Salisbury,Karl Darlow,Leeds,1,0,0,0,,341
Michael Salisbury,Keane Lewis-Potter,Brentford,1,0,0,0,,107
Michael Salisbury,Kevin Schade,Brentford,1,0,0,3,,120
Michael Salisbury,Ki-Jana Hoever,Wolves,1,0,0,1,,638
Michael Salisbury,Kiernan Dewsbury-Hall,Everton,1,0,0,1,,242
Michael Salisbury,Kobbie Mainoo,Man Utd,2,0,0,0,,458
Michael Salisbury,Konstantinos Mavropanos,West Ham,1,0,0,0,,606
Michael Salisbury,Kristoffer Ajer,Brentford,1,1,0,1,,108
Michael Salisbury,Kyle Walker,Burnley,2,1,0,3,,187
Michael Salisbury,Kyle Walker-Peters,West Ham,2,0,0,2,,659
Michael Salisbury,Ladislav Krejcí,Wolves,2,1,0,3,,709
Michael Salisbury,Lamare Bogarde,Aston Villa,1,0,0,0,,44
Michael Salisbury,Leny Yoro,Man Utd,2,0,0,1,,444
Michael Salisbury,Leon Bailey,Aston Villa,1,0,0,0,,49
Michael Salisbury,Lesley Ugochukwu,Burnley,2,0,0,2,,676
Michael Salisbury,Lewis Cook,Bournemouth,1,0,0,0,,88
Michael Salisbury,Lewis Dunk,Brighton,1,1,0,2,,146
Michael Salisbury,Lewis Hall,Newcastle,1,0,0,0,,473
Michael Salisbury,Lewis Miley,Newcastle,1,0,0,0,,497
Michael Salisbury,Lisandro Martínez,Man Utd,2,0,0,0,,437
Michael Salisbury,Loum Tchaouna,Burnley,2,0,0,0,,210
Michael Salisbury,Luca Netz,Nott'm Forest,1,0,0,0,,814
Michael Salisbury,Lucas Bergvall,Spurs,1,1,0,2,,586
Michael Salisbury,Lucas Digne,Aston Villa,1,0,0,1,,37
Michael Salisbury,Lucas Estella Perri,Leeds,2,0,0,0,,665
Michael Salisbury,Lucas Pires Silva,Burnley,1,0,0,0,,195
Michael Salisbury,Lucas Tolentino Coelho de Lima,West Ham,2,1,0,2,,612
Michael Salisbury,Lukas Nmecha,Leeds,2,0,0,0,,365
Michael Salisbury,Luke Shaw,Man Utd,2,1,0,5,,443
Michael Salisbury,Lyle Foster,Burnley,1,0,0,3,,217
Michael Salisbury,Malick Thiaw,Newcastle,1,1,0,3,,684
Michael Salisbury,Manuel Ugarte Ribeiro,Man Utd,1,0,0,0,,459
Michael Salisbury,Marc Guéhi,Man City,1,0,0,0,,260
Michael Salisbury,Marco Bizot,Aston Villa,1,0,0,0,,33
Michael Salisbury,Marcos Senesi Barón,Bournemouth,2,0,0,0,,72
Michael Salisbury,Marcus Edwards,Burnley,1,0,0,0,,206
Michael Salisbury,Marcus Tavernier,Bournemouth,2,0,0,0,,84
Michael Salisbury,Marshall Munetsi,Wolves,1,0,0,2,,648
Michael Salisbury,Martin Dúbravka,Burnley,2,0,0,0,,470
Michael Salisbury,Mason Mount,Man Utd,2,0,0,2,,455
Michael Salisbury,Mateo Kovačić,Man City,1,0,0,0,,422
Michael Salisbury,Mateus Gonçalo Espanha Fernandes,West Ham,2,2,0,3,,708
Michael Salisbury,Mateus Mané,Wolves,1,0,0,0,,749
Michael Salisbury,Matheus Nunes,Man City,1,1,0,2,,407
Michael Salisbury,Matheus Santos Carneiro da Cunha,Man Utd,2,0,0,1,,450
Michael Salisbury,Mathias Jensen,Brentford,1,0,0,1,,126
Michael Salisbury,Mathys Tel,Spurs,1,0,0,0,,584
Michael Salisbury,Matt Doherty,Wolves,1,1,0,2,,632
Michael Salisbury,Matty Cash,Aston Villa,1,1,0,1,,36
Michael Salisbury,Matz Sels,Nott'm Forest,3,0,0,0,,502
Michael Salisbury,Maxence Lacroix,Crystal Palace,2,,0,6,,257
Michael Salisbury,Maxim De Cuyper,Brighton,1,0,0,0,,145
Michael Salisbury,Maxime Estève,Burnley,2,0,0,0,,191
Michael Salisbury,Maximilian Kilman,West Ham,2,1,0,1,,605
Michael Salisbury,Michael Kayode,Brentford,1,0,0,1,,110
Michael Salisbury,Michael Keane,Everton,1,,0,1,,295
Michael Salisbury,Micky van de Ven,Spurs,1,0,0,0,,575
Michael Salisbury,Mikkel Damsgaard,Brentford,1,0,0,0,,121
Michael Salisbury,Milos Kerkez,Liverpool,1,0,0,0,,371
Michael Salisbury,Mitoma Kaoru,Brighton,1,0,0,0,,157
Michael Salisbury,Mohamadou Kanté,West Ham,1,0,0,0,,758
Michael Salisbury,Mohamed Salah,Liverpool,1,0,0,1,,381
Michael Salisbury,Mohammed Kudus,Spurs,1,0,0,2,,582
Michael Salisbury,Morgan Gibbs-White,Nott'm Forest,3,0,0,1,,515
Michael Salisbury,Morgan Rogers,Aston Villa,1,0,0,1,,47
Michael Salisbury,Murillo Costa dos Santos,Nott'm Forest,2,1,0,4,,506
Michael Salisbury,Nathan Aké,Man City,1,0,0,0,,405
Michael Salisbury,Nathan Collins,Brentford,1,0,0,0,,106
Michael Salisbury,Neco Williams,Nott'm Forest,3,0,1,3,,508
Michael Salisbury,Nick Pope,Newcastle,1,0,0,0,,469
Michael Salisbury,Nick Woltemade,Newcastle,1,0,0,1,,714
Michael Salisbury,Nico González Iglesias,Man City,1,0,0,0,,423
Michael Salisbury,Nico O'Reilly,Man City,1,1,0,2,,411
Michael Salisbury,Nicolás Domínguez,Nott'm Forest,3,0,0,1,,519
Michael Salisbury,Nikola Milenković,Nott'm Forest,3,1,0,1,,505
Michael Salisbury,Noah Okafor,Leeds,2,0,0,0,,698
Michael Salisbury,Noah Sadiki,Sunderland,1,0,0,1,,552
Michael Salisbury,Norberto Bercique Gomes Betuncal,Everton,2,,0,2,,311
Michael Salisbury,Noussair Mazraoui,Man Utd,2,0,0,3,,438
Michael Salisbury,Ola Aina,Nott'm Forest,2,0,0,1,,507
Michael Salisbury,Oliver Sonne,Burnley,1,0,0,1,,197
Michael Salisbury,Ollie Scarles,West Ham,1,0,0,0,,608
Michael Salisbury,Ollie Watkins,Aston Villa,1,0,0,1,,64
Michael Salisbury,Omar Alderete,Sunderland,1,0,0,1,,683
Michael Salisbury,Omar Marmoush,Man City,1,1,0,0,,413
Michael Salisbury,Omari Hutchinson,Nott'm Forest,2,1,0,2,,693
Michael Salisbury,Pape Matar Sarr,Spurs,1,0,0,1,,593
Michael Salisbury,Pascal Struijk,Leeds,2,0,0,0,,343
Michael Salisbury,Patrick Dorgu,Man Utd,2,0,0,0,,441
Michael Salisbury,Patrick Roberts,Sunderland,1,0,0,0,,545
Michael Salisbury,Pau Torres,Aston Villa,1,0,0,1,,41
Michael Salisbury,Pedro Porro Sauceda,Spurs,1,0,0,0,,568
Michael Salisbury,Phil Foden,Man City,1,0,0,0,,414
Michael Salisbury,Quilindschy Hartman,Burnley,2,0,0,1,,192
Michael Salisbury,Rayan Aït-Nouri,Man City,1,0,0,0,,402
Michael Salisbury,Rayan Cherki,Man City,1,0,0,1,,417
Michael Salisbury,Rayan Vitor Simplício Rocha,Bournemouth,1,0,0,1,,807
Michael Salisbury,Reinildo Mandava,Sunderland,1,0,0,0,,541
Michael Salisbury,Reiss Nelson,Brentford,1,0,0,0,,27
Michael Salisbury,Richarlison de Andrade,Spurs,1,0,0,0,,597
Michael Salisbury,Rio Ngumoha,Liverpool,1,0,0,0,,686
Michael Salisbury,Robin Roefs,Sunderland,1,0,0,0,,670
Michael Salisbury,Rodrigo Bentancur,Spurs,1,0,0,1,,585
Michael Salisbury,Ross Barkley,Aston Villa,1,0,0,0,,55
Michael Salisbury,Ryan Christie,Bournemouth,2,0,0,0,,87
Michael Salisbury,Ryan Gravenberch,Liverpool,1,1,0,1,,390
Michael Salisbury,Ryan Yates,Nott'm Forest,3,0,0,0,,522
Michael Salisbury,Sam Johnstone,Wolves,2,0,0,0,,627
Michael Salisbury,Sandro Tonali,Newcastle,1,0,0,0,,491
Michael Salisbury,Santiago Ignacio Bueno,Wolves,1,0,0,1,,636
Michael Salisbury,Sávio Moreira de Oliveira,Man City,1,0,0,0,,415
Michael Salisbury,Séamus Coleman,Everton,1,,0,0,,294
Michael Salisbury,Sean Longstaff,Leeds,1,0,0,1,,493
Michael Salisbury,Sebastiaan Bornauw,Leeds,2,0,0,0,,345
Michael Salisbury,Senne Lammens,Man Utd,2,0,0,0,,733
Michael Salisbury,Sepp van den Berg,Brentford,1,0,0,0,,113
Michael Salisbury,Simon Adingra,Sunderland,1,1,0,0,,543
Michael Salisbury,Soungoutou Magassa,West Ham,2,0,0,2,,718
Michael Salisbury,Sven Botman,Newcastle,1,0,0,0,,475
Michael Salisbury,Taiwo Awoniyi,Nott'm Forest,1,0,0,0,,527
Michael Salisbury,Tammy Abraham,Aston Villa,1,0,0,0,,808
Michael Salisbury,Tanaka Ao,Leeds,2,0,0,1,,358
Michael Salisbury,Thierno Barry,Everton,2,,0,2,,310
Michael Salisbury,Tijjani Reijnders,Man City,1,0,0,0,,427
Michael Salisbury,Tim Iroegbunam,Everton,2,,0,4,,304
Michael Salisbury,Tino Livramento,Newcastle,1,0,0,0,,477
Michael Salisbury,Tolu Arokodare,Wolves,2,0,0,1,,720
Michael Salisbury,Tomáš Souček,West Ham,2,0,0,0,,613
Michael Salisbury,Toti Gomes,Wolves,2,0,0,0,,637
Michael Salisbury,Trai Hume,Sunderland,1,0,0,0,,532
Michael Salisbury,Tyler Adams,Bournemouth,2,1,0,3,,85
Michael Salisbury,Tyler Dibling,Everton,1,,0,2,,707
Michael Salisbury,Tyrell Malacia,Man Utd,1,0,0,0,,448
Michael Salisbury,Tyrick Mitchell,Crystal Palace,2,,0,1,,258
Michael Salisbury,Veljko Milosavljevic,Bournemouth,1,0,0,0,,721
Michael Salisbury,Victor Lindelöf,Aston Villa,1,0,0,0,,719
Michael Salisbury,Virgil van Dijk,Liverpool,1,0,0,0,,373
Michael Salisbury,Vitalii Mykolenko,Everton,2,,0,2,,292
Michael Salisbury,Vitaly Janelt,Brentford,1,0,0,2,,125
Michael Salisbury,Wilfried Gnonto,Leeds,2,0,0,0,,351
Michael Salisbury,Will Hughes,Crystal Palace,1,0,0,1,,270
Michael Salisbury,Wilson Isidor,Sunderland,1,0,0,0,,560
Michael Salisbury,Wilson Odobert,Spurs,1,0,0,0,,588
Michael Salisbury,Xavi Simons,Spurs,1,1,0,1,,717
Michael Salisbury,Yankuba Minteh,Brighton,1,0,0,1,,160
Michael Salisbury,Yasin Ayari,Brighton,1,0,0,2,,166
Michael Salisbury,Yehor Yarmoliuk,Brentford,1,0,0,0,,129
Michael Salisbury,Yéremy Pino Santos,Crystal Palace,2,2,0,2,,712
Michael Salisbury,Yerson Mosquera Valdelamar,Wolves,1,1,0,2,,634
Michael Salisbury,Yoane Wissa,Newcastle,1,0,0,0,,135
Michael Salisbury,Youri Tielemans,Aston Villa,1,0,0,0,,48
Michael Salisbury,Zach Abbott,Nott'm Forest,1,0,0,0,,513
Michael Salisbury,Zian Flemming,Burnley,2,1,0,3,,215
Paul Tierney,Aaron Hickey,Brentford,1,0,0,0,,116
Paul Tierney,Aaron Ramsdale,Newcastle,2,1,0,0,,674
Paul Tierney,Aaron Wan-Bissaka,West Ham,1,1,0,0,,610
Paul Tierney,Abdukodir Khusanov,Man City,2,,0,0,,406
Paul Tierney,Adam Armstrong,Wolves,2,0,0,1,,817
Paul Tierney,Adam Smith,Bournemouth,1,1,0,1,,73
Paul Tierney,Adama Traoré Diarra,West Ham,1,0,0,0,,326
Paul Tierney,Adrien Truffert,Bournemouth,1,,0,0,,74
Paul Tierney,Alejandro Garnacho Ferreyra,Chelsea,1,0,0,0,,453
Paul Tierney,Alex Iwobi,Fulham,2,,0,0,,324
Paul Tierney,Álex Jiménez Sánchez,Bournemouth,1,,0,0,,713
Paul Tierney,Alex Murphy,Newcastle,2,0,0,0,,481
Paul Tierney,Alex Scott,Bournemouth,1,,0,1,,90
Paul Tierney,Alphonse Areola,West Ham,2,0,0,0,,600
Paul Tierney,Altay Bayındır,Man Utd,1,0,0,0,,431
Paul Tierney,Amad Diallo,Man Utd,1,0,0,1,,452
Paul Tierney,Amadou Onana,Aston Villa,1,0,0,0,,59
Paul Tierney,Amine Adli,Bournemouth,1,,0,2,,697
Paul Tierney,André Trindade da Costa Neto,Wolves,2,0,0,2,,643
Paul Tierney,Andrey Nascimento dos Santos,Chelsea,1,0,0,0,,246
Paul Tierney,Angel Gomes,Wolves,2,0,0,0,,816
Paul Tierney,Anthony Elanga,Newcastle,2,0,0,0,,486
Paul Tierney,Anthony Gordon,Newcastle,2,0,0,0,,485
Paul Tierney,Antoine Semenyo,Man City,1,,0,1,,82
Paul Tierney,Antonee Robinson,Fulham,2,,0,0,,316
Paul Tierney,Armando Broja,Burnley,1,0,0,0,,680
Paul Tierney,Axel Disasi,West Ham,1,0,0,1,,815
Paul Tierney,Axel Tuanzebe,Burnley,2,0,0,0,,198
Paul Tierney,Ayden Heaven,Man Utd,1,0,0,0,,447
Paul Tierney,Bafodé Diakité,Bournemouth,1,,0,0,,685
Paul Tierney,Bart Verbruggen,Brighton,1,,0,1,,139
Paul Tierney,Bashir Humphreys,Burnley,2,0,0,1,,193
Paul Tierney,Benjamin Lecomte,Fulham,2,,0,0,,664
Paul Tierney,Benjamin Sesko,Man Utd,1,0,0,0,,681
Paul Tierney,Benjamin White,Arsenal,1,0,0,0,,11
Paul Tierney,Bernardo Mota Veiga de Carvalho e Silva,Man City,2,1,0,3,,416
Paul Tierney,Bernd Leno,Fulham,2,,0,0,,314
Paul Tierney,Brajan Gruda,Brighton,1,,0,0,,162
Paul Tierney,Brenden Aaronson,Leeds,1,0,0,1,,350
Paul Tierney,Brian Brobbey,Sunderland,2,1,0,4,,730
Paul Tierney,Bruno Borges Fernandes,Man Utd,1,1,0,0,,449
Paul Tierney,Bruno Guimarães Rodriguez Moura,Newcastle,1,0,0,2,,488
Paul Tierney,Bryan Mbeumo,Man Utd,1,0,0,1,,119
Paul Tierney,Bukayo Saka,Arsenal,2,0,0,4,,16
Paul Tierney,Callum Wilson,West Ham,2,0,0,0,,671
Paul Tierney,Calvin Bassey,Fulham,2,,0,2,,318
Paul Tierney,Caoimhín Kelleher,Brentford,1,0,0,0,,101
Paul Tierney,Carlos Baleba,Brighton,1,,0,0,,167
Paul Tierney,Carlos Henrique Casimiro,Man Utd,1,0,0,2,,457
Paul Tierney,Charalampos Kostoulas,Brighton,1,,0,0,,181
Paul Tierney,Chemsdine Talbi,Sunderland,2,0,0,0,,553
Paul Tierney,Chris Rigg,Sunderland,1,0,0,0,,551
Paul Tierney,Chris Wood,Nott'm Forest,1,0,0,1,,525
Paul Tierney,Christian Nørgaard,Arsenal,1,0,0,0,,24
Paul Tierney,Cole Palmer,Chelsea,1,0,0,0,,235
Paul Tierney,Cristhian Mosquera,Arsenal,2,0,0,1,,662
Paul Tierney,Crysencio Summerville,West Ham,1,0,0,2,,615
Paul Tierney,Dan Burn,Newcastle,2,0,0,0,,476
Paul Tierney,Dango Ouattara,Brentford,1,0,0,1,,83
Paul Tierney,Daniel Ballard,Sunderland,2,0,1,2,,531
Paul Tierney,Daniel Bentley,Wolves,1,0,0,0,,629
Paul Tierney,Danny Welbeck,Brighton,1,1,0,2,,178
Paul Tierney,David Møller Wolfe,Wolves,2,0,0,0,,682
Paul Tierney,David Raya Martín,Arsenal,2,0,0,0,,1
Paul Tierney,Declan Rice,Arsenal,2,0,0,0,,21
Paul Tierney,Dennis Cirkin,Sunderland,1,1,0,1,,535
Paul Tierney,Diego Gómez Amarilla,Brighton,1,,0,1,,169
Paul Tierney,Dilane Bakwa,Nott'm Forest,1,0,0,0,,734
Paul Tierney,Diogo Dalot Teixeira,Man Utd,1,0,0,0,,440
Paul Tierney,Divine Mukasa,Man City,1,0,0,1,,739
Paul Tierney,Dominic Calvert-Lewin,Leeds,1,0,0,5,,691
Paul Tierney,Đorđe Petrović,Bournemouth,1,1,0,0,,67
Paul Tierney,Douglas Luiz Soares de Paulo,Aston Villa,1,0,0,0,,699
Paul Tierney,Eberechi Eze,Arsenal,2,0,0,0,,266
Paul Tierney,El Hadji Malick Diouf,West Ham,1,0,0,1,,603
Paul Tierney,Eliezer Mayenda Dossou,Sunderland,1,0,0,0,,561
Paul Tierney,Elliot Anderson,Nott'm Forest,1,0,0,2,,517
Paul Tierney,Emile Smith Rowe,Fulham,2,,0,3,,325
Paul Tierney,Emiliano Buendía Stati,Aston Villa,1,0,0,0,,50
Paul Tierney,Emiliano Martínez Romero,Aston Villa,1,0,0,0,,32
Paul Tierney,Enzo Fernández,Chelsea,1,0,0,0,,237
Paul Tierney,Enzo Le Fée,Sunderland,2,0,0,1,,547
Paul Tierney,Eric da Silva Moreira,Nott'm Forest,1,0,0,0,,523
Paul Tierney,Erling Haaland,Man City,2,,0,0,,430
Paul Tierney,Ethan Ampadu,Leeds,1,1,0,2,,354
Paul Tierney,Ethan Pinnock,Brentford,1,0,0,0,,111
Paul Tierney,Ezra Mayers,West Ham,1,0,0,0,,747
Paul Tierney,Ezri Konsa Ngoyo,Aston Villa,1,0,0,0,,38
Paul Tierney,Facundo Buonanotte,Leeds,1,0,0,0,,168
Paul Tierney,Felipe Rodrigues da Silva,Nott'm Forest,1,0,0,2,,511
Paul Tierney,Ferdi Kadıoğlu,Brighton,1,,0,0,,148
Paul Tierney,Florentino Ibrain Morris Luís,Burnley,2,0,0,2,,722
Paul Tierney,Francisco Evanilson de Lima Barbosa,Bournemouth,1,,0,0,,97
Paul Tierney,Freddie Potts,West Ham,2,0,0,2,,623
Paul Tierney,Gabriel dos Santos Magalhães,Arsenal,2,0,0,2,,5
Paul Tierney,Gabriel Fernando de Jesus,Arsenal,2,0,0,1,,31
Paul Tierney,Gabriel Gudmundsson,Leeds,1,0,0,0,,347
Paul Tierney,Gabriel Martinelli Silva,Arsenal,2,0,0,0,,19
Paul Tierney,Georginio Rutter,Brighton,1,,0,0,,158
Paul Tierney,Gianluigi Donnarumma,Man City,2,,0,0,,736
Paul Tierney,Granit Xhaka,Sunderland,1,1,0,1,,668
Paul Tierney,Guido Rodríguez,West Ham,1,0,0,0,,618
Paul Tierney,Habib Diarra,Sunderland,2,0,0,1,,544
Paul Tierney,Hákon Rafn Valdimarsson,Brentford,1,0,0,0,,105
Paul Tierney,Hannibal Mejbri,Burnley,1,1,0,2,,207
Paul Tierney,Harrison Reed,Fulham,2,,0,0,,336
Paul Tierney,Harry Wilson,Fulham,2,,0,1,,329
Paul Tierney,Harvey Barnes,Newcastle,2,0,0,1,,487
Paul Tierney,Hugo Bueno López,Wolves,2,0,0,0,,633
Paul Tierney,Hwang Hee-chan,Wolves,1,0,0,0,,642
Paul Tierney,Ian Maatsen,Aston Villa,1,0,0,0,,39
Paul Tierney,Igor Jesus Maciel da Cruz,Nott'm Forest,1,1,0,3,,526
Paul Tierney,Igor Thiago Nascimento Rodrigues,Brentford,1,0,0,1,,136
Paul Tierney,Ilia Gruev,Leeds,1,0,0,0,,356
Paul Tierney,Issa Diop,Fulham,1,0,0,0,,320
Paul Tierney,Jack Hinshelwood,Brighton,1,,0,1,,163
Paul Tierney,Jackson Tchatchoua,Wolves,2,0,0,1,,695
Paul Tierney,Jacob Bruun Larsen,Burnley,2,0,0,0,,202
Paul Tierney,Jacob Murphy,Newcastle,2,0,0,0,,489
Paul Tierney,Jacob Ramsey,Newcastle,2,0,0,0,,52
Paul Tierney,Jadon Sancho,Aston Villa,1,0,0,0,,456
Paul Tierney,Jaidon Anthony,Burnley,2,1,0,5,,200
Paul Tierney,Jair Paula da Cunha Filho,Nott'm Forest,1,0,0,0,,510
Paul Tierney,Jaka Bijol,Leeds,1,0,0,0,,344
Paul Tierney,James Hill,Bournemouth,1,,0,0,,77
Paul Tierney,James Justin,Leeds,1,1,0,1,,706
Paul Tierney,James McAtee,Nott'm Forest,1,0,0,0,,426
Paul Tierney,James Trafford,Man City,1,,0,0,,182
Paul Tierney,James Ward-Prowse,Burnley,1,0,0,0,,614
Paul Tierney,Jan Paul van Hecke,Brighton,1,1,0,1,,151
Paul Tierney,Jarrod Bowen,West Ham,2,1,0,0,,624
Paul Tierney,Jayden Bogle,Leeds,1,0,0,3,,342
Paul Tierney,Jean-Clair Todibo,West Ham,1,0,0,0,,609
Paul Tierney,Jean-Ricner Bellegarde,Wolves,2,1,0,2,,644
Paul Tierney,Joachim Andersen,Fulham,2,1,0,1,,317
Paul Tierney,João Pedro Junqueira de Jesus,Chelsea,1,0,0,0,,249
Paul Tierney,João Victor Gomes da Silva,Wolves,2,0,0,1,,646
Paul Tierney,Joe Willock,Newcastle,2,0,0,1,,494
Paul Tierney,Joe Worrall,Burnley,1,0,0,0,,199
Paul Tierney,Joël Piroe,Leeds,1,0,0,0,,362
Paul Tierney,Joël Veltman,Brighton,1,,0,0,,152
Paul Tierney,Joelinton Cássio Apolinário de Lira,Newcastle,2,0,0,5,,490
Paul Tierney,John McGinn,Aston Villa,1,0,0,0,,54
Paul Tierney,John Ruddy,Newcastle,1,0,0,0,,753
Paul Tierney,John Stones,Man City,1,,0,0,,409
Paul Tierney,Jorge Cuenca Barreno,Fulham,1,,0,0,,321
Paul Tierney,Jorrel Hato,Chelsea,1,0,0,0,,672
Paul Tierney,José Malheiro de Sá,Wolves,1,0,0,0,,628
Paul Tierney,Josh King,Fulham,2,,0,1,,335
Paul Tierney,Josh Laurent,Burnley,2,0,0,3,,209
Paul Tierney,Joshua Zirkzee,Man Utd,1,0,0,0,,466
Paul Tierney,Joško Gvardiol,Man City,1,0,0,0,,403
Paul Tierney,Junior Kroupi,Bournemouth,1,,0,0,,100
Paul Tierney,Jurriën Timber,Arsenal,1,0,0,0,,8
Paul Tierney,Kai Havertz,Arsenal,1,1,0,1,,30
Paul Tierney,Karl Darlow,Leeds,1,0,0,0,,341
Paul Tierney,Keane Lewis-Potter,Brentford,1,0,0,2,,107
Paul Tierney,Kenny Tete,Fulham,1,,0,5,,322
Paul Tierney,Kepa Arrizabalaga Revuelta,Arsenal,2,0,0,0,,2
Paul Tierney,Kevin Santos Lopes de Macedo,Fulham,1,,0,1,,731
Paul Tierney,Kevin Schade,Brentford,1,0,0,2,,120
Paul Tierney,Kieran Trippier,Newcastle,2,0,0,0,,478
Paul Tierney,Konstantinos Mavropanos,West Ham,2,0,0,0,,606
Paul Tierney,Kristoffer Ajer,Brentford,1,0,0,0,,108
Paul Tierney,Kyle Walker,Burnley,2,1,0,0,,187
Paul Tierney,Kyle Walker-Peters,West Ham,2,0,0,1,,659
Paul Tierney,Ladislav Krejcí,Wolves,1,0,0,0,,709
Paul Tierney,Lamare Bogarde,Aston Villa,1,0,0,0,,44
Paul Tierney,Leandro Trossard,Arsenal,2,0,0,0,,20
Paul Tierney,Leny Yoro,Man Utd,1,0,0,0,,444
Paul Tierney,Leon Bailey,Aston Villa,1,0,0,0,,49
Paul Tierney,Lesley Ugochukwu,Burnley,2,1,0,1,,676
Paul Tierney,Lewis Cook,Bournemouth,1,,0,0,,88
Paul Tierney,Lewis Dunk,Brighton,1,,0,0,,146
Paul Tierney,Lewis Hall,Newcastle,2,1,0,2,,473
Paul Tierney,Liam Delap,Chelsea,1,0,0,1,,250
Paul Tierney,Lisandro Martínez,Man Utd,1,0,1,1,,437
Paul Tierney,Lorenzo Lucca,Nott'm Forest,1,0,0,0,,805
Paul Tierney,Loum Tchaouna,Burnley,2,0,0,2,,210
Paul Tierney,Luca Netz,Nott'm Forest,1,0,0,1,,814
Paul Tierney,Lucas Digne,Aston Villa,1,0,0,0,,37
Paul Tierney,Lucas Estella Perri,Leeds,1,0,0,0,,665
Paul Tierney,Lucas Pires Silva,Burnley,2,1,0,3,,195
Paul Tierney,Lucas Tolentino Coelho de Lima,West Ham,1,0,0,2,,612
Paul Tierney,Lukas Nmecha,Leeds,1,0,0,0,,365
Paul Tierney,Luke O'Nien,Sunderland,2,0,0,1,,539
Paul Tierney,Luke Shaw,Man Utd,1,1,0,2,,443
Paul Tierney,Lutsharel Geertruida,Sunderland,2,0,0,0,,724
Paul Tierney,Lyle Foster,Burnley,1,0,0,1,,217
Paul Tierney,Mads Hermansen,West Ham,1,0,0,0,,679
Paul Tierney,Malick Thiaw,Newcastle,2,0,0,4,,684
Paul Tierney,Malo Gusto,Chelsea,1,0,0,0,,228
Paul Tierney,Mamadou Sarr,Chelsea,1,0,0,0,,231
Paul Tierney,Manuel Ugarte Ribeiro,Man Utd,1,0,0,2,,459
Paul Tierney,Marc Cucurella Saseta,Chelsea,1,0,0,1,,224
Paul Tierney,Marc Guéhi,Man City,1,,0,1,,260
Paul Tierney,Marc Guiu Paz,Chelsea,1,0,0,0,,252
Paul Tierney,Marco Bizot,Aston Villa,1,0,0,0,,33
Paul Tierney,Marcos Senesi Barón,Bournemouth,1,1,0,1,,72
Paul Tierney,Marcus Edwards,Burnley,2,0,0,0,,206
Paul Tierney,Marcus Tavernier,Bournemouth,1,,0,1,,84
Paul Tierney,Martin Dúbravka,Burnley,2,1,0,0,,470
Paul Tierney,Martin Ødegaard,Arsenal,2,0,0,0,,17
Paul Tierney,Martín Zubimendi Ibáñez,Arsenal,2,0,0,2,,26
Paul Tierney,Mason Mount,Man Utd,1,0,0,0,,455
Paul Tierney,Mateus Gonçalo Espanha Fernandes,West Ham,2,0,0,2,,708
Paul Tierney,Mateus Mané,Wolves,2,0,0,2,,749
Paul Tierney,Matheus Nunes,Man City,2,,0,2,,407
Paul Tierney,Matheus Santos Carneiro da Cunha,Man Utd,1,1,0,2,,450
Paul Tierney,Mathias Jensen,Brentford,1,0,0,0,,126
Paul Tierney,Matt Doherty,Wolves,2,0,0,0,,632
Paul Tierney,Matty Cash,Aston Villa,1,0,0,1,,36
Paul Tierney,Matz Sels,Nott'm Forest,1,0,0,0,,502
Paul Tierney,Max Alleyne,Man City,1,,0,0,,794
Paul Tierney,Max Dowman,Arsenal,1,0,0,0,,700
Paul Tierney,Max Weiß,Burnley,1,0,0,0,,183
Paul Tierney,Maxime Estève,Burnley,2,0,0,0,,191
Paul Tierney,Maximilian Kilman,West Ham,2,0,0,2,,605
Paul Tierney,Michael Kayode,Brentford,1,0,0,0,,110
Paul Tierney,Mikkel Damsgaard,Brentford,1,0,0,1,,121
Paul Tierney,Mitoma Kaoru,Brighton,1,,0,0,,157
Paul Tierney,Mohamadou Kanté,West Ham,1,0,0,0,,758
Paul Tierney,Moisés Caicedo Corozo,Chelsea,1,1,0,1,,241
Paul Tierney,Morgan Rogers,Aston Villa,1,0,0,1,,47
Paul Tierney,Myles Lewis-Skelly,Arsenal,2,0,0,1,,10
Paul Tierney,Nathan Collins,Brentford,1,0,0,1,,106
Paul Tierney,Neco Williams,Nott'm Forest,1,0,0,0,,508
Paul Tierney,Nick Pope,Newcastle,2,0,0,0,,469
Paul Tierney,Nick Woltemade,Newcastle,2,0,0,1,,714
Paul Tierney,Nico González Iglesias,Man City,2,2,0,3,,423
Paul Tierney,Nico O'Reilly,Man City,2,,0,6,,411
Paul Tierney,Nicolás Domínguez,Nott'm Forest,1,0,0,1,,519
Paul Tierney,Nikola Milenković,Nott'm Forest,1,0,0,2,,505
Paul Tierney,Noah Okafor,Leeds,1,0,0,2,,698
Paul Tierney,Noah Sadiki,Sunderland,2,0,0,2,,552
Paul Tierney,Noni Madueke,Arsenal,2,0,0,1,,18
Paul Tierney,Nordi Mukiele,Sunderland,2,0,0,2,,694
Paul Tierney,Noussair Mazraoui,Man Utd,1,0,0,1,,438
Paul Tierney,Olivier Boscagli,Brighton,1,,0,0,,143
Paul Tierney,Ollie Scarles,West Ham,2,0,0,2,,608
Paul Tierney,Ollie Watkins,Aston Villa,1,0,0,0,,64
Paul Tierney,Omar Alderete,Sunderland,2,0,0,3,,683
Paul Tierney,Omar Marmoush,Man City,1,,0,0,,413
Paul Tierney,Omari Hutchinson,Nott'm Forest,1,0,0,1,,693
Paul Tierney,Oscar Bobb,Fulham,2,,0,1,,424
Paul Tierney,Pablo Felipe Pereira de Jesus,West Ham,1,0,0,1,,785
Paul Tierney,Pascal Groß,Brighton,1,,0,1,,783
Paul Tierney,Pascal Struijk,Leeds,1,0,0,1,,343
Paul Tierney,Pau Torres,Aston Villa,1,0,0,0,,41
Paul Tierney,Pedro Cardoso de Lima,Wolves,2,0,0,1,,640
Paul Tierney,Phil Foden,Man City,2,1,0,2,,414
Paul Tierney,Piero Hincapié,Arsenal,2,0,0,0,,725
Paul Tierney,Quilindschy Hartman,Burnley,1,0,0,0,,192
Paul Tierney,Raúl Jiménez Rodríguez,Fulham,2,,0,1,,337
Paul Tierney,Rayan Aït-Nouri,Man City,1,,0,1,,402
Paul Tierney,Rayan Cherki,Man City,2,,0,0,,417
Paul Tierney,Reece James,Chelsea,1,0,0,2,,225
Paul Tierney,Reinildo Mandava,Sunderland,2,0,0,2,,541
Paul Tierney,Reiss Nelson,Brentford,1,0,0,0,,27
Paul Tierney,Riccardo Calafiori,Arsenal,2,0,0,0,,7
Paul Tierney,Rico Lewis,Man City,2,,0,1,,410
Paul Tierney,Robert Lynch Sánchez,Chelsea,1,0,0,0,,220
Paul Tierney,Robin Roefs,Sunderland,2,1,0,0,,670
Paul Tierney,Rodrigo 'Rodri' Hernandez Cascante,Man City,1,,0,0,,421
Paul Tierney,Rodrigo Martins Gomes,Wolves,2,0,0,1,,635
Paul Tierney,Rodrigo Muniz Carvalho,Fulham,2,,0,0,,338
Paul Tierney,Romaine Mundle,Sunderland,1,0,0,0,,548
Paul Tierney,Romelle Donovan,Brentford,1,0,0,0,,130
Paul Tierney,Roméo Lavia,Chelsea,1,0,0,2,,244
Paul Tierney,Ross Barkley,Aston Villa,1,0,0,1,,55
Paul Tierney,Rúben dos Santos Gato Alves Dias,Man City,2,,0,0,,408
Paul Tierney,Ryan Christie,Bournemouth,1,,0,0,,87
Paul Tierney,Ryan Sessegnon,Fulham,2,,0,2,,328
Paul Tierney,Ryan Yates,Nott'm Forest,1,1,0,1,,522
Paul Tierney,Sam Byram,Leeds,1,0,0,0,,346
Paul Tierney,Sam Johnstone,Wolves,1,0,0,0,,627
Paul Tierney,Samuel Chukwueze,Fulham,2,,0,0,,727
Paul Tierney,Sander Berge,Fulham,2,,0,1,,330
Paul Tierney,Sandro Tonali,Newcastle,1,0,0,1,,491
Paul Tierney,Santiago Ignacio Bueno,Wolves,2,1,0,3,,636
Paul Tierney,Saša Lukić,Fulham,1,1,0,4,,332
Paul Tierney,Sávio Moreira de Oliveira,Man City,1,0,0,1,,415
Paul Tierney,Sean Longstaff,Leeds,1,0,0,0,,493
Paul Tierney,Sebastiaan Bornauw,Leeds,1,0,0,0,,345
Paul Tierney,Senne Lammens,Man Utd,1,0,0,0,,733
Paul Tierney,Sepp van den Berg,Brentford,1,0,0,0,,113
Paul Tierney,Shea Lacey,Man Utd,1,0,0,0,,755
Paul Tierney,Soungoutou Magassa,West Ham,2,0,0,0,,718
Paul Tierney,Sven Botman,Newcastle,2,0,0,0,,475
Paul Tierney,Taiwo Awoniyi,Nott'm Forest,1,0,0,2,,527
Paul Tierney,Tammy Abraham,Aston Villa,1,0,0,0,,808
Paul Tierney,Tanaka Ao,Leeds,1,0,0,0,,358
Paul Tierney,Tijjani Reijnders,Man City,2,,0,2,,427
Paul Tierney,Timothy Castagne,Fulham,2,,0,0,,319
Paul Tierney,Tino Livramento,Newcastle,1,0,0,2,,477
Paul Tierney,Tolu Arokodare,Wolves,2,0,0,0,,720
Paul Tierney,Tom Cairney,Fulham,1,0,0,0,,331
Paul Tierney,Tom Edozie,Wolves,2,0,0,0,,651
Paul Tierney,Tomáš Souček,West Ham,2,0,0,1,,613
Paul Tierney,Tosin Adarabioyo,Chelsea,1,0,0,0,,232
Paul Tierney,Toti Gomes,Wolves,1,0,0,1,,637
Paul Tierney,Trai Hume,Sunderland,2,1,0,3,,532
Paul Tierney,Trevoh Chalobah,Chelsea,1,0,0,0,,226
Paul Tierney,Tyrell Malacia,Man Utd,1,0,0,0,,448
Paul Tierney,Tyrone Mings,Aston Villa,1,0,0,0,,40
Paul Tierney,Valentín Castellanos,West Ham,1,0,0,0,,791
Paul Tierney,Veljko Milosavljevic,Bournemouth,1,,0,0,,721
Paul Tierney,Viktor Gyökeres,Arsenal,2,0,0,0,,666
Paul Tierney,Wesley Fofana,Chelsea,1,1,0,2,,230
Paul Tierney,Wilfried Gnonto,Leeds,1,0,0,0,,351
Paul Tierney,William Osula,Newcastle,2,0,0,2,,500
Paul Tierney,William Saliba,Arsenal,2,0,0,2,,6
Paul Tierney,Wilson Isidor,Sunderland,2,0,0,0,,560
Paul Tierney,Yankuba Minteh,Brighton,1,,0,0,,160
Paul Tierney,Yehor Yarmoliuk,Brentford,1,0,0,0,,129
Paul Tierney,Yerson Mosquera Valdelamar,Wolves,2,0,0,2,,634
Paul Tierney,Yoane Wissa,Newcastle,2,0,0,0,,135
Paul Tierney,Youri Tielemans,Aston Villa,1,0,0,0,,48
Paul Tierney,Zeki Amdouni,Burnley,1,0,0,0,,216
Paul Tierney,Zian Flemming,Burnley,2,1,0,6,,215
Peter Bankes,Aaron Hickey,Brentford,2,1,0,1,,116
Peter Bankes,Aaron Ramsdale,Newcastle,2,0,0,0,,674
Peter Bankes,Abdukodir Khusanov,Man City,2,0,0,0,,406
Peter Bankes,Adam Smith,Bournemouth,2,0,0,1,,73
Peter Bankes,Adrien Truffert,Bournemouth,3,,0,4,,74
Peter Bankes,Alejandro Garnacho Ferreyra,Chelsea,1,,0,0,,453
Peter Bankes,Alex Iwobi,Fulham,1,1,0,0,,324
Peter Bankes,Álex Jiménez Sánchez,Bournemouth,3,1,0,0,,713
Peter Bankes,Alex Murphy,Newcastle,1,0,0,0,,481
Peter Bankes,Alex Scott,Bournemouth,3,,0,3,,90
Peter Bankes,Alphonse Areola,West Ham,1,0,0,0,,600
Peter Bankes,Altay Bayındır,Man Utd,2,,0,0,,431
Peter Bankes,Alysson Edward Franco da Rocha dos Santos,Aston Villa,1,0,0,0,,792
Peter Bankes,Amad Diallo,Man Utd,2,,0,0,,452
Peter Bankes,Amadou Onana,Aston Villa,2,0,0,1,,59
Peter Bankes,Amine Adli,Bournemouth,3,,0,1,,697
Peter Bankes,André Trindade da Costa Neto,Wolves,1,0,0,0,,643
Peter Bankes,Andrey Nascimento dos Santos,Chelsea,3,,0,1,,246
Peter Bankes,Anthony Elanga,Newcastle,5,0,0,1,,486
Peter Bankes,Anthony Gordon,Newcastle,4,0,0,4,,485
Peter Bankes,Antoine Semenyo,Man City,1,0,0,1,,82
Peter Bankes,Anton Stach,Leeds,2,0,0,3,,660
Peter Bankes,Antonee Robinson,Fulham,1,,0,2,,316
Peter Bankes,Antoni Milambo,Brentford,1,0,0,0,,122
Peter Bankes,Archie Gray,Spurs,2,1,0,0,,591
Peter Bankes,Armando Broja,Burnley,3,,0,3,,680
Peter Bankes,Ashley Barnes,Burnley,1,0,0,0,,218
Peter Bankes,Axel Tuanzebe,Burnley,2,,0,2,,198
Peter Bankes,Ayden Heaven,Man Utd,1,0,0,0,,447
Peter Bankes,Bafodé Diakité,Bournemouth,2,0,0,1,,685
Peter Bankes,Bart Verbruggen,Brighton,2,,0,0,,139
Peter Bankes,Bashir Humphreys,Burnley,2,0,0,1,,193
Peter Bankes,Ben Gannon-Doak,Bournemouth,1,0,0,0,,391
Peter Bankes,Benjamin Sesko,Man Utd,2,,0,2,,681
Peter Bankes,Benjamin White,Arsenal,1,0,0,0,,11
Peter Bankes,Benoît Badiashile Mukinayi,Chelsea,1,1,0,1,,229
Peter Bankes,Bernardo Mota Veiga de Carvalho e Silva,Man City,3,1,0,2,,416
Peter Bankes,Bernd Leno,Fulham,2,,0,0,,314
Peter Bankes,Bertrand Traoré,Sunderland,1,0,0,3,,735
Peter Bankes,Boubacar Kamara,Aston Villa,1,0,0,0,,58
Peter Bankes,Brajan Gruda,Brighton,1,,0,1,,162
Peter Bankes,Brandon Austin,Spurs,1,0,0,0,,566
Peter Bankes,Brenden Aaronson,Leeds,4,0,0,0,,350
Peter Bankes,Brian Brobbey,Sunderland,1,1,0,0,,730
Peter Bankes,Bruno Borges Fernandes,Man Utd,2,,0,3,,449
Peter Bankes,Bruno Guimarães Rodriguez Moura,Newcastle,4,1,0,8,,488
Peter Bankes,Bryan Mbeumo,Man Utd,2,,0,4,,119
Peter Bankes,Bukayo Saka,Arsenal,2,1,0,4,,16
Peter Bankes,Callum Hudson-Odoi,Nott'm Forest,3,0,0,2,,516
Peter Bankes,Callum Olusesi,Spurs,1,0,0,0,,595
Peter Bankes,Callum Wilson,West Ham,1,0,0,0,,671
Peter Bankes,Calvin Bassey,Fulham,1,0,0,4,,318
Peter Bankes,Caoimhín Kelleher,Brentford,3,0,0,0,,101
Peter Bankes,Carlos Baleba,Brighton,2,2,0,3,,167
Peter Bankes,Carlos Henrique Casimiro,Man Utd,2,1,1,3,,457
Peter Bankes,Charalampos Kostoulas,Brighton,1,0,0,0,,181
Peter Bankes,Chemsdine Talbi,Sunderland,1,0,0,0,,553
Peter Bankes,Chris Richards,Crystal Palace,1,0,0,1,,261
Peter Bankes,Chris Wood,Nott'm Forest,2,0,0,2,,525
Peter Bankes,Christian Nørgaard,Arsenal,1,0,0,0,,24
Peter Bankes,Cole Palmer,Chelsea,2,,0,1,,235
Peter Bankes,Conor Gallagher,Spurs,2,0,0,1,,796
Peter Bankes,Cristhian Mosquera,Arsenal,1,0,0,0,,662
Peter Bankes,Cristian Romero,Spurs,2,1,0,1,,569
Peter Bankes,Crysencio Summerville,West Ham,1,0,0,4,,615
Peter Bankes,Daichi Kamada,Crystal Palace,1,0,0,1,,271
Peter Bankes,Dan Burn,Newcastle,5,0,0,9,,476
Peter Bankes,Dan Ndoye,Nott'm Forest,3,0,0,2,,669
Peter Bankes,Dane Scarlett,Spurs,1,0,0,1,,599
Peter Bankes,Dango Ouattara,Brentford,1,0,0,0,,83
Peter Bankes,Daniel Ballard,Sunderland,1,0,0,0,,531
Peter Bankes,Daniel James,Leeds,4,0,0,0,,353
Peter Bankes,Daniel Muñoz Mejía,Crystal Palace,1,0,0,0,,256
Peter Bankes,Danny Welbeck,Brighton,2,,0,0,,178
Peter Bankes,David Brooks,Bournemouth,3,1,0,2,,86
Peter Bankes,David Møller Wolfe,Wolves,1,0,0,0,,682
Peter Bankes,David Raya Martín,Arsenal,2,0,0,0,,1
Peter Bankes,Dean Henderson,Crystal Palace,1,0,0,0,,253
Peter Bankes,Declan Rice,Arsenal,2,0,0,0,,21
Peter Bankes,Destiny Udogie,Spurs,1,0,0,1,,574
Peter Bankes,Diego Gómez Amarilla,Brighton,1,0,0,1,,169
Peter Bankes,Dilane Bakwa,Nott'm Forest,1,0,0,0,,734
Peter Bankes,Diogo Dalot Teixeira,Man Utd,1,0,0,2,,440
Peter Bankes,Djed Spence,Spurs,3,0,0,4,,573
Peter Bankes,Dominic Calvert-Lewin,Leeds,4,0,0,1,,691
Peter Bankes,Dominic Solanke-Mitchell,Spurs,3,0,0,2,,596
Peter Bankes,Donyell Malen,Aston Villa,1,0,0,0,,53
Peter Bankes,Đorđe Petrović,Bournemouth,3,,0,0,,67
Peter Bankes,Douglas Luiz Soares de Paulo,Aston Villa,1,0,0,1,,699
Peter Bankes,Eberechi Eze,Arsenal,2,0,0,2,,266
Peter Bankes,Elliot Anderson,Nott'm Forest,3,1,0,5,,517
Peter Bankes,Emile Smith Rowe,Fulham,2,,0,1,,325
Peter Bankes,Emiliano Buendía Stati,Aston Villa,2,0,0,0,,50
Peter Bankes,Emiliano Martínez Romero,Aston Villa,2,1,0,0,,32
Peter Bankes,Enes Ünal,Bournemouth,1,0,0,0,,98
Peter Bankes,Enzo Fernández,Chelsea,3,,0,2,,237
Peter Bankes,Enzo Le Fée,Sunderland,1,1,0,2,,547
Peter Bankes,Erling Haaland,Man City,2,0,0,3,,430
Peter Bankes,Estêvão Almeida de Oliveira Gonçalves,Chelsea,2,,0,0,,238
Peter Bankes,Ethan Ampadu,Leeds,3,0,0,2,,354
Peter Bankes,Ezra Mayers,West Ham,1,0,0,0,,747
Peter Bankes,Ezri Konsa Ngoyo,Aston Villa,2,0,0,1,,38
Peter Bankes,Fabian Schär,Newcastle,3,0,0,3,,474
Peter Bankes,Fábio Freitas Gouveia Carvalho,Brentford,2,0,0,0,,123
Peter Bankes,Felipe Rodrigues da Silva,Nott'm Forest,2,1,0,1,,511
Peter Bankes,Ferdi Kadıoğlu,Brighton,2,,0,0,,148
Peter Bankes,Filip Jörgensen,Chelsea,2,,0,0,,221
Peter Bankes,Florentino Ibrain Morris Luís,Burnley,3,,0,3,,722
Peter Bankes,Francisco Evanilson de Lima Barbosa,Bournemouth,3,,0,0,,97
Peter Bankes,Frank Onyeka,Brentford,1,0,0,2,,128
Peter Bankes,Freddie Potts,West Ham,1,0,0,1,,623
Peter Bankes,Gabriel dos Santos Magalhães,Arsenal,1,0,0,0,,5
Peter Bankes,Gabriel Fernando de Jesus,Arsenal,1,0,0,0,,31
Peter Bankes,Gabriel Gudmundsson,Leeds,4,0,0,3,,347
Peter Bankes,Gabriel Martinelli Silva,Arsenal,2,0,0,1,,19
Peter Bankes,Georginio Rutter,Brighton,2,1,0,1,,158
Peter Bankes,Gianluigi Donnarumma,Man City,2,2,0,0,,736
Peter Bankes,Granit Xhaka,Sunderland,1,0,0,1,,668
Peter Bankes,Guglielmo Vicario,Spurs,3,0,0,0,,565
Peter Bankes,Hannibal Mejbri,Burnley,3,2,0,3,,207
Peter Bankes,Harrison Reed,Fulham,1,,0,0,,336
Peter Bankes,Harry Howell,Brighton,1,0,0,0,,795
Peter Bankes,Harry Maguire,Man Utd,2,,0,4,,442
Peter Bankes,Harry Wilson,Fulham,1,,0,0,,329
Peter Bankes,Harvey Barnes,Newcastle,5,0,0,1,,487
Peter Bankes,Hjalmar Ekdal,Burnley,1,,0,0,,190
Peter Bankes,Hugo Bueno López,Wolves,1,0,0,0,,633
Peter Bankes,Hwang Hee-chan,Wolves,1,0,0,1,,642
Peter Bankes,Ian Maatsen,Aston Villa,2,0,0,2,,39
Peter Bankes,Ibrahim Sangaré,Nott'm Forest,2,1,0,4,,521
Peter Bankes,Igor Jesus Maciel da Cruz,Nott'm Forest,3,0,0,2,,526
Peter Bankes,Igor Thiago Nascimento Rodrigues,Brentford,3,0,0,9,,136
Peter Bankes,Ilia Gruev,Leeds,4,0,0,7,,356
Peter Bankes,Illan Meslier,Leeds,1,0,0,0,,339
Peter Bankes,Ismaïla Sarr,Crystal Palace,1,0,0,0,,267
Peter Bankes,Issa Diop,Fulham,2,,0,1,,320
Peter Bankes,Jack Harrison,Leeds,2,0,0,0,,352
Peter Bankes,Jack Hinshelwood,Brighton,2,,0,5,,163
Peter Bankes,Jackson Tchatchoua,Wolves,1,1,0,1,,695
Peter Bankes,Jacob Bruun Larsen,Burnley,1,,0,0,,202
Peter Bankes,Jacob Murphy,Newcastle,5,0,0,1,,489
Peter Bankes,Jacob Ramsey,Newcastle,2,1,1,2,,52
Peter Bankes,Jadon Sancho,Aston Villa,2,0,0,2,,456
Peter Bankes,Jaidon Anthony,Burnley,3,,0,1,,200
Peter Bankes,Jair Paula da Cunha Filho,Nott'm Forest,1,0,0,0,,510
Peter Bankes,Jaka Bijol,Leeds,2,0,0,1,,344
Peter Bankes,James Hill,Bournemouth,2,,0,3,,77
Peter Bankes,James Justin,Leeds,4,0,0,2,,706
Peter Bankes,James Milner,Brighton,2,1,0,4,,170
Peter Bankes,James Trafford,Man City,3,0,0,0,,182
Peter Bankes,James Ward-Prowse,Burnley,1,0,0,0,,614
Peter Bankes,Jamie Bynoe-Gittens,Chelsea,1,,0,0,,239
Peter Bankes,Jan Paul van Hecke,Brighton,2,,0,3,,151
Peter Bankes,Jarrod Bowen,West Ham,1,0,0,0,,624
Peter Bankes,Jason Steele,Brighton,1,0,0,0,,138
Peter Bankes,Jaydee Canvot,Crystal Palace,1,0,0,0,,723
Peter Bankes,Jayden Bogle,Leeds,4,0,0,6,,342
Peter Bankes,Jean-Philippe Mateta,Crystal Palace,1,0,0,0,,283
Peter Bankes,Jefferson Lerma Solís,Crystal Palace,1,0,0,1,,272
Peter Bankes,Jérémy Doku,Man City,3,0,0,3,,418
Peter Bankes,Jhon Arias,Wolves,1,0,0,4,,663
Peter Bankes,Joachim Andersen,Fulham,1,,0,1,,317
Peter Bankes,João Maria Lobo Alves Palhares Costa Palhinha Gonçalves,Spurs,2,0,0,1,,673
Peter Bankes,João Pedro Ferreira da Silva,Nott'm Forest,1,0,0,0,,518
Peter Bankes,João Pedro Junqueira de Jesus,Chelsea,3,,0,3,,249
Peter Bankes,João Victor Gomes da Silva,Wolves,1,0,0,1,,646
Peter Bankes,Joe Rodon,Leeds,4,1,0,0,,348
Peter Bankes,Joe Willock,Newcastle,2,1,0,3,,494
Peter Bankes,Joe Worrall,Burnley,1,0,0,0,,199
Peter Bankes,Joël Piroe,Leeds,2,0,0,0,,362
Peter Bankes,Joël Veltman,Brighton,2,,0,2,,152
Peter Bankes,Joelinton Cássio Apolinário de Lira,Newcastle,3,1,0,5,,490
Peter Bankes,John McGinn,Aston Villa,1,0,0,1,,54
Peter Bankes,John Stones,Man City,3,0,0,0,,409
Peter Bankes,Jonah Kusi-Asare,Fulham,1,0,0,1,,737
Peter Bankes,Jordan Henderson,Brentford,3,1,0,1,,124
Peter Bankes,Jorge Cuenca Barreno,Fulham,1,1,0,1,,321
Peter Bankes,Jorrel Hato,Chelsea,2,,0,0,,672
Peter Bankes,José Malheiro de Sá,Wolves,1,0,0,0,,628
Peter Bankes,Josh Acheampong,Chelsea,2,,0,0,,233
Peter Bankes,Josh Cullen,Burnley,1,,0,3,,205
Peter Bankes,Josh King,Fulham,1,0,0,0,,335
Peter Bankes,Josh Laurent,Burnley,3,,0,4,,209
Peter Bankes,Joshua Zirkzee,Man Utd,1,0,0,0,,466
Peter Bankes,Joško Gvardiol,Man City,1,1,0,1,,403
Peter Bankes,Julio Soler Barreto,Bournemouth,2,,0,2,,80
Peter Bankes,Junior Kroupi,Bournemouth,2,0,0,0,,100
Peter Bankes,Jurriën Timber,Arsenal,2,1,0,2,,8
Peter Bankes,Justin Devenny,Crystal Palace,1,0,0,0,,276
Peter Bankes,Justin Kluivert,Bournemouth,2,,0,2,,81
Peter Bankes,Karl Darlow,Leeds,2,0,0,0,,341
Peter Bankes,Keane Lewis-Potter,Brentford,3,0,0,1,,107
Peter Bankes,Kenny Tete,Fulham,1,1,0,2,,322
Peter Bankes,Kepa Arrizabalaga Revuelta,Arsenal,1,0,0,0,,2
Peter Bankes,Kevin Danso,Spurs,2,0,0,0,,570
Peter Bankes,Kevin Santos Lopes de Macedo,Fulham,2,,0,2,,731
Peter Bankes,Kevin Schade,Brentford,3,1,0,5,,120
Peter Bankes,Kieran Trippier,Newcastle,4,1,0,7,,478
Peter Bankes,Kobbie Mainoo,Man Utd,2,,0,0,,458
Peter Bankes,Konstantinos Mavropanos,West Ham,1,0,0,0,,606
Peter Bankes,Kristoffer Ajer,Brentford,2,0,0,0,,108
Peter Bankes,Kyle Walker,Burnley,3,1,0,5,,187
Peter Bankes,Kyle Walker-Peters,West Ham,1,0,0,0,,659
Peter Bankes,Ladislav Krejcí,Wolves,1,0,0,2,,709
Peter Bankes,Lamare Bogarde,Aston Villa,2,0,0,0,,44
Peter Bankes,Leandro Trossard,Arsenal,2,0,0,1,,20
Peter Bankes,Leny Yoro,Man Utd,2,,0,0,,444
Peter Bankes,Leon Bailey,Aston Villa,1,0,0,2,,49
Peter Bankes,Lesley Ugochukwu,Burnley,3,,0,1,,676
Peter Bankes,Lewis Cook,Bournemouth,2,,0,1,,88
Peter Bankes,Lewis Dunk,Brighton,2,1,0,1,,146
Peter Bankes,Lewis Hall,Newcastle,3,0,0,2,,473
Peter Bankes,Lewis Miley,Newcastle,4,0,0,0,,497
Peter Bankes,Liam Delap,Chelsea,2,,0,3,,250
Peter Bankes,Lorenzo Lucca,Nott'm Forest,1,0,0,1,,805
Peter Bankes,Loum Tchaouna,Burnley,2,,0,0,,210
Peter Bankes,Luca Netz,Nott'm Forest,1,0,0,0,,814
Peter Bankes,Lucas Bergvall,Spurs,1,0,0,1,,586
Peter Bankes,Lucas Digne,Aston Villa,1,0,0,0,,37
Peter Bankes,Lucas Estella Perri,Leeds,3,0,0,0,,665
Peter Bankes,Lucas Pires Silva,Burnley,3,,0,1,,195
Peter Bankes,Lukas Nmecha,Leeds,3,0,0,3,,365
Peter Bankes,Luke Shaw,Man Utd,2,,0,3,,443
Peter Bankes,Lyle Foster,Burnley,3,,0,0,,217
Peter Bankes,Malick Thiaw,Newcastle,4,1,0,5,,684
Peter Bankes,Malo Gusto,Chelsea,3,,0,0,,228
Peter Bankes,Manuel Ugarte Ribeiro,Man Utd,2,,0,3,,459
Peter Bankes,Marc Cucurella Saseta,Chelsea,3,,1,5,,224
Peter Bankes,Marc Guéhi,Man City,1,0,0,0,,260
Peter Bankes,Marc Guiu Paz,Chelsea,1,,0,1,,252
Peter Bankes,Marco Bizot,Aston Villa,1,0,0,0,,33
Peter Bankes,Marcos Senesi Barón,Bournemouth,3,1,0,2,,72
Peter Bankes,Marcus Edwards,Burnley,3,,0,1,,206
Peter Bankes,Marcus Tavernier,Bournemouth,3,,0,2,,84
Peter Bankes,Martin Dúbravka,Burnley,3,,0,0,,470
Peter Bankes,Martin Ødegaard,Arsenal,2,0,0,0,,17
Peter Bankes,Martín Zubimendi Ibáñez,Arsenal,2,0,0,1,,26
Peter Bankes,Mason Mount,Man Utd,1,,0,0,,455
Peter Bankes,Mateus Gonçalo Espanha Fernandes,West Ham,1,0,0,3,,708
Peter Bankes,Mateus Mané,Wolves,1,0,0,0,,749
Peter Bankes,Matheus Nunes,Man City,2,1,0,2,,407
Peter Bankes,Matheus Santos Carneiro da Cunha,Man Utd,2,,0,1,,450
Peter Bankes,Mathias Jensen,Brentford,3,1,0,1,,126
Peter Bankes,Mathys Tel,Spurs,2,0,0,2,,584
Peter Bankes,Matt O'Riley,Brighton,1,0,0,0,,164
Peter Bankes,Matthijs de Ligt,Man Utd,1,,0,2,,436
Peter Bankes,Matty Cash,Aston Villa,1,0,0,1,,36
Peter Bankes,Matz Sels,Nott'm Forest,2,0,0,0,,502
Peter Bankes,Max Weiß,Burnley,2,,0,0,,183
Peter Bankes,Maxence Lacroix,Crystal Palace,1,0,0,0,,257
Peter Bankes,Maxim De Cuyper,Brighton,2,,0,0,,145
Peter Bankes,Maxime Estève,Burnley,3,,0,0,,191
Peter Bankes,Maximilian Kilman,West Ham,1,0,0,0,,605
Peter Bankes,Michael Kayode,Brentford,3,1,0,1,,110
Peter Bankes,Micky van de Ven,Spurs,3,0,0,3,,575
Peter Bankes,Mikel Merino Zazón,Arsenal,1,0,0,0,,22
Peter Bankes,Mikkel Damsgaard,Brentford,2,0,0,1,,121
Peter Bankes,Mitoma Kaoru,Brighton,2,,0,1,,157
Peter Bankes,Mohammed Kudus,Spurs,1,0,0,1,,582
Peter Bankes,Moisés Caicedo Corozo,Chelsea,3,,0,2,,241
Peter Bankes,Morgan Gibbs-White,Nott'm Forest,3,0,0,2,,515
Peter Bankes,Morgan Rogers,Aston Villa,2,1,0,4,,47
Peter Bankes,Murillo Costa dos Santos,Nott'm Forest,1,0,0,0,,506
Peter Bankes,Myles Lewis-Skelly,Arsenal,2,0,0,0,,10
Peter Bankes,Nathan Aké,Man City,3,0,0,0,,405
Peter Bankes,Nathan Collins,Brentford,3,2,0,2,,106
Peter Bankes,Neco Williams,Nott'm Forest,2,2,0,4,,508
Peter Bankes,Nick Pope,Newcastle,4,1,0,0,,469
Peter Bankes,Nick Woltemade,Newcastle,3,0,0,3,,714
Peter Bankes,Nico González Iglesias,Man City,3,1,0,3,,423
Peter Bankes,Nico O'Reilly,Man City,2,0,0,1,,411
Peter Bankes,Nicolás Domínguez,Nott'm Forest,1,0,0,0,,519
Peter Bankes,Nicolò Savona,Nott'm Forest,1,0,0,2,,716
Peter Bankes,Nikola Milenković,Nott'm Forest,3,0,0,1,,505
Peter Bankes,Noah Okafor,Leeds,2,1,0,1,,698
Peter Bankes,Noah Sadiki,Sunderland,1,0,0,0,,552
Peter Bankes,Noni Madueke,Arsenal,2,0,0,0,,18
Peter Bankes,Nordi Mukiele,Sunderland,1,1,0,2,,694
Peter Bankes,Noussair Mazraoui,Man Utd,2,,0,2,,438
Peter Bankes,Ola Aina,Nott'm Forest,2,0,0,2,,507
Peter Bankes,Olivier Boscagli,Brighton,1,0,0,0,,143
Peter Bankes,Ollie Scarles,West Ham,1,0,0,0,,608
Peter Bankes,Ollie Watkins,Aston Villa,2,0,0,3,,64
Peter Bankes,Omar Alderete,Sunderland,1,0,0,0,,683
Peter Bankes,Omar Marmoush,Man City,3,0,0,1,,413
Peter Bankes,Omari Hutchinson,Nott'm Forest,2,0,0,0,,693
Peter Bankes,Pape Matar Sarr,Spurs,2,0,0,4,,593
Peter Bankes,Pascal Groß,Brighton,1,0,0,1,,783
Peter Bankes,Pascal Struijk,Leeds,4,0,0,5,,343
Peter Bankes,Patrick Dorgu,Man Utd,1,,0,0,,441
Peter Bankes,Pau Torres,Aston Villa,2,0,0,0,,41
Peter Bankes,Pedro Lomba Neto,Chelsea,3,,0,0,,236
Peter Bankes,Pedro Porro Sauceda,Spurs,2,1,0,4,,568
Peter Bankes,Phil Foden,Man City,3,0,0,3,,414
Peter Bankes,Piero Hincapié,Arsenal,2,0,0,4,,725
Peter Bankes,Quilindschy Hartman,Burnley,2,,0,1,,192
Peter Bankes,Radu Drăgușin,Spurs,2,0,0,1,,572
Peter Bankes,Randal Kolo Muani,Spurs,1,0,0,6,,726
Peter Bankes,Raúl Jiménez Rodríguez,Fulham,2,1,0,3,,337
Peter Bankes,Rayan Aït-Nouri,Man City,3,1,0,0,,402
Peter Bankes,Rayan Cherki,Man City,3,0,0,4,,417
Peter Bankes,Rayan Vitor Simplício Rocha,Bournemouth,1,0,0,1,,807
Peter Bankes,Reece James,Chelsea,3,,0,2,,225
Peter Bankes,Reinildo Mandava,Sunderland,1,1,0,2,,541
Peter Bankes,Reiss Nelson,Brentford,2,0,0,0,,27
Peter Bankes,Riccardo Calafiori,Arsenal,2,1,0,1,,7
Peter Bankes,Richarlison de Andrade,Spurs,2,1,0,2,,597
Peter Bankes,Rico Henry,Brentford,2,0,0,3,,109
Peter Bankes,Rico Lewis,Man City,2,0,0,1,,410
Peter Bankes,Robert Lynch Sánchez,Chelsea,3,,1,1,,220
Peter Bankes,Robin Roefs,Sunderland,1,0,0,0,,670
Peter Bankes,Rodrigo 'Rodri' Hernandez Cascante,Man City,2,0,0,2,,421
Peter Bankes,Rodrigo Bentancur,Spurs,1,0,0,0,,585
Peter Bankes,Romaine Mundle,Sunderland,1,0,0,0,,548
Peter Bankes,Ross Barkley,Aston Villa,1,0,0,0,,55
Peter Bankes,Rúben dos Santos Gato Alves Dias,Man City,3,0,0,1,,408
Peter Bankes,Ryan Christie,Bournemouth,1,0,0,0,,87
Peter Bankes,Ryan Sessegnon,Fulham,2,,0,2,,328
Peter Bankes,Ryan Yates,Nott'm Forest,3,1,0,2,,522
Peter Bankes,Sam Byram,Leeds,1,0,0,0,,346
Peter Bankes,Sander Berge,Fulham,2,,0,2,,330
Peter Bankes,Sandro Tonali,Newcastle,5,1,0,3,,491
Peter Bankes,Santiago Ignacio Bueno,Wolves,1,0,0,1,,636
Peter Bankes,Saša Lukić,Fulham,2,,0,5,,332
Peter Bankes,Sávio Moreira de Oliveira,Man City,2,1,0,1,,415
Peter Bankes,Sean Longstaff,Leeds,3,0,0,2,,493
Peter Bankes,Sean Neave,Newcastle,1,0,0,0,,501
Peter Bankes,Sebastiaan Bornauw,Leeds,2,0,0,0,,345
Peter Bankes,Senne Lammens,Man Utd,1,0,0,0,,733
Peter Bankes,Sepp van den Berg,Brentford,2,0,0,2,,113
Peter Bankes,Soungoutou Magassa,West Ham,1,0,0,1,,718
Peter Bankes,Stefan Ortega Moreno,Nott'm Forest,1,0,0,0,,400
Peter Bankes,Stefanos Tzimas,Brighton,1,,0,1,,180
Peter Bankes,Sven Botman,Newcastle,4,0,0,3,,475
Peter Bankes,Tammy Abraham,Aston Villa,1,0,0,0,,808
Peter Bankes,Tanaka Ao,Leeds,2,0,0,1,,358
Peter Bankes,Tawanda Chirewa,Wolves,1,0,0,0,,650
Peter Bankes,Tijjani Reijnders,Man City,3,0,0,2,,427
Peter Bankes,Timothy Castagne,Fulham,2,1,0,2,,319
Peter Bankes,Tino Livramento,Newcastle,2,0,0,1,,477
Peter Bankes,Tolu Arokodare,Wolves,1,0,0,0,,720
Peter Bankes,Tom Cairney,Fulham,2,,0,0,,331
Peter Bankes,Tomáš Souček,West Ham,1,0,0,1,,613
Peter Bankes,Tosin Adarabioyo,Chelsea,3,,0,1,,232
Peter Bankes,Trai Hume,Sunderland,1,0,0,0,,532
Peter Bankes,Trevoh Chalobah,Chelsea,3,,0,2,,226
Peter Bankes,Tyler Adams,Bournemouth,1,1,0,1,,85
Peter Bankes,Tyrell Malacia,Man Utd,1,0,0,0,,448
Peter Bankes,Tyrick Mitchell,Crystal Palace,1,0,0,1,,258
Peter Bankes,Tyrone Mings,Aston Villa,1,0,0,0,,40
Peter Bankes,Veljko Milosavljevic,Bournemouth,2,,0,0,,721
Peter Bankes,Victor Lindelöf,Aston Villa,2,0,0,0,,719
Peter Bankes,Viktor Gyökeres,Arsenal,2,0,0,3,,666
Peter Bankes,Vitaly Janelt,Brentford,2,0,0,0,,125
Peter Bankes,Wesley Fofana,Chelsea,1,,0,0,,230
Peter Bankes,Wilfried Gnonto,Leeds,3,1,0,3,,351
Peter Bankes,Will Hughes,Crystal Palace,1,0,0,0,,270
Peter Bankes,William Osula,Newcastle,4,0,0,6,,500
Peter Bankes,William Saliba,Arsenal,1,0,0,0,,6
Peter Bankes,Wilson Isidor,Sunderland,1,1,0,0,,560
Peter Bankes,Wilson Odobert,Spurs,2,0,0,0,,588
Peter Bankes,Xavi Simons,Spurs,2,0,0,3,,717
Peter Bankes,Yankuba Minteh,Brighton,2,,0,1,,160
Peter Bankes,Yasin Ayari,Brighton,1,,0,0,,166
Peter Bankes,Yehor Yarmoliuk,Brentford,3,0,0,6,,129
Peter Bankes,Yéremy Pino Santos,Crystal Palace,1,0,0,0,,712
Peter Bankes,Yerson Mosquera Valdelamar,Wolves,1,0,0,1,,634
Peter Bankes,Yoane Wissa,Newcastle,2,0,0,0,,135
Peter Bankes,Youri Tielemans,Aston Villa,1,0,0,1,,48
Peter Bankes,Yves Bissouma,Spurs,2,1,0,0,,587
Peter Bankes,Zach Abbott,Nott'm Forest,1,0,0,2,,513
Peter Bankes,Zian Flemming,Burnley,2,,0,3,,215
Robert Jones,Aaron Hickey,Brentford,1,0,0,0,,116
Robert Jones,Aaron Ramsdale,Newcastle,1,0,0,0,,674
Robert Jones,Aaron Wan-Bissaka,West Ham,2,0,0,1,,610
Robert Jones,Abdukodir Khusanov,Man City,1,1,0,2,,406
Robert Jones,Adam Smith,Bournemouth,1,0,0,0,,73
Robert Jones,Adam Wharton,Crystal Palace,3,1,0,4,,273
Robert Jones,Adrien Truffert,Bournemouth,2,0,0,0,,74
Robert Jones,Alejandro Garnacho Ferreyra,Chelsea,1,0,0,0,,453
Robert Jones,Alex Iwobi,Fulham,2,1,0,3,,324
Robert Jones,Álex Jiménez Sánchez,Bournemouth,2,1,0,5,,713
Robert Jones,Alex Murphy,Newcastle,1,0,0,0,,481
Robert Jones,Alex Scott,Bournemouth,2,0,0,3,,90
Robert Jones,Alphonse Areola,West Ham,1,0,0,0,,600
Robert Jones,Altay Bayındır,Man Utd,1,0,0,0,,431
Robert Jones,Amad Diallo,Man Utd,1,0,0,2,,452
Robert Jones,Amine Adli,Bournemouth,2,0,0,0,,697
Robert Jones,André Trindade da Costa Neto,Wolves,2,0,0,0,,643
Robert Jones,Andrey Nascimento dos Santos,Chelsea,2,1,0,1,,246
Robert Jones,Andy Irving,West Ham,1,0,0,0,,621
Robert Jones,Anthony Elanga,Newcastle,3,0,0,0,,486
Robert Jones,Anthony Gordon,Newcastle,3,0,0,0,,485
Robert Jones,Antoine Semenyo,Man City,1,,0,1,,82
Robert Jones,Anton Stach,Leeds,1,0,0,1,,660
Robert Jones,Antonee Robinson,Fulham,2,1,0,1,,316
Robert Jones,Antonín Kinský,Spurs,1,0,0,0,,567
Robert Jones,Archie Gray,Spurs,3,,0,2,,591
Robert Jones,Armando Broja,Burnley,2,0,0,1,,680
Robert Jones,Ashley Barnes,Burnley,1,0,0,0,,218
Robert Jones,Ayden Heaven,Man Utd,1,0,0,0,,447
Robert Jones,Bafodé Diakité,Bournemouth,2,1,0,0,,685
Robert Jones,Bashir Humphreys,Burnley,2,0,0,1,,193
Robert Jones,Ben Gannon-Doak,Bournemouth,1,0,0,0,,391
Robert Jones,Benjamin Lecomte,Fulham,1,0,0,0,,664
Robert Jones,Benjamin White,Arsenal,1,0,0,0,,11
Robert Jones,Benoît Badiashile Mukinayi,Chelsea,1,0,0,0,,229
Robert Jones,Bernardo Mota Veiga de Carvalho e Silva,Man City,3,,0,2,,416
Robert Jones,Bernd Leno,Fulham,2,0,0,0,,314
Robert Jones,Bertrand Traoré,Sunderland,1,0,0,1,,735
Robert Jones,Boubacar Kamara,Aston Villa,1,0,0,0,,58
Robert Jones,Brandon Austin,Spurs,1,0,0,0,,566
Robert Jones,Brenden Aaronson,Leeds,2,0,0,2,,350
Robert Jones,Brennan Johnson,Crystal Palace,2,0,0,1,,580
Robert Jones,Brian Brobbey,Sunderland,2,1,0,3,,730
Robert Jones,Bruno Borges Fernandes,Man Utd,1,0,0,0,,449
Robert Jones,Bruno Guimarães Rodriguez Moura,Newcastle,3,2,0,3,,488
Robert Jones,Bryan Mbeumo,Man Utd,1,1,0,2,,119
Robert Jones,Bukayo Saka,Arsenal,1,0,0,0,,16
Robert Jones,Callum Hudson-Odoi,Nott'm Forest,1,,0,0,,516
Robert Jones,Callum Wilson,West Ham,2,0,0,2,,671
Robert Jones,Calvin Bassey,Fulham,2,0,0,1,,318
Robert Jones,Caoimhín Kelleher,Brentford,1,0,0,0,,101
Robert Jones,Carlos Henrique Casimiro,Man Utd,1,0,0,4,,457
Robert Jones,Chadi Riad Dnanou,Crystal Palace,1,0,0,0,,262
Robert Jones,Chemsdine Talbi,Sunderland,3,0,0,0,,553
Robert Jones,Chris Richards,Crystal Palace,3,1,0,2,,261
Robert Jones,Chris Rigg,Sunderland,3,1,0,1,,551
Robert Jones,Christantus Uche,Crystal Palace,1,0,0,0,,732
Robert Jones,Cole Palmer,Chelsea,1,1,0,0,,235
Robert Jones,Conor Gallagher,Spurs,2,,0,5,,796
Robert Jones,Cristian Romero,Spurs,3,,0,5,,569
Robert Jones,Crysencio Summerville,West Ham,1,0,0,1,,615
Robert Jones,Daichi Kamada,Crystal Palace,2,0,0,1,,271
Robert Jones,Dan Burn,Newcastle,3,0,0,4,,476
Robert Jones,Dan Neil,Sunderland,1,0,0,0,,549
Robert Jones,Dango Ouattara,Brentford,1,0,0,0,,83
Robert Jones,Daniel Ballard,Sunderland,3,0,0,3,,531
Robert Jones,Daniel James,Leeds,2,0,0,0,,353
Robert Jones,Daniel Muñoz Mejía,Crystal Palace,2,0,0,2,,256
Robert Jones,David Brooks,Bournemouth,2,0,0,0,,86
Robert Jones,David Møller Wolfe,Wolves,1,0,0,1,,682
Robert Jones,David Raya Martín,Arsenal,1,0,0,0,,1
Robert Jones,Dean Henderson,Crystal Palace,3,0,0,1,,253
Robert Jones,Declan Rice,Arsenal,1,0,0,1,,21
Robert Jones,Dennis Cirkin,Sunderland,2,0,0,0,,535
Robert Jones,Destiny Udogie,Spurs,2,,0,2,,574
Robert Jones,Dilane Bakwa,Nott'm Forest,1,,0,0,,734
Robert Jones,Diogo Dalot Teixeira,Man Utd,1,0,0,1,,440
Robert Jones,Djed Spence,Spurs,2,0,0,1,,573
Robert Jones,Dominic Calvert-Lewin,Leeds,1,0,0,2,,691
Robert Jones,Dominic Solanke-Mitchell,Spurs,2,1,0,4,,596
Robert Jones,Donyell Malen,Aston Villa,1,0,0,0,,53
Robert Jones,Đorđe Petrović,Bournemouth,2,0,0,0,,67
Robert Jones,Eberechi Eze,Arsenal,1,0,0,1,,266
Robert Jones,Eddie Nketiah,Crystal Palace,1,1,0,1,,284
Robert Jones,El Hadji Malick Diouf,West Ham,2,0,0,1,,603
Robert Jones,Eliezer Mayenda Dossou,Sunderland,4,0,0,0,,561
Robert Jones,Elliot Anderson,Nott'm Forest,1,1,0,1,,517
Robert Jones,Emil Krafth,Newcastle,1,0,0,1,,479
Robert Jones,Emile Smith Rowe,Fulham,2,0,0,1,,325
Robert Jones,Emiliano Buendía Stati,Aston Villa,1,0,0,1,,50
Robert Jones,Emiliano Martínez Romero,Aston Villa,1,0,0,0,,32
Robert Jones,Emmanuel Agbadou,Wolves,1,0,0,1,,631
Robert Jones,Enes Ünal,Bournemouth,1,0,0,0,,98
Robert Jones,Enzo Fernández,Chelsea,2,0,0,1,,237
Robert Jones,Enzo Le Fée,Sunderland,4,0,0,0,,547
Robert Jones,Erling Haaland,Man City,3,,0,1,,430
Robert Jones,Estêvão Almeida de Oliveira Gonçalves,Chelsea,2,0,0,2,,238
Robert Jones,Ethan Ampadu,Leeds,2,1,0,2,,354
Robert Jones,Ezri Konsa Ngoyo,Aston Villa,1,0,0,0,,38
Robert Jones,Fabian Schär,Newcastle,2,0,0,2,,474
Robert Jones,Facundo Buonanotte,Leeds,1,0,0,0,,168
Robert Jones,Fer López González,Wolves,2,0,0,1,,645
Robert Jones,Florentino Ibrain Morris Luís,Burnley,2,1,0,3,,722
Robert Jones,Francisco Evanilson de Lima Barbosa,Bournemouth,2,0,0,1,,97
Robert Jones,Freddie Potts,West Ham,1,0,0,1,,623
Robert Jones,Gabriel Fernando de Jesus,Arsenal,1,0,0,0,,31
Robert Jones,Gabriel Gudmundsson,Leeds,2,1,0,3,,347
Robert Jones,Gabriel Martinelli Silva,Arsenal,1,0,0,1,,19
Robert Jones,Gianluigi Donnarumma,Man City,3,,0,0,,736
Robert Jones,Granit Xhaka,Sunderland,4,0,0,3,,668
Robert Jones,Guglielmo Vicario,Spurs,2,,0,0,,565
Robert Jones,Guido Rodríguez,West Ham,1,0,0,0,,618
Robert Jones,Habib Diarra,Sunderland,2,0,0,4,,544
Robert Jones,Hannibal Mejbri,Burnley,1,0,0,0,,207
Robert Jones,Harrison Jones,Sunderland,1,0,0,0,,557
Robert Jones,Harrison Reed,Fulham,1,0,0,0,,336
Robert Jones,Harry Wilson,Fulham,2,0,0,0,,329
Robert Jones,Harvey Barnes,Newcastle,4,0,0,2,,487
Robert Jones,Hjalmar Ekdal,Burnley,2,0,0,0,,190
Robert Jones,Hugo Bueno López,Wolves,1,0,0,1,,633
Robert Jones,Hwang Hee-chan,Wolves,1,1,0,6,,642
Robert Jones,Ian Maatsen,Aston Villa,1,0,0,1,,39
Robert Jones,Igor Jesus Maciel da Cruz,Nott'm Forest,1,,0,3,,526
Robert Jones,Igor Thiago Nascimento Rodrigues,Brentford,1,0,0,1,,136
Robert Jones,Ilia Gruev,Leeds,2,0,0,1,,356
Robert Jones,Ismaïla Sarr,Crystal Palace,2,0,0,0,,267
Robert Jones,Issa Diop,Fulham,1,0,0,0,,320
Robert Jones,Jackson Tchatchoua,Wolves,2,0,0,0,,695
Robert Jones,Jacob Bruun Larsen,Burnley,2,0,0,0,,202
Robert Jones,Jacob Murphy,Newcastle,4,0,0,0,,489
Robert Jones,Jacob Ramsey,Newcastle,3,1,0,1,,52
Robert Jones,Jadon Sancho,Aston Villa,1,0,0,0,,456
Robert Jones,Jaidon Anthony,Burnley,1,1,0,1,,200
Robert Jones,Jaka Bijol,Leeds,2,0,0,1,,344
Robert Jones,Jamaal Lascelles,Newcastle,1,0,0,0,,480
Robert Jones,James Hill,Bournemouth,2,0,0,0,,77
Robert Jones,James Justin,Leeds,2,1,0,1,,706
Robert Jones,Jamie Bynoe-Gittens,Chelsea,1,0,0,1,,239
Robert Jones,Jarrod Bowen,West Ham,2,0,0,0,,624
Robert Jones,Jaydee Canvot,Crystal Palace,2,1,0,2,,723
Robert Jones,Jayden Bogle,Leeds,2,1,0,2,,342
Robert Jones,Jean-Clair Todibo,West Ham,2,0,0,0,,609
Robert Jones,Jean-Philippe Mateta,Crystal Palace,3,0,0,3,,283
Robert Jones,Jefferson Lerma Solís,Crystal Palace,3,1,0,4,,272
Robert Jones,Jenson Seelt,Sunderland,1,0,0,0,,542
Robert Jones,Jérémy Doku,Man City,1,0,0,1,,418
Robert Jones,Jhon Arias,Wolves,2,0,0,2,,663
Robert Jones,Joachim Andersen,Fulham,1,0,0,2,,317
Robert Jones,João Maria Lobo Alves Palhares Costa Palhinha Gonçalves,Spurs,3,,0,1,,673
Robert Jones,João Pedro Junqueira de Jesus,Chelsea,2,0,0,0,,249
Robert Jones,João Victor Gomes da Silva,Wolves,2,0,0,2,,646
Robert Jones,Joe Rodon,Leeds,2,0,0,1,,348
Robert Jones,Joe Willock,Newcastle,3,0,0,1,,494
Robert Jones,Joël Piroe,Leeds,2,0,0,0,,362
Robert Jones,Joelinton Cássio Apolinário de Lira,Newcastle,2,1,0,3,,490
Robert Jones,John McGinn,Aston Villa,1,1,0,4,,54
Robert Jones,John Ruddy,Newcastle,1,0,0,0,,753
Robert Jones,John Victor Maciel Furtado,Nott'm Forest,1,,0,0,,715
Robert Jones,Jordan Henderson,Brentford,1,0,0,0,,124
Robert Jones,Jorge Cuenca Barreno,Fulham,1,1,0,1,,321
Robert Jones,Jørgen Strand Larsen,Crystal Palace,1,0,0,0,,654
Robert Jones,Jorrel Hato,Chelsea,1,0,0,2,,672
Robert Jones,Josh Acheampong,Chelsea,1,1,0,1,,233
Robert Jones,Josh Cullen,Burnley,1,0,0,1,,205
Robert Jones,Josh King,Fulham,2,0,0,1,,335
Robert Jones,Josh Laurent,Burnley,2,0,0,2,,209
Robert Jones,Joshua Zirkzee,Man Utd,1,0,0,1,,466
Robert Jones,Joško Gvardiol,Man City,2,,0,3,,403
Robert Jones,Jun'ai Byfield,Spurs,1,,0,0,,745
Robert Jones,Junior Kroupi,Bournemouth,1,0,0,3,,100
Robert Jones,Jurriën Timber,Arsenal,1,0,0,1,,8
Robert Jones,Justin Devenny,Crystal Palace,3,0,0,2,,276
Robert Jones,Justin Kluivert,Bournemouth,1,0,0,0,,81
Robert Jones,Karl Darlow,Leeds,2,0,0,0,,341
Robert Jones,Keane Lewis-Potter,Brentford,1,0,0,0,,107
Robert Jones,Kenny Tete,Fulham,2,0,0,0,,322
Robert Jones,Kevin Danso,Spurs,2,0,0,0,,570
Robert Jones,Kevin Santos Lopes de Macedo,Fulham,1,0,0,1,,731
Robert Jones,Kevin Schade,Brentford,1,1,0,1,,120
Robert Jones,Ki-Jana Hoever,Wolves,1,0,0,0,,638
Robert Jones,Kieran Trippier,Newcastle,1,0,0,0,,478
Robert Jones,Kobbie Mainoo,Man Utd,1,0,0,0,,458
Robert Jones,Kristoffer Ajer,Brentford,1,1,0,1,,108
Robert Jones,Kyle Walker,Burnley,2,2,0,1,,187
Robert Jones,Kyle Walker-Peters,West Ham,1,0,0,0,,659
Robert Jones,Ladislav Krejcí,Wolves,2,0,0,2,,709
Robert Jones,Lamare Bogarde,Aston Villa,1,0,0,1,,44
Robert Jones,Leandro Trossard,Arsenal,1,0,0,0,,20
Robert Jones,Leny Yoro,Man Utd,1,0,0,1,,444
Robert Jones,Lesley Ugochukwu,Burnley,2,0,0,1,,676
Robert Jones,Lewis Hall,Newcastle,3,0,0,0,,473
Robert Jones,Lewis Miley,Newcastle,2,0,0,0,,497
Robert Jones,Liam Delap,Chelsea,2,0,0,1,,250
Robert Jones,Lisandro Martínez,Man Utd,1,0,0,0,,437
Robert Jones,Loum Tchaouna,Burnley,2,0,0,0,,210
Robert Jones,Lucas Bergvall,Spurs,1,0,0,4,,586
Robert Jones,Lucas Digne,Aston Villa,1,0,0,0,,37
Robert Jones,Lucas Estella Perri,Leeds,2,0,0,0,,665
Robert Jones,Lucas Pires Silva,Burnley,1,0,0,2,,195
Robert Jones,Lucas Tolentino Coelho de Lima,West Ham,2,1,0,1,,612
Robert Jones,Lukas Nmecha,Leeds,2,0,0,4,,365
Robert Jones,Luke O'Nien,Sunderland,1,0,0,0,,539
Robert Jones,Luke Shaw,Man Utd,1,1,0,1,,443
Robert Jones,Lutsharel Geertruida,Sunderland,2,0,0,0,,724
Robert Jones,Lyle Foster,Burnley,1,0,0,1,,217
Robert Jones,Mads Hermansen,West Ham,1,0,0,0,,679
Robert Jones,Malick Thiaw,Newcastle,4,1,0,4,,684
Robert Jones,Malo Gusto,Chelsea,2,1,0,2,,228
Robert Jones,Mamadou Sarr,Chelsea,1,0,0,0,,231
Robert Jones,Manuel Ugarte Ribeiro,Man Utd,1,0,0,0,,459
Robert Jones,Marc Cucurella Saseta,Chelsea,2,0,0,3,,224
Robert Jones,Marc Guéhi,Man City,1,,0,0,,260
Robert Jones,Marc Guiu Paz,Chelsea,1,0,0,0,,252
Robert Jones,Marco Bizot,Aston Villa,1,0,0,0,,33
Robert Jones,Marcos Senesi Barón,Bournemouth,2,0,0,0,,72
Robert Jones,Marcus Edwards,Burnley,1,0,0,1,,206
Robert Jones,Marcus Tavernier,Bournemouth,2,0,0,1,,84
Robert Jones,Marshall Munetsi,Wolves,1,0,0,1,,648
Robert Jones,Martin Dúbravka,Burnley,2,0,0,0,,470
Robert Jones,Martin Ødegaard,Arsenal,1,0,0,0,,17
Robert Jones,Martín Zubimendi Ibáñez,Arsenal,1,0,0,0,,26
Robert Jones,Mason Mount,Man Utd,1,0,0,1,,455
Robert Jones,Mateus Gonçalo Espanha Fernandes,West Ham,1,0,0,0,,708
Robert Jones,Mateus Mané,Wolves,1,0,0,0,,749
Robert Jones,Matheus Nunes,Man City,3,,0,4,,407
Robert Jones,Mathias Jensen,Brentford,1,0,0,0,,126
Robert Jones,Mathys Tel,Spurs,2,,0,0,,584
Robert Jones,Matt Doherty,Wolves,2,1,0,5,,632
Robert Jones,Matthijs de Ligt,Man Utd,1,0,0,1,,436
Robert Jones,Matty Cash,Aston Villa,1,0,0,3,,36
Robert Jones,Maxence Lacroix,Crystal Palace,3,1,0,4,,257
Robert Jones,Maxime Estève,Burnley,2,0,0,0,,191
Robert Jones,Maximilian Kilman,West Ham,2,1,0,2,,605
Robert Jones,Michael Kayode,Brentford,1,1,0,1,,110
Robert Jones,Micky van de Ven,Spurs,2,1,0,2,,575
Robert Jones,Mike Trésor Ndayishimiye,Burnley,1,0,0,0,,214
Robert Jones,Mikel Merino Zazón,Arsenal,1,0,0,0,,22
Robert Jones,Mikkel Damsgaard,Brentford,1,0,0,1,,121
Robert Jones,Mohammed Kudus,Spurs,1,0,0,0,,582
Robert Jones,Moisés Caicedo Corozo,Chelsea,2,1,0,2,,241
Robert Jones,Morgan Gibbs-White,Nott'm Forest,1,,0,0,,515
Robert Jones,Morgan Rogers,Aston Villa,1,0,0,2,,47
Robert Jones,Murillo Costa dos Santos,Nott'm Forest,1,,0,0,,506
Robert Jones,Myles Lewis-Skelly,Arsenal,1,0,0,0,,10
Robert Jones,Nathan Aké,Man City,2,,0,0,,405
Robert Jones,Nathan Collins,Brentford,1,0,0,0,,106
Robert Jones,Nathaniel Clyne,Crystal Palace,2,0,0,0,,263
Robert Jones,Nayef Aguerd,West Ham,1,0,0,0,,607
Robert Jones,Neco Williams,Nott'm Forest,1,,0,0,,508
Robert Jones,Nick Pope,Newcastle,4,0,0,0,,469
Robert Jones,Nick Woltemade,Newcastle,4,0,0,2,,714
Robert Jones,Niclas Füllkrug,West Ham,1,0,0,5,,625
Robert Jones,Nico González Iglesias,Man City,3,,0,2,,423
Robert Jones,Nico O'Reilly,Man City,3,,0,4,,411
Robert Jones,Nicolás Domínguez,Nott'm Forest,1,,0,0,,519
Robert Jones,Nicolò Savona,Nott'm Forest,1,,0,0,,716
Robert Jones,Nikola Milenković,Nott'm Forest,1,,0,0,,505
Robert Jones,Noah Okafor,Leeds,2,0,0,1,,698
Robert Jones,Noah Sadiki,Sunderland,4,0,0,3,,552
Robert Jones,Nordi Mukiele,Sunderland,3,1,0,3,,694
Robert Jones,Noussair Mazraoui,Man Utd,1,0,0,0,,438
Robert Jones,Ollie Watkins,Aston Villa,1,0,0,1,,64
Robert Jones,Omar Alderete,Sunderland,4,1,0,2,,683
Robert Jones,Omar Marmoush,Man City,1,,0,0,,413
Robert Jones,Omari Hutchinson,Nott'm Forest,1,,0,0,,693
Robert Jones,Oscar Bobb,Fulham,1,0,0,0,,424
Robert Jones,Pape Matar Sarr,Spurs,3,,0,0,,593
Robert Jones,Pascal Struijk,Leeds,1,1,0,1,,343
Robert Jones,Patrick Dorgu,Man Utd,1,0,0,0,,441
Robert Jones,Pau Torres,Aston Villa,1,0,0,0,,41
Robert Jones,Pedro Lomba Neto,Chelsea,2,0,0,0,,236
Robert Jones,Pedro Porro Sauceda,Spurs,2,2,0,2,,568
Robert Jones,Phil Foden,Man City,3,,0,2,,414
Robert Jones,Piero Hincapié,Arsenal,1,0,0,2,,725
Robert Jones,Quilindschy Hartman,Burnley,1,1,0,1,,192
Robert Jones,Radu Drăgușin,Spurs,2,,0,0,,572
Robert Jones,Randal Kolo Muani,Spurs,3,,0,7,,726
Robert Jones,Raúl Jiménez Rodríguez,Fulham,2,0,0,3,,337
Robert Jones,Rayan Aït-Nouri,Man City,1,,0,0,,402
Robert Jones,Rayan Cherki,Man City,2,,0,1,,417
Robert Jones,Rayan Vitor Simplício Rocha,Bournemouth,1,0,0,0,,807
Robert Jones,Reece James,Chelsea,1,0,0,0,,225
Robert Jones,Reinildo Mandava,Sunderland,3,0,0,4,,541
Robert Jones,Remi Matthews,Crystal Palace,1,0,0,0,,255
Robert Jones,Richarlison de Andrade,Spurs,2,0,0,1,,597
Robert Jones,Rico Henry,Brentford,1,0,0,2,,109
Robert Jones,Rico Lewis,Man City,1,0,0,0,,410
Robert Jones,Rio Cardines,Crystal Palace,1,0,0,0,,690
Robert Jones,Robert Lynch Sánchez,Chelsea,2,0,0,0,,220
Robert Jones,Robin Roefs,Sunderland,4,0,0,0,,670
Robert Jones,Rodrigo 'Rodri' Hernandez Cascante,Man City,1,1,0,2,,421
Robert Jones,Rodrigo Bentancur,Spurs,1,0,0,0,,585
Robert Jones,Rodrigo Martins Gomes,Wolves,1,0,0,0,,635
Robert Jones,Rodrigo Muniz Carvalho,Fulham,2,0,0,5,,338
Robert Jones,Romain Esse,Crystal Palace,1,0,0,0,,269
Robert Jones,Romaine Mundle,Sunderland,1,0,0,2,,548
Robert Jones,Ross Barkley,Aston Villa,1,0,0,1,,55
Robert Jones,Rúben dos Santos Gato Alves Dias,Man City,2,1,0,3,,408
Robert Jones,Ryan Christie,Bournemouth,2,0,0,1,,87
Robert Jones,Ryan Sessegnon,Fulham,2,0,0,2,,328
Robert Jones,Sam Byram,Leeds,1,0,0,0,,346
Robert Jones,Sam Johnstone,Wolves,2,0,0,0,,627
Robert Jones,Sander Berge,Fulham,2,0,0,3,,330
Robert Jones,Sandro Tonali,Newcastle,3,0,0,1,,491
Robert Jones,Santiago Ignacio Bueno,Wolves,1,0,0,1,,636
Robert Jones,Saša Lukić,Fulham,1,1,0,5,,332
Robert Jones,Sávio Moreira de Oliveira,Man City,2,,0,1,,415
Robert Jones,Sean Longstaff,Leeds,2,1,0,4,,493
Robert Jones,Sean Neave,Newcastle,1,0,0,0,,501
Robert Jones,Sebastiaan Bornauw,Leeds,1,1,0,2,,345
Robert Jones,Senne Lammens,Man Utd,1,0,0,0,,733
Robert Jones,Sepp van den Berg,Brentford,1,0,0,0,,113
Robert Jones,Simon Adingra,Sunderland,1,0,0,2,,543
Robert Jones,Sven Botman,Newcastle,3,0,0,3,,475
Robert Jones,Taiwo Awoniyi,Nott'm Forest,1,,0,1,,527
Robert Jones,Tanaka Ao,Leeds,2,1,0,2,,358
Robert Jones,Tijjani Reijnders,Man City,3,,0,1,,427
Robert Jones,Timothy Castagne,Fulham,2,0,0,0,,319
Robert Jones,Tino Livramento,Newcastle,1,0,0,1,,477
Robert Jones,Tolu Arokodare,Wolves,2,0,0,0,,720
Robert Jones,Tom Cairney,Fulham,1,0,0,1,,331
Robert Jones,Tomáš Souček,West Ham,2,0,0,1,,613
Robert Jones,Tosin Adarabioyo,Chelsea,1,0,0,2,,232
Robert Jones,Toti Gomes,Wolves,1,0,0,0,,637
Robert Jones,Trai Hume,Sunderland,4,2,0,3,,532
Robert Jones,Trevoh Chalobah,Chelsea,2,0,0,2,,226
Robert Jones,Tyler Adams,Bournemouth,2,0,0,2,,85
Robert Jones,Tyrell Malacia,Man Utd,1,0,0,0,,448
Robert Jones,Tyrick Mitchell,Crystal Palace,3,1,0,4,,258
Robert Jones,Victor Lindelöf,Aston Villa,1,0,0,0,,719
Robert Jones,Viktor Gyökeres,Arsenal,1,0,0,1,,666
Robert Jones,Vitaly Janelt,Brentford,1,0,0,1,,125
Robert Jones,Walter Benítez,Crystal Palace,2,0,0,0,,254
Robert Jones,Wesley Fofana,Chelsea,1,0,0,0,,230
Robert Jones,Wilfried Gnonto,Leeds,2,1,0,1,,351
Robert Jones,Will Hughes,Crystal Palace,2,0,0,2,,270
Robert Jones,William Osula,Newcastle,3,0,0,1,,500
Robert Jones,William Saliba,Arsenal,1,0,0,0,,6
Robert Jones,Wilson Isidor,Sunderland,3,0,0,1,,560
Robert Jones,Wilson Odobert,Spurs,2,,0,0,,588
Robert Jones,Xavi Simons,Spurs,3,1,0,1,,717
Robert Jones,Yehor Yarmoliuk,Brentford,1,1,0,1,,129
Robert Jones,Yéremy Pino Santos,Crystal Palace,3,0,0,5,,712
Robert Jones,Yerson Mosquera Valdelamar,Wolves,1,1,0,0,,634
Robert Jones,Yoane Wissa,Newcastle,2,1,0,0,,135
Robert Jones,Youri Tielemans,Aston Villa,1,0,0,2,,48
Robert Jones,Yves Bissouma,Spurs,2,1,0,1,,587
Sam Barrott,Aaron Hickey,Brentford,3,0,0,0,,116
Sam Barrott,Aaron Ramsdale,Newcastle,2,0,0,0,,674
Sam Barrott,Aaron Wan-Bissaka,West Ham,1,0,0,0,,610
Sam Barrott,Abdukodir Khusanov,Man City,1,0,0,0,,406
Sam Barrott,Adam Smith,Bournemouth,2,0,0,0,,73
Sam Barrott,Adam Wharton,Crystal Palace,2,0,0,1,,273
Sam Barrott,Adama Traoré Diarra,West Ham,1,0,0,0,,326
Sam Barrott,Adrien Truffert,Bournemouth,3,,0,4,,74
Sam Barrott,Alejandro Garnacho Ferreyra,Chelsea,2,1,0,0,,453
Sam Barrott,Alex Iwobi,Fulham,3,0,0,0,,324
Sam Barrott,Álex Jiménez Sánchez,Bournemouth,3,,0,2,,713
Sam Barrott,Alex Murphy,Newcastle,2,0,0,0,,481
Sam Barrott,Alex Scott,Bournemouth,3,,0,6,,90
Sam Barrott,Alex Tóth,Bournemouth,1,0,0,0,,801
Sam Barrott,Alphonse Areola,West Ham,2,0,0,0,,600
Sam Barrott,Altay Bayındır,Man Utd,2,0,0,0,,431
Sam Barrott,Amad Diallo,Man Utd,3,0,0,2,,452
Sam Barrott,Amadou Onana,Aston Villa,1,1,0,1,,59
Sam Barrott,Amine Adli,Bournemouth,3,,0,1,,697
Sam Barrott,André Trindade da Costa Neto,Wolves,1,1,0,1,,643
Sam Barrott,Andrés García,Aston Villa,1,0,0,0,,42
Sam Barrott,Andrey Nascimento dos Santos,Chelsea,2,0,0,0,,246
Sam Barrott,Andy Irving,West Ham,1,0,0,0,,621
Sam Barrott,Angus Gunn,Nott'm Forest,1,0,0,0,,675
Sam Barrott,Anthony Elanga,Newcastle,3,0,0,0,,486
Sam Barrott,Anthony Gordon,Newcastle,1,0,0,1,,485
Sam Barrott,Antonee Robinson,Fulham,1,1,0,1,,316
Sam Barrott,Antonín Kinský,Spurs,1,0,0,0,,567
Sam Barrott,Archie Gray,Spurs,2,1,0,1,,591
Sam Barrott,Armando Broja,Burnley,1,0,0,0,,680
Sam Barrott,Arnaud Kalimuendo,Nott'm Forest,1,,0,0,,696
Sam Barrott,Arthur Masuaku,Sunderland,1,0,0,0,,678
Sam Barrott,Ashley Barnes,Burnley,1,0,0,1,,218
Sam Barrott,Axel Disasi,West Ham,1,0,0,0,,815
Sam Barrott,Axel Tuanzebe,Burnley,1,1,0,3,,198
Sam Barrott,Ayden Heaven,Man Utd,1,0,0,0,,447
Sam Barrott,Bafodé Diakité,Bournemouth,1,0,0,0,,685
Sam Barrott,Bart Verbruggen,Brighton,2,0,0,0,,139
Sam Barrott,Bashir Humphreys,Burnley,1,1,0,1,,193
Sam Barrott,Ben Davies,Spurs,1,0,0,0,,571
Sam Barrott,Benjamin Lecomte,Fulham,1,0,0,0,,664
Sam Barrott,Benjamin Sesko,Man Utd,2,0,0,3,,681
Sam Barrott,Benjamin White,Arsenal,1,0,0,0,,11
Sam Barrott,Bernardo Mota Veiga de Carvalho e Silva,Man City,1,1,0,0,,416
Sam Barrott,Bernd Leno,Fulham,3,0,0,0,,314
Sam Barrott,Boubacar Kamara,Aston Villa,1,0,0,0,,58
Sam Barrott,Brajan Gruda,Brighton,1,0,0,0,,162
Sam Barrott,Brandon Austin,Spurs,1,0,0,0,,566
Sam Barrott,Brennan Johnson,Crystal Palace,1,0,0,1,,580
Sam Barrott,Brian Brobbey,Sunderland,2,1,0,3,,730
Sam Barrott,Bruno Borges Fernandes,Man Utd,3,1,0,4,,449
Sam Barrott,Bruno Guimarães Rodriguez Moura,Newcastle,3,0,0,4,,488
Sam Barrott,Bryan Mbeumo,Man Utd,3,0,0,1,,119
Sam Barrott,Bukayo Saka,Arsenal,2,0,0,2,,16
Sam Barrott,Callum Hudson-Odoi,Nott'm Forest,4,,0,1,,516
Sam Barrott,Callum Wilson,West Ham,1,0,0,0,,671
Sam Barrott,Calvin Bassey,Fulham,3,1,0,1,,318
Sam Barrott,Caoimhín Kelleher,Brentford,3,0,0,1,,101
Sam Barrott,Carlos Alcaraz Durán,Everton,1,0,0,0,,301
Sam Barrott,Carlos Baleba,Brighton,2,0,0,2,,167
Sam Barrott,Carlos Henrique Casimiro,Man Utd,2,0,0,0,,457
Sam Barrott,Chadi Riad Dnanou,Crystal Palace,1,0,0,0,,262
Sam Barrott,Charalampos Kostoulas,Brighton,1,0,0,0,,181
Sam Barrott,Chemsdine Talbi,Sunderland,3,0,0,2,,553
Sam Barrott,Chris Richards,Crystal Palace,2,1,0,1,,261
Sam Barrott,Chris Rigg,Sunderland,2,0,0,1,,551
Sam Barrott,Christantus Uche,Crystal Palace,1,0,0,1,,732
Sam Barrott,Christian Nørgaard,Arsenal,1,0,0,0,,24
Sam Barrott,Cole Palmer,Chelsea,2,0,0,0,,235
Sam Barrott,Conor Gallagher,Spurs,1,0,0,1,,796
Sam Barrott,Cristhian Mosquera,Arsenal,1,0,0,0,,662
Sam Barrott,Cristian Romero,Spurs,2,1,0,5,,569
Sam Barrott,Crysencio Summerville,West Ham,2,0,0,0,,615
Sam Barrott,Daichi Kamada,Crystal Palace,2,0,0,1,,271
Sam Barrott,Dan Burn,Newcastle,1,1,0,2,,476
Sam Barrott,Dan Ndoye,Nott'm Forest,3,,0,2,,669
Sam Barrott,Dan Neil,Sunderland,1,0,0,0,,549
Sam Barrott,Dango Ouattara,Brentford,4,0,0,1,,83
Sam Barrott,Daniel Ballard,Sunderland,3,1,0,2,,531
Sam Barrott,Daniel Muñoz Mejía,Crystal Palace,1,0,0,0,,256
Sam Barrott,Danny Welbeck,Brighton,2,0,0,2,,178
Sam Barrott,David Brooks,Bournemouth,3,1,0,2,,86
Sam Barrott,David Raya Martín,Arsenal,3,0,0,0,,1
Sam Barrott,Dean Henderson,Crystal Palace,2,1,0,0,,253
Sam Barrott,Declan Rice,Arsenal,3,1,0,2,,21
Sam Barrott,Dennis Cirkin,Sunderland,1,0,0,0,,535
Sam Barrott,Destiny Udogie,Spurs,2,0,0,0,,574
Sam Barrott,Diego Gómez Amarilla,Brighton,2,1,0,2,,169
Sam Barrott,Dilane Bakwa,Nott'm Forest,1,0,0,0,,734
Sam Barrott,Diogo Dalot Teixeira,Man Utd,2,0,0,1,,440
Sam Barrott,Djed Spence,Spurs,3,0,0,2,,573
Sam Barrott,Donyell Malen,Aston Villa,1,0,0,0,,53
Sam Barrott,Đorđe Petrović,Bournemouth,3,,0,0,,67
Sam Barrott,Douglas Luiz Soares de Paulo,Aston Villa,2,0,0,0,,699
Sam Barrott,Dwight McNeil,Everton,2,0,0,0,,300
Sam Barrott,Eberechi Eze,Arsenal,2,0,0,1,,266
Sam Barrott,Eddie Nketiah,Crystal Palace,1,0,0,1,,284
Sam Barrott,El Hadji Malick Diouf,West Ham,2,0,0,3,,603
Sam Barrott,Eliezer Mayenda Dossou,Sunderland,2,0,0,0,,561
Sam Barrott,Ellery Balcombe,Brentford,1,0,0,0,,102
Sam Barrott,Elliot Anderson,Nott'm Forest,4,,0,6,,517
Sam Barrott,Emile Smith Rowe,Fulham,2,0,0,0,,325
Sam Barrott,Emiliano Buendía Stati,Aston Villa,3,0,0,2,,50
Sam Barrott,Emiliano Martínez Romero,Aston Villa,3,0,0,0,,32
Sam Barrott,Enes Ünal,Bournemouth,3,,0,0,,98
Sam Barrott,Enzo Fernández,Chelsea,2,0,0,0,,237
Sam Barrott,Enzo Le Fée,Sunderland,3,0,0,3,,547
Sam Barrott,Erling Haaland,Man City,1,0,0,0,,430
Sam Barrott,Estêvão Almeida de Oliveira Gonçalves,Chelsea,2,0,0,1,,238
Sam Barrott,Ethan Pinnock,Brentford,3,0,0,0,,111
Sam Barrott,Evann Guessand,Crystal Palace,1,0,0,0,,677
Sam Barrott,Ezra Mayers,West Ham,1,0,0,0,,747
Sam Barrott,Ezri Konsa Ngoyo,Aston Villa,3,0,0,1,,38
Sam Barrott,Fabian Schär,Newcastle,1,0,0,1,,474
Sam Barrott,Felipe Rodrigues da Silva,Nott'm Forest,2,0,0,0,,511
Sam Barrott,Ferdi Kadıoğlu,Brighton,2,1,0,2,,148
Sam Barrott,Florentino Ibrain Morris Luís,Burnley,2,0,0,0,,722
Sam Barrott,Francisco Evanilson de Lima Barbosa,Bournemouth,2,0,0,1,,97
Sam Barrott,Frank Onyeka,Brentford,1,0,0,0,,128
Sam Barrott,Freddie Potts,West Ham,1,0,0,0,,623
Sam Barrott,Gabriel dos Santos Magalhães,Arsenal,2,0,0,2,,5
Sam Barrott,Gabriel Fernando de Jesus,Arsenal,3,0,0,0,,31
Sam Barrott,Gabriel Martinelli Silva,Arsenal,3,2,0,3,,19
Sam Barrott,Georginio Rutter,Brighton,2,0,0,2,,158
Sam Barrott,Gianluigi Donnarumma,Man City,1,1,0,0,,736
Sam Barrott,Granit Xhaka,Sunderland,2,1,0,5,,668
Sam Barrott,Guglielmo Vicario,Spurs,2,0,0,0,,565
Sam Barrott,Habib Diarra,Sunderland,2,1,0,2,,544
Sam Barrott,Hákon Rafn Valdimarsson,Brentford,3,0,0,0,,105
Sam Barrott,Hannibal Mejbri,Burnley,3,1,0,2,,207
Sam Barrott,Harrison Armstrong,Everton,1,0,0,0,,305
Sam Barrott,Harrison Jones,Sunderland,1,0,0,0,,557
Sam Barrott,Harrison Reed,Fulham,1,0,0,0,,336
Sam Barrott,Harry Maguire,Man Utd,2,0,0,3,,442
Sam Barrott,Harry Wilson,Fulham,3,0,0,1,,329
Sam Barrott,Harvey Barnes,Newcastle,3,0,0,0,,487
Sam Barrott,Harvey Elliott,Aston Villa,1,0,0,0,,389
Sam Barrott,Hjalmar Ekdal,Burnley,3,0,0,0,,190
Sam Barrott,Hugo Bueno López,Wolves,1,0,0,1,,633
Sam Barrott,Hwang Hee-chan,Wolves,1,0,0,0,,642
Sam Barrott,Ian Maatsen,Aston Villa,3,1,0,3,,39
Sam Barrott,Ibrahim Sangaré,Nott'm Forest,3,0,0,4,,521
Sam Barrott,Idrissa Gana Gueye,Everton,2,0,0,0,,302
Sam Barrott,Igor Jesus Maciel da Cruz,Nott'm Forest,4,,0,2,,526
Sam Barrott,Igor Thiago Nascimento Rodrigues,Brentford,4,1,0,8,,136
Sam Barrott,Iliman Ndiaye,Everton,2,0,0,1,,299
Sam Barrott,Ismaïla Sarr,Crystal Palace,1,0,0,0,,267
Sam Barrott,Issa Diop,Fulham,1,0,0,0,,320
Sam Barrott,Jack Grealish,Everton,2,0,0,1,,419
Sam Barrott,Jack Hinshelwood,Brighton,1,0,0,0,,163
Sam Barrott,Jackson Tchatchoua,Wolves,1,0,0,0,,695
Sam Barrott,Jacob Bruun Larsen,Burnley,3,0,0,0,,202
Sam Barrott,Jacob Murphy,Newcastle,2,0,0,1,,489
Sam Barrott,Jacob Ramsey,Newcastle,2,0,0,0,,52
Sam Barrott,Jadon Sancho,Aston Villa,3,0,0,0,,456
Sam Barrott,Jaidon Anthony,Burnley,3,1,0,3,,200
Sam Barrott,Jake O'Brien,Everton,3,0,0,2,,293
Sam Barrott,James Garner,Everton,3,0,0,0,,303
Sam Barrott,James Hill,Bournemouth,2,0,0,1,,77
Sam Barrott,James Maddison,Spurs,1,0,0,0,,581
Sam Barrott,James McAtee,Nott'm Forest,1,0,0,1,,426
Sam Barrott,James Milner,Brighton,2,0,0,4,,170
Sam Barrott,James Tarkowski,Everton,3,2,0,5,,291
Sam Barrott,James Trafford,Man City,1,0,0,0,,182
Sam Barrott,James Ward-Prowse,Burnley,1,0,0,0,,614
Sam Barrott,Jamie Bynoe-Gittens,Chelsea,1,0,0,0,,239
Sam Barrott,Jan Paul van Hecke,Brighton,2,0,0,0,,151
Sam Barrott,Jarrad Branthwaite,Everton,1,0,0,0,,290
Sam Barrott,Jarrod Bowen,West Ham,2,0,0,3,,624
Sam Barrott,Jason Steele,Brighton,1,0,0,0,,138
Sam Barrott,Jaydee Canvot,Crystal Palace,2,0,0,0,,723
Sam Barrott,Jean-Clair Todibo,West Ham,1,0,0,0,,609
Sam Barrott,Jean-Philippe Mateta,Crystal Palace,2,0,0,0,,283
Sam Barrott,Jefferson Lerma Solís,Crystal Palace,2,1,0,1,,272
Sam Barrott,Jérémy Doku,Man City,1,0,0,0,,418
Sam Barrott,Jhon Arias,Wolves,1,0,0,0,,663
Sam Barrott,Joachim Andersen,Fulham,3,1,0,5,,317
Sam Barrott,João Maria Lobo Alves Palhares Costa Palhinha Gonçalves,Spurs,3,1,0,3,,673
Sam Barrott,João Pedro Junqueira de Jesus,Chelsea,2,0,0,2,,249
Sam Barrott,João Victor Gomes da Silva,Wolves,1,0,0,1,,646
Sam Barrott,Joe Willock,Newcastle,2,0,0,1,,494
Sam Barrott,Joe Worrall,Burnley,2,0,0,0,,199
Sam Barrott,Joël Veltman,Brighton,1,0,0,0,,152
Sam Barrott,Joelinton Cássio Apolinário de Lira,Newcastle,2,1,0,6,,490
Sam Barrott,John McGinn,Aston Villa,2,0,0,3,,54
Sam Barrott,John Stones,Man City,1,0,0,0,,409
Sam Barrott,John Victor Maciel Furtado,Nott'm Forest,1,0,0,0,,715
Sam Barrott,Jordan Henderson,Brentford,4,0,0,1,,124
Sam Barrott,Jordan Pickford,Everton,3,0,0,0,,287
Sam Barrott,Jorge Cuenca Barreno,Fulham,1,0,0,0,,321
Sam Barrott,Jørgen Strand Larsen,Crystal Palace,1,0,0,0,,654
Sam Barrott,Jorrel Hato,Chelsea,1,0,0,0,,672
Sam Barrott,José Malheiro de Sá,Wolves,1,0,0,0,,628
Sam Barrott,Josh Acheampong,Chelsea,2,0,0,0,,233
Sam Barrott,Josh Cullen,Burnley,2,0,0,1,,205
Sam Barrott,Josh Dasilva,Brentford,1,0,0,0,,748
Sam Barrott,Josh King,Fulham,3,0,0,0,,335
Sam Barrott,Josh Laurent,Burnley,3,1,0,0,,209
Sam Barrott,Joshua Zirkzee,Man Utd,2,0,0,0,,466
Sam Barrott,Joško Gvardiol,Man City,1,0,0,1,,403
Sam Barrott,Junior Kroupi,Bournemouth,2,,0,1,,100
Sam Barrott,Jurriën Timber,Arsenal,2,0,0,2,,8
Sam Barrott,Justin Devenny,Crystal Palace,2,0,0,0,,276
Sam Barrott,Justin Kluivert,Bournemouth,2,1,0,2,,81
Sam Barrott,Kai Havertz,Arsenal,2,0,0,0,,30
Sam Barrott,Keane Lewis-Potter,Brentford,4,0,0,1,,107
Sam Barrott,Kenny Tete,Fulham,3,0,0,5,,322
Sam Barrott,Kepa Arrizabalaga Revuelta,Arsenal,1,0,0,0,,2
Sam Barrott,Kevin Danso,Spurs,2,2,0,4,,570
Sam Barrott,Kevin Santos Lopes de Macedo,Fulham,1,0,0,1,,731
Sam Barrott,Kevin Schade,Brentford,4,0,0,8,,120
Sam Barrott,Kieran Trippier,Newcastle,2,0,0,1,,478
Sam Barrott,Kiernan Dewsbury-Hall,Everton,2,1,0,2,,242
Sam Barrott,Kobbie Mainoo,Man Utd,2,1,0,2,,458
Sam Barrott,Konstantinos Mavropanos,West Ham,2,1,0,1,,606
Sam Barrott,Kristoffer Ajer,Brentford,4,0,0,1,,108
Sam Barrott,Kyle Walker,Burnley,3,1,0,2,,187
Sam Barrott,Kyle Walker-Peters,West Ham,2,1,0,3,,659
Sam Barrott,Ladislav Krejcí,Wolves,1,0,0,3,,709
Sam Barrott,Lamare Bogarde,Aston Villa,3,0,0,2,,44
Sam Barrott,Leandro Trossard,Arsenal,3,0,0,0,,20
Sam Barrott,Leny Yoro,Man Utd,3,0,0,1,,444
Sam Barrott,Leon Bailey,Aston Villa,2,0,0,0,,49
Sam Barrott,Lesley Ugochukwu,Burnley,3,0,0,5,,676
Sam Barrott,Lewis Cook,Bournemouth,1,,0,0,,88
Sam Barrott,Lewis Dunk,Brighton,2,0,0,1,,146
Sam Barrott,Lewis Hall,Newcastle,3,0,0,1,,473
Sam Barrott,Lewis Miley,Newcastle,3,0,0,1,,497
Sam Barrott,Liam Delap,Chelsea,2,0,0,2,,250
Sam Barrott,Lisandro Martínez,Man Utd,1,0,0,0,,437
Sam Barrott,Loum Tchaouna,Burnley,3,1,0,0,,210
Sam Barrott,Lucas Bergvall,Spurs,2,1,0,1,,586
Sam Barrott,Lucas Digne,Aston Villa,3,0,0,0,,37
Sam Barrott,Lucas Pires Silva,Burnley,2,0,0,2,,195
Sam Barrott,Lucas Tolentino Coelho de Lima,West Ham,1,0,0,1,,612
Sam Barrott,Luis Guilherme Lira dos Santos,West Ham,1,0,0,0,,619
Sam Barrott,Luke O'Nien,Sunderland,1,0,0,0,,539
Sam Barrott,Luke Shaw,Man Utd,3,0,0,3,,443
Sam Barrott,Lutsharel Geertruida,Sunderland,3,0,0,0,,724
Sam Barrott,Lyle Foster,Burnley,3,2,0,1,,217
Sam Barrott,Mads Hermansen,West Ham,1,0,0,0,,679
Sam Barrott,Malick Thiaw,Newcastle,3,0,0,0,,684
Sam Barrott,Malo Gusto,Chelsea,2,0,0,0,,228
Sam Barrott,Mamadou Sarr,Chelsea,1,0,0,0,,231
Sam Barrott,Manuel Ugarte Ribeiro,Man Utd,2,0,0,0,,459
Sam Barrott,Marc Cucurella Saseta,Chelsea,1,0,0,2,,224
Sam Barrott,Marco Bizot,Aston Villa,2,0,0,0,,33
Sam Barrott,Marcos Senesi Barón,Bournemouth,3,2,0,5,,72
Sam Barrott,Marcus Edwards,Burnley,1,0,0,0,,206
Sam Barrott,Marcus Tavernier,Bournemouth,3,,0,4,,84
Sam Barrott,Mark Travers,Everton,1,0,0,0,,288
Sam Barrott,Martin Dúbravka,Burnley,3,0,0,0,,470
Sam Barrott,Martin Ødegaard,Arsenal,2,0,0,1,,17
Sam Barrott,Martín Zubimendi Ibáñez,Arsenal,3,0,0,1,,26
Sam Barrott,Mason Mount,Man Utd,3,0,0,1,,455
Sam Barrott,Mateus Gonçalo Espanha Fernandes,West Ham,2,0,0,4,,708
Sam Barrott,Mateus Mané,Wolves,1,0,0,3,,749
Sam Barrott,Matheus Nunes,Man City,1,0,0,0,,407
Sam Barrott,Matheus Santos Carneiro da Cunha,Man Utd,3,0,0,2,,450
Sam Barrott,Mathias Jensen,Brentford,4,0,0,3,,126
Sam Barrott,Mathys Tel,Spurs,3,1,0,1,,584
Sam Barrott,Mats Wieffer,Brighton,2,0,0,2,,173
Sam Barrott,Matt O'Riley,Brighton,2,0,0,1,,164
Sam Barrott,Matthijs de Ligt,Man Utd,2,0,0,0,,436
Sam Barrott,Matty Cash,Aston Villa,3,0,0,2,,36
Sam Barrott,Matz Sels,Nott'm Forest,3,,0,0,,502
Sam Barrott,Max Dowman,Arsenal,1,0,0,0,,700
Sam Barrott,Max Weiß,Burnley,2,0,0,0,,183
Sam Barrott,Maxence Lacroix,Crystal Palace,2,0,0,2,,257
Sam Barrott,Maxim De Cuyper,Brighton,2,0,0,4,,145
Sam Barrott,Maxime Estève,Burnley,3,0,0,2,,191
Sam Barrott,Maximilian Kilman,West Ham,2,1,0,1,,605
Sam Barrott,Merlin Röhl,Everton,2,0,0,0,,728
Sam Barrott,Michael Kayode,Brentford,4,1,0,1,,110
Sam Barrott,Michael Keane,Everton,3,0,0,1,,295
Sam Barrott,Micky van de Ven,Spurs,3,0,0,0,,575
Sam Barrott,Mikel Merino Zazón,Arsenal,1,0,0,0,,22
Sam Barrott,Mikkel Damsgaard,Brentford,4,0,0,3,,121
Sam Barrott,Mitoma Kaoru,Brighton,1,1,0,3,,157
Sam Barrott,Mohamadou Kanté,West Ham,1,0,0,1,,758
Sam Barrott,Mohammed Kudus,Spurs,1,0,0,3,,582
Sam Barrott,Moisés Caicedo Corozo,Chelsea,2,1,0,3,,241
Sam Barrott,Morgan Gibbs-White,Nott'm Forest,4,,0,2,,515
Sam Barrott,Morgan Rogers,Aston Villa,3,1,0,3,,47
Sam Barrott,Murillo Costa dos Santos,Nott'm Forest,4,,0,2,,506
Sam Barrott,Myles Lewis-Skelly,Arsenal,1,0,0,0,,10
Sam Barrott,Nathan Aké,Man City,1,0,0,0,,405
Sam Barrott,Nathan Collins,Brentford,4,0,0,0,,106
Sam Barrott,Nathan Patterson,Everton,1,0,0,0,,296
Sam Barrott,Nathaniel Clyne,Crystal Palace,2,0,0,0,,263
Sam Barrott,Neco Williams,Nott'm Forest,4,,0,2,,508
Sam Barrott,Nick Pope,Newcastle,3,1,0,1,,469
Sam Barrott,Nick Woltemade,Newcastle,3,0,0,2,,714
Sam Barrott,Niclas Füllkrug,West Ham,1,0,0,1,,625
Sam Barrott,Nico González Iglesias,Man City,1,0,0,3,,423
Sam Barrott,Nico O'Reilly,Man City,1,0,0,1,,411
Sam Barrott,Nicolás Domínguez,Nott'm Forest,3,,0,2,,519
Sam Barrott,Nicolò Savona,Nott'm Forest,2,,0,2,,716
Sam Barrott,Nikola Milenković,Nott'm Forest,4,,0,1,,505
Sam Barrott,Nilson Angulo,Sunderland,1,0,0,0,,813
Sam Barrott,Noah Sadiki,Sunderland,3,2,0,2,,552
Sam Barrott,Noni Madueke,Arsenal,2,0,0,2,,18
Sam Barrott,Norberto Bercique Gomes Betuncal,Everton,3,0,0,3,,311
Sam Barrott,Nordi Mukiele,Sunderland,3,1,0,5,,694
Sam Barrott,Noussair Mazraoui,Man Utd,3,0,0,0,,438
Sam Barrott,Ola Aina,Nott'm Forest,2,0,0,1,,507
Sam Barrott,Oliver Sonne,Burnley,1,0,0,0,,197
Sam Barrott,Olivier Boscagli,Brighton,1,0,0,0,,143
Sam Barrott,Ollie Scarles,West Ham,1,0,0,0,,608
Sam Barrott,Ollie Watkins,Aston Villa,3,0,0,4,,64
Sam Barrott,Omar Alderete,Sunderland,3,0,0,4,,683
Sam Barrott,Omar Marmoush,Man City,1,0,0,1,,413
Sam Barrott,Omari Hutchinson,Nott'm Forest,4,,0,2,,693
Sam Barrott,Oscar Bobb,Fulham,1,0,0,1,,424
Sam Barrott,Pape Matar Sarr,Spurs,2,0,0,3,,593
Sam Barrott,Pascal Groß,Brighton,1,0,0,1,,783
Sam Barrott,Patrick Dorgu,Man Utd,2,1,0,0,,441
Sam Barrott,Pau Torres,Aston Villa,1,0,0,0,,41
Sam Barrott,Pedro Lomba Neto,Chelsea,2,0,0,0,,236
Sam Barrott,Pedro Porro Sauceda,Spurs,3,1,0,3,,568
Sam Barrott,Phil Foden,Man City,1,0,0,1,,414
Sam Barrott,Piero Hincapié,Arsenal,3,0,0,3,,725
Sam Barrott,Quilindschy Hartman,Burnley,3,0,0,0,,192
Sam Barrott,Radu Drăgușin,Spurs,1,0,0,0,,572
Sam Barrott,Randal Kolo Muani,Spurs,3,1,0,3,,726
Sam Barrott,Raúl Jiménez Rodríguez,Fulham,3,0,0,3,,337
Sam Barrott,Rayan Aït-Nouri,Man City,1,0,0,0,,402
Sam Barrott,Rayan Cherki,Man City,1,0,0,0,,417
Sam Barrott,Rayan Vitor Simplício Rocha,Bournemouth,1,0,0,1,,807
Sam Barrott,Reece James,Chelsea,1,0,0,0,,225
Sam Barrott,Reinildo Mandava,Sunderland,3,0,1,3,,541
Sam Barrott,Reiss Nelson,Brentford,2,0,0,0,,27
Sam Barrott,Riccardo Calafiori,Arsenal,2,0,0,4,,7
Sam Barrott,Richarlison de Andrade,Spurs,3,1,0,3,,597
Sam Barrott,Rico Henry,Brentford,3,0,0,1,,109
Sam Barrott,Robert Lynch Sánchez,Chelsea,2,0,0,0,,220
Sam Barrott,Robin Roefs,Sunderland,3,0,0,0,,670
Sam Barrott,Rodrigo Bentancur,Spurs,3,1,0,1,,585
Sam Barrott,Rodrigo Martins Gomes,Wolves,1,0,0,0,,635
Sam Barrott,Rodrigo Muniz Carvalho,Fulham,2,1,0,1,,338
Sam Barrott,Romaine Mundle,Sunderland,1,0,0,0,,548
Sam Barrott,Romelle Donovan,Brentford,1,0,0,0,,130
Sam Barrott,Roméo Lavia,Chelsea,1,0,0,1,,244
Sam Barrott,Ross Barkley,Aston Villa,2,1,0,3,,55
Sam Barrott,Rúben dos Santos Gato Alves Dias,Man City,1,0,0,0,,408
Sam Barrott,Ryan Christie,Bournemouth,2,,0,0,,87
Sam Barrott,Ryan Sessegnon,Fulham,1,0,0,0,,328
Sam Barrott,Ryan Yates,Nott'm Forest,2,,0,1,,522
Sam Barrott,Samuel Chukwueze,Fulham,2,0,0,0,,727
Sam Barrott,Sander Berge,Fulham,3,1,0,5,,330
Sam Barrott,Sandro Tonali,Newcastle,3,1,0,5,,491
Sam Barrott,Santiago Ignacio Bueno,Wolves,1,0,0,1,,636
Sam Barrott,Saša Lukić,Fulham,3,0,0,5,,332
Sam Barrott,Sávio Moreira de Oliveira,Man City,1,0,0,0,,415
Sam Barrott,Séamus Coleman,Everton,1,0,0,0,,294
Sam Barrott,Sean Neave,Newcastle,2,0,0,0,,501
Sam Barrott,Senne Lammens,Man Utd,2,0,0,0,,733
Sam Barrott,Sepp van den Berg,Brentford,4,0,0,0,,113
Sam Barrott,Shea Lacey,Man Utd,1,0,0,2,,755
Sam Barrott,Solly March,Brighton,1,0,0,0,,159
Sam Barrott,Soungoutou Magassa,West Ham,2,1,0,3,,718
Sam Barrott,Sven Botman,Newcastle,3,1,0,1,,475
Sam Barrott,Taiwo Awoniyi,Nott'm Forest,3,,0,3,,527
Sam Barrott,Tammy Abraham,Aston Villa,2,0,0,1,,808
Sam Barrott,Thierno Barry,Everton,3,0,0,0,,310
Sam Barrott,Tijjani Reijnders,Man City,1,0,0,0,,427
Sam Barrott,Tim Iroegbunam,Everton,2,0,0,1,,304
Sam Barrott,Timothy Castagne,Fulham,3,0,0,0,,319
Sam Barrott,Tino Livramento,Newcastle,1,0,0,0,,477
Sam Barrott,Tolu Arokodare,Wolves,1,0,0,1,,720
Sam Barrott,Tom Cairney,Fulham,3,1,0,1,,331
Sam Barrott,Tomáš Souček,West Ham,1,1,0,2,,613
Sam Barrott,Tosin Adarabioyo,Chelsea,1,0,0,0,,232
Sam Barrott,Trai Hume,Sunderland,3,0,0,0,,532
Sam Barrott,Trevoh Chalobah,Chelsea,1,0,0,0,,226
Sam Barrott,Tyler Adams,Bournemouth,2,,0,6,,85
Sam Barrott,Tyler Dibling,Everton,3,0,0,0,,707
Sam Barrott,Tyler Fletcher,Man Utd,1,0,0,0,,771
Sam Barrott,Tyrell Malacia,Man Utd,1,0,0,0,,448
Sam Barrott,Tyrick Mitchell,Crystal Palace,2,0,0,1,,258
Sam Barrott,Tyrone Mings,Aston Villa,3,0,0,3,,40
Sam Barrott,Valentín Castellanos,West Ham,1,0,0,3,,791
Sam Barrott,Veljko Milosavljevic,Bournemouth,2,,0,0,,721
Sam Barrott,Victor Lindelöf,Aston Villa,2,0,0,0,,719
Sam Barrott,Viktor Gyökeres,Arsenal,3,1,0,2,,666
Sam Barrott,Vitalii Mykolenko,Everton,3,2,0,1,,292
Sam Barrott,Vitaly Janelt,Brentford,3,0,0,2,,125
Sam Barrott,Walter Benítez,Crystal Palace,1,0,0,0,,254
Sam Barrott,Wesley Fofana,Chelsea,2,1,0,1,,230
Sam Barrott,Will Hughes,Crystal Palace,1,0,0,0,,270
Sam Barrott,William Osula,Newcastle,1,0,0,2,,500
Sam Barrott,William Saliba,Arsenal,3,1,0,4,,6
Sam Barrott,Wilson Isidor,Sunderland,3,0,0,1,,560
Sam Barrott,Wilson Odobert,Spurs,1,0,0,0,,588
Sam Barrott,Xavi Simons,Spurs,2,0,0,1,,717
Sam Barrott,Yankuba Minteh,Brighton,2,0,0,1,,160
Sam Barrott,Yasin Ayari,Brighton,1,0,0,0,,166
Sam Barrott,Yehor Yarmoliuk,Brentford,4,2,0,3,,129
Sam Barrott,Yéremy Pino Santos,Crystal Palace,2,0,0,2,,712
Sam Barrott,Yerson Mosquera Valdelamar,Wolves,1,1,0,2,,634
Sam Barrott,Yoane Wissa,Newcastle,2,0,0,1,,135
Sam Barrott,Youri Tielemans,Aston Villa,2,0,0,2,,48
Sam Barrott,Yves Bissouma,Spurs,1,0,0,0,,587
Sam Barrott,Zian Flemming,Burnley,2,0,0,2,,215
Simon Hooper,Aaron Wan-Bissaka,West Ham,2,0,0,1,,610
Simon Hooper,Adam Smith,Bournemouth,2,1,0,6,,73
Simon Hooper,Adama Traoré Diarra,West Ham,1,0,0,0,,326
Simon Hooper,Adrien Truffert,Bournemouth,3,0,0,4,,74
Simon Hooper,Alex Iwobi,Fulham,1,0,0,0,,324
Simon Hooper,Álex Jiménez Sánchez,Bournemouth,2,0,0,0,,713
Simon Hooper,Alex Murphy,Newcastle,1,0,0,0,,481
Simon Hooper,Alex Scott,Bournemouth,3,0,0,1,,90
Simon Hooper,Alexis Mac Allister,Liverpool,3,1,0,2,,386
Simon Hooper,Alisson Becker,Liverpool,3,0,0,0,,366
Simon Hooper,Alphonse Areola,West Ham,2,0,0,0,,600
Simon Hooper,Altay Bayındır,Man Utd,2,0,0,0,,431
Simon Hooper,Amad Diallo,Man Utd,3,0,0,2,,452
Simon Hooper,Amadou Onana,Aston Villa,1,0,0,1,,59
Simon Hooper,Amine Adli,Bournemouth,1,0,0,1,,697
Simon Hooper,André Trindade da Costa Neto,Wolves,1,1,0,2,,643
Simon Hooper,Andrés García,Aston Villa,1,0,0,0,,42
Simon Hooper,Andrew Robertson,Liverpool,1,0,0,0,,372
Simon Hooper,Andrey Nascimento dos Santos,Chelsea,1,,0,0,,246
Simon Hooper,Anthony Elanga,Newcastle,2,0,0,0,,486
Simon Hooper,Anthony Gordon,Newcastle,2,1,1,3,,485
Simon Hooper,Anton Stach,Leeds,1,1,0,2,,660
Simon Hooper,Arnaud Kalimuendo,Nott'm Forest,1,0,0,0,,696
Simon Hooper,Axel Disasi,West Ham,1,0,0,0,,815
Simon Hooper,Ayden Heaven,Man Utd,2,0,0,1,,447
Simon Hooper,Bafodé Diakité,Bournemouth,3,0,0,2,,685
Simon Hooper,Bart Verbruggen,Brighton,2,,0,0,,139
Simon Hooper,Ben Gannon-Doak,Bournemouth,1,0,0,0,,391
Simon Hooper,Benjamin Sesko,Man Utd,3,0,0,2,,681
Simon Hooper,Benjamin White,Arsenal,1,0,0,2,,11
Simon Hooper,Benoît Badiashile Mukinayi,Chelsea,1,1,0,0,,229
Simon Hooper,Bernd Leno,Fulham,1,0,0,0,,314
Simon Hooper,Boubacar Kamara,Aston Villa,2,0,0,3,,58
Simon Hooper,Brajan Gruda,Brighton,2,,0,0,,162
Simon Hooper,Brenden Aaronson,Leeds,1,0,0,1,,350
Simon Hooper,Bruno Borges Fernandes,Man Utd,3,0,0,2,,449
Simon Hooper,Bruno Guimarães Rodriguez Moura,Newcastle,1,1,0,4,,488
Simon Hooper,Bryan Mbeumo,Man Utd,3,0,0,2,,119
Simon Hooper,Bukayo Saka,Arsenal,1,0,0,0,,16
Simon Hooper,Callum Wilson,West Ham,2,0,0,1,,671
Simon Hooper,Calvin Bassey,Fulham,1,0,0,2,,318
Simon Hooper,Caoimhín Kelleher,Brentford,1,0,0,0,,101
Simon Hooper,Carlos Baleba,Brighton,2,,0,6,,167
Simon Hooper,Carlos Henrique Casimiro,Man Utd,3,1,0,3,,457
Simon Hooper,Charalampos Kostoulas,Brighton,1,0,0,0,,181
Simon Hooper,Cody Gakpo,Liverpool,4,0,0,4,,384
Simon Hooper,Conor Bradley,Liverpool,3,1,0,2,,375
Simon Hooper,Cristian Romero,Spurs,1,0,0,0,,569
Simon Hooper,Crysencio Summerville,West Ham,2,0,0,3,,615
Simon Hooper,Curtis Jones,Liverpool,4,0,0,0,,388
Simon Hooper,Dan Burn,Newcastle,2,2,0,4,,476
Simon Hooper,Dango Ouattara,Brentford,1,0,0,1,,83
Simon Hooper,Danny Welbeck,Brighton,2,1,0,2,,178
Simon Hooper,David Brooks,Bournemouth,3,0,0,1,,86
Simon Hooper,David Møller Wolfe,Wolves,1,0,0,0,,682
Simon Hooper,David Raya Martín,Arsenal,1,1,0,0,,1
Simon Hooper,Declan Rice,Arsenal,1,0,0,1,,21
Simon Hooper,Destiny Udogie,Spurs,1,0,0,0,,574
Simon Hooper,Diego Gómez Amarilla,Brighton,2,,0,4,,169
Simon Hooper,Dilane Bakwa,Nott'm Forest,1,1,0,2,,734
Simon Hooper,Diogo Dalot Teixeira,Man Utd,3,2,0,3,,440
Simon Hooper,Djed Spence,Spurs,2,1,0,2,,573
Simon Hooper,Dominic Calvert-Lewin,Leeds,1,0,0,2,,691
Simon Hooper,Dominik Szoboszlai,Liverpool,3,0,0,2,,387
Simon Hooper,Donyell Malen,Aston Villa,3,0,0,1,,53
Simon Hooper,Đorđe Petrović,Bournemouth,3,1,0,0,,67
Simon Hooper,Douglas Luiz Soares de Paulo,Aston Villa,1,0,0,1,,699
Simon Hooper,Dwight McNeil,Everton,1,0,0,0,,300
Simon Hooper,El Hadji Malick Diouf,West Ham,2,0,0,0,,603
Simon Hooper,Elliot Anderson,Nott'm Forest,1,0,0,2,,517
Simon Hooper,Emile Smith Rowe,Fulham,1,0,0,0,,325
Simon Hooper,Emiliano Buendía Stati,Aston Villa,3,1,0,4,,50
Simon Hooper,Emiliano Martínez Romero,Aston Villa,3,0,0,0,,32
Simon Hooper,Endo Wataru,Liverpool,2,0,0,0,,392
Simon Hooper,Enzo Fernández,Chelsea,1,,0,0,,237
Simon Hooper,Estêvão Almeida de Oliveira Gonçalves,Chelsea,1,,0,0,,238
Simon Hooper,Ethan Ampadu,Leeds,1,0,0,1,,354
Simon Hooper,Ezra Mayers,West Ham,2,0,0,0,,747
Simon Hooper,Ezri Konsa Ngoyo,Aston Villa,3,0,0,0,,38
Simon Hooper,Fabian Schär,Newcastle,1,0,0,0,,474
Simon Hooper,Facundo Buonanotte,Leeds,1,1,0,0,,168
Simon Hooper,Federico Chiesa,Liverpool,4,0,0,4,,385
Simon Hooper,Ferdi Kadıoğlu,Brighton,2,,0,2,,148
Simon Hooper,Florian Wirtz,Liverpool,4,0,0,4,,382
Simon Hooper,Francisco Evanilson de Lima Barbosa,Bournemouth,3,0,0,1,,97
Simon Hooper,Frank Onyeka,Brentford,1,0,0,0,,128
Simon Hooper,Freddie Potts,West Ham,2,1,0,1,,623
Simon Hooper,Gabriel dos Santos Magalhães,Arsenal,1,0,0,1,,5
Simon Hooper,Gabriel Martinelli Silva,Arsenal,1,0,0,0,,19
Simon Hooper,Georginio Rutter,Brighton,2,,0,4,,158
Simon Hooper,Giorgi Mamardashvili,Liverpool,1,0,0,0,,367
Simon Hooper,Guglielmo Vicario,Spurs,2,0,0,0,,565
Simon Hooper,Guido Rodríguez,West Ham,1,1,0,1,,618
Simon Hooper,Harrison Armstrong,Everton,1,0,0,0,,305
Simon Hooper,Harry Maguire,Man Utd,2,0,0,1,,442
Simon Hooper,Harry Wilson,Fulham,1,0,0,1,,329
Simon Hooper,Harvey Barnes,Newcastle,2,0,0,0,,487
Simon Hooper,Harvey Elliott,Aston Villa,1,0,0,0,,389
Simon Hooper,Hugo Bueno López,Wolves,1,0,0,0,,633
Simon Hooper,Hugo Ekitiké,Liverpool,4,0,0,7,,661
Simon Hooper,Hwang Hee-chan,Wolves,1,0,0,3,,642
Simon Hooper,Ian Maatsen,Aston Villa,2,0,0,0,,39
Simon Hooper,Ibrahima Konaté,Liverpool,4,1,0,2,,374
Simon Hooper,Idrissa Gana Gueye,Everton,2,0,0,1,,302
Simon Hooper,Igor Jesus Maciel da Cruz,Nott'm Forest,1,0,0,5,,526
Simon Hooper,Igor Thiago Nascimento Rodrigues,Brentford,1,1,0,1,,136
Simon Hooper,Ilia Gruev,Leeds,1,1,0,1,,356
Simon Hooper,Iliman Ndiaye,Everton,2,0,0,2,,299
Simon Hooper,Issa Diop,Fulham,1,1,0,2,,320
Simon Hooper,Jack Grealish,Everton,1,1,0,2,,419
Simon Hooper,Jack Hinshelwood,Brighton,1,0,0,0,,163
Simon Hooper,Jackson Tchatchoua,Wolves,1,0,0,0,,695
Simon Hooper,Jacob Murphy,Newcastle,1,0,0,0,,489
Simon Hooper,Jacob Ramsey,Newcastle,2,1,0,1,,52
Simon Hooper,Jadon Sancho,Aston Villa,1,0,0,0,,456
Simon Hooper,Jake O'Brien,Everton,2,0,0,1,,293
Simon Hooper,James Garner,Everton,2,0,0,0,,303
Simon Hooper,James Hill,Bournemouth,3,1,0,2,,77
Simon Hooper,James Justin,Leeds,1,0,0,1,,706
Simon Hooper,James McAtee,Nott'm Forest,1,1,0,1,,426
Simon Hooper,James Tarkowski,Everton,2,0,0,2,,291
Simon Hooper,Jan Paul van Hecke,Brighton,2,1,0,3,,151
Simon Hooper,Jarrad Branthwaite,Everton,1,0,0,0,,290
Simon Hooper,Jarrod Bowen,West Ham,2,0,0,1,,624
Simon Hooper,Jayden Bogle,Leeds,1,0,0,4,,342
Simon Hooper,Jean-Clair Todibo,West Ham,1,0,0,0,,609
Simon Hooper,Jeremie Frimpong,Liverpool,1,0,0,0,,370
Simon Hooper,Jhon Arias,Wolves,1,0,0,2,,663
Simon Hooper,Joachim Andersen,Fulham,1,0,0,1,,317
Simon Hooper,João Maria Lobo Alves Palhares Costa Palhinha Gonçalves,Spurs,2,0,0,1,,673
Simon Hooper,João Pedro Junqueira de Jesus,Chelsea,1,,0,2,,249
Simon Hooper,João Victor Gomes da Silva,Wolves,1,0,0,2,,646
Simon Hooper,Joe Gomez,Liverpool,1,0,0,0,,376
Simon Hooper,Joe Rodon,Leeds,1,0,0,0,,348
Simon Hooper,Joe Willock,Newcastle,1,0,0,0,,494
Simon Hooper,Joël Veltman,Brighton,1,1,0,1,,152
Simon Hooper,Joelinton Cássio Apolinário de Lira,Newcastle,1,0,0,1,,490
Simon Hooper,John McGinn,Aston Villa,3,0,0,4,,54
Simon Hooper,John Victor Maciel Furtado,Nott'm Forest,1,0,0,0,,715
Simon Hooper,Jordan Henderson,Brentford,1,0,0,0,,124
Simon Hooper,Jordan Pickford,Everton,2,0,0,0,,287
Simon Hooper,Jorrel Hato,Chelsea,1,,0,0,,672
Simon Hooper,José Malheiro de Sá,Wolves,1,0,0,0,,628
Simon Hooper,Josh Acheampong,Chelsea,1,,0,0,,233
Simon Hooper,Josh King,Fulham,1,0,0,0,,335
Simon Hooper,Joshua Zirkzee,Man Utd,2,0,0,0,,466
Simon Hooper,Junior Kroupi,Bournemouth,2,0,0,0,,100
Simon Hooper,Jurriën Timber,Arsenal,1,1,0,2,,8
Simon Hooper,Justin Kluivert,Bournemouth,3,0,0,2,,81
Simon Hooper,Kai Havertz,Arsenal,1,0,0,0,,30
Simon Hooper,Karl Darlow,Leeds,1,0,0,0,,341
Simon Hooper,Keane Lewis-Potter,Brentford,1,1,0,1,,107
Simon Hooper,Kevin Danso,Spurs,1,1,0,0,,570
Simon Hooper,Kevin Santos Lopes de Macedo,Fulham,1,0,0,0,,731
Simon Hooper,Kevin Schade,Brentford,1,1,0,3,,120
Simon Hooper,Kieran Trippier,Newcastle,2,0,0,4,,478
Simon Hooper,Kiernan Dewsbury-Hall,Everton,2,1,0,3,,242
Simon Hooper,Kobbie Mainoo,Man Utd,2,0,0,1,,458
Simon Hooper,Konstantinos Mavropanos,West Ham,2,0,0,0,,606
Simon Hooper,Kristoffer Ajer,Brentford,1,0,0,0,,108
Simon Hooper,Kyle Walker-Peters,West Ham,1,0,0,0,,659
Simon Hooper,Ladislav Krejcí,Wolves,1,0,0,1,,709
Simon Hooper,Lamare Bogarde,Aston Villa,2,1,0,1,,44
Simon Hooper,Leny Yoro,Man Utd,3,0,0,3,,444
Simon Hooper,Lewis Dunk,Brighton,2,2,0,2,,146
Simon Hooper,Lewis Hall,Newcastle,2,0,0,2,,473
Simon Hooper,Lewis Miley,Newcastle,1,0,0,0,,497
Simon Hooper,Lisandro Martínez,Man Utd,2,0,0,0,,437
Simon Hooper,Lucas Bergvall,Spurs,2,0,0,3,,586
Simon Hooper,Lucas Digne,Aston Villa,3,1,0,2,,37
Simon Hooper,Lucas Tolentino Coelho de Lima,West Ham,1,0,0,0,,612
Simon Hooper,Luke Shaw,Man Utd,3,0,0,3,,443
Simon Hooper,Mads Hermansen,West Ham,1,0,0,0,,679
Simon Hooper,Malick Thiaw,Newcastle,2,0,0,1,,684
Simon Hooper,Malo Gusto,Chelsea,1,,0,0,,228
Simon Hooper,Manuel Ugarte Ribeiro,Man Utd,2,0,0,2,,459
Simon Hooper,Marc Cucurella Saseta,Chelsea,1,1,0,2,,224
Simon Hooper,Marcos Senesi Barón,Bournemouth,3,1,0,2,,72
Simon Hooper,Marcus Tavernier,Bournemouth,3,0,0,3,,84
Simon Hooper,Martin Ødegaard,Arsenal,1,0,0,1,,17
Simon Hooper,Martín Zubimendi Ibáñez,Arsenal,1,0,0,2,,26
Simon Hooper,Mason Mount,Man Utd,2,0,0,1,,455
Simon Hooper,Mateus Gonçalo Espanha Fernandes,West Ham,2,1,0,3,,708
Simon Hooper,Mateus Mané,Wolves,1,0,0,2,,749
Simon Hooper,Matheus Santos Carneiro da Cunha,Man Utd,3,0,0,1,,450
Simon Hooper,Mathias Jensen,Brentford,1,0,0,0,,126
Simon Hooper,Mathys Tel,Spurs,2,0,0,2,,584
Simon Hooper,Mats Wieffer,Brighton,2,1,0,2,,173
Simon Hooper,Matt Doherty,Wolves,1,0,0,0,,632
Simon Hooper,Matthijs de Ligt,Man Utd,1,0,0,1,,436
Simon Hooper,Matty Cash,Aston Villa,3,1,0,3,,36
Simon Hooper,Matz Sels,Nott'm Forest,1,0,0,0,,502
Simon Hooper,Maxim De Cuyper,Brighton,2,,0,0,,145
Simon Hooper,Maximilian Kilman,West Ham,2,0,0,1,,605
Simon Hooper,Merlin Röhl,Everton,1,0,0,2,,728
Simon Hooper,Michael Kayode,Brentford,1,0,0,0,,110
Simon Hooper,Michael Keane,Everton,1,0,0,1,,295
Simon Hooper,Micky van de Ven,Spurs,2,2,0,2,,575
Simon Hooper,Mikel Merino Zazón,Arsenal,1,0,0,1,,22
Simon Hooper,Mikkel Damsgaard,Brentford,1,0,0,0,,121
Simon Hooper,Milos Kerkez,Liverpool,4,1,0,3,,371
Simon Hooper,Mitoma Kaoru,Brighton,1,,0,0,,157
Simon Hooper,Mohamadou Kanté,West Ham,1,0,0,0,,758
Simon Hooper,Mohamed Salah,Liverpool,3,1,0,2,,381
Simon Hooper,Mohammed Kudus,Spurs,2,0,0,4,,582
Simon Hooper,Moisés Caicedo Corozo,Chelsea,1,,0,2,,241
Simon Hooper,Morgan Gibbs-White,Nott'm Forest,1,0,0,3,,515
Simon Hooper,Morgan Rogers,Aston Villa,3,0,0,3,,47
Simon Hooper,Murillo Costa dos Santos,Nott'm Forest,1,0,0,1,,506
Simon Hooper,Myles Lewis-Skelly,Arsenal,1,1,0,1,,10
Simon Hooper,Nathan Collins,Brentford,1,0,0,0,,106
Simon Hooper,Nathan Patterson,Everton,1,0,0,2,,296
Simon Hooper,Neco Williams,Nott'm Forest,1,0,0,2,,508
Simon Hooper,Nick Pope,Newcastle,2,0,0,0,,469
Simon Hooper,Nick Woltemade,Newcastle,1,0,0,0,,714
Simon Hooper,Nicolás Domínguez,Nott'm Forest,1,0,0,1,,519
Simon Hooper,Nicolò Savona,Nott'm Forest,1,0,0,0,,716
Simon Hooper,Nikola Milenković,Nott'm Forest,1,0,0,2,,505
Simon Hooper,Noah Okafor,Leeds,1,0,0,0,,698
Simon Hooper,Noni Madueke,Arsenal,1,0,0,1,,18
Simon Hooper,Norberto Bercique Gomes Betuncal,Everton,2,0,0,3,,311
Simon Hooper,Noussair Mazraoui,Man Utd,1,0,0,0,,438
Simon Hooper,Ola Aina,Nott'm Forest,1,0,0,0,,507
Simon Hooper,Olivier Boscagli,Brighton,1,0,0,0,,143
Simon Hooper,Ollie Scarles,West Ham,1,0,0,0,,608
Simon Hooper,Ollie Watkins,Aston Villa,3,0,0,3,,64
Simon Hooper,Omari Hutchinson,Nott'm Forest,1,0,0,0,,693
Simon Hooper,Pape Matar Sarr,Spurs,2,0,0,6,,593
Simon Hooper,Pascal Struijk,Leeds,1,0,0,0,,343
Simon Hooper,Patrick Dorgu,Man Utd,2,1,0,1,,441
Simon Hooper,Pau Torres,Aston Villa,1,0,0,0,,41
Simon Hooper,Pedro Lomba Neto,Chelsea,1,,0,0,,236
Simon Hooper,Pedro Porro Sauceda,Spurs,2,0,0,2,,568
Simon Hooper,Randal Kolo Muani,Spurs,1,0,0,1,,726
Simon Hooper,Reece James,Chelsea,1,1,0,2,,225
Simon Hooper,Riccardo Calafiori,Arsenal,1,1,0,2,,7
Simon Hooper,Richarlison de Andrade,Spurs,2,0,0,1,,597
Simon Hooper,Rico Henry,Brentford,1,0,0,0,,109
Simon Hooper,Rio Ngumoha,Liverpool,2,0,0,1,,686
Simon Hooper,Robert Lynch Sánchez,Chelsea,1,,0,0,,220
Simon Hooper,Rodrigo Bentancur,Spurs,2,0,0,0,,585
Simon Hooper,Roméo Lavia,Chelsea,1,,0,0,,244
Simon Hooper,Ross Barkley,Aston Villa,1,0,0,0,,55
Simon Hooper,Ryan Christie,Bournemouth,2,0,0,1,,87
Simon Hooper,Ryan Gravenberch,Liverpool,3,1,0,6,,390
Simon Hooper,Ryan Sessegnon,Fulham,1,0,0,2,,328
Simon Hooper,Samuel Chukwueze,Fulham,1,0,0,0,,727
Simon Hooper,Sander Berge,Fulham,1,0,0,0,,330
Simon Hooper,Sandro Tonali,Newcastle,2,0,0,1,,491
Simon Hooper,Santiago Ignacio Bueno,Wolves,1,0,0,0,,636
Simon Hooper,Saša Lukić,Fulham,1,0,0,0,,332
Simon Hooper,Sean Longstaff,Leeds,1,0,0,0,,493
Simon Hooper,Sebastiaan Bornauw,Leeds,1,0,0,1,,345
Simon Hooper,Senne Lammens,Man Utd,2,0,0,0,,733
Simon Hooper,Sepp van den Berg,Brentford,1,0,0,0,,113
Simon Hooper,Soungoutou Magassa,West Ham,2,0,0,0,,718
Simon Hooper,Stefanos Tzimas,Brighton,1,,0,0,,180
Simon Hooper,Tanaka Ao,Leeds,1,0,0,0,,358
Simon Hooper,Thierno Barry,Everton,2,0,0,2,,310
Simon Hooper,Tim Iroegbunam,Everton,1,1,0,1,,304
Simon Hooper,Timothy Castagne,Fulham,1,0,0,0,,319
Simon Hooper,Tino Livramento,Newcastle,1,0,0,0,,477
Simon Hooper,Tolu Arokodare,Wolves,1,0,0,0,,720
Simon Hooper,Tom Cairney,Fulham,1,0,0,2,,331
Simon Hooper,Tomáš Souček,West Ham,2,0,0,4,,613
Simon Hooper,Trevoh Chalobah,Chelsea,1,,1,1,,226
Simon Hooper,Trey Nyoni,Liverpool,1,0,0,0,,396
Simon Hooper,Tyler Adams,Bournemouth,3,1,0,3,,85
Simon Hooper,Tyler Dibling,Everton,1,0,0,1,,707
Simon Hooper,Tyrell Malacia,Man Utd,1,0,0,0,,448
Simon Hooper,Tyrone Mings,Aston Villa,1,0,0,1,,40
Simon Hooper,Valentín Castellanos,West Ham,1,0,0,2,,791
Simon Hooper,Veljko Milosavljevic,Bournemouth,1,0,0,0,,721
Simon Hooper,Victor Lindelöf,Aston Villa,2,0,0,0,,719
Simon Hooper,Viktor Gyökeres,Arsenal,1,0,0,3,,666
Simon Hooper,Virgil van Dijk,Liverpool,4,0,0,2,,373
Simon Hooper,Vitalii Mykolenko,Everton,1,0,0,3,,292
Simon Hooper,Vitaly Janelt,Brentford,1,0,0,1,,125
Simon Hooper,William Osula,Newcastle,2,0,0,3,,500
Simon Hooper,William Saliba,Arsenal,1,0,0,2,,6
Simon Hooper,Wilson Odobert,Spurs,2,0,0,0,,588
Simon Hooper,Xavi Simons,Spurs,1,0,0,3,,717
Simon Hooper,Yankuba Minteh,Brighton,2,,0,2,,160
Simon Hooper,Yasin Ayari,Brighton,1,,0,0,,166
Simon Hooper,Yehor Yarmoliuk,Brentford,1,0,0,0,,129
Simon Hooper,Yerson Mosquera Valdelamar,Wolves,1,0,0,1,,634
Simon Hooper,Yoane Wissa,Newcastle,1,0,0,0,,135
Simon Hooper,Youri Tielemans,Aston Villa,2,0,0,3,,48
Stuart Attwell,Aaron Hickey,Brentford,2,0,0,0,,116
Stuart Attwell,Aaron Ramsdale,Newcastle,3,0,0,0,,674
Stuart Attwell,Aaron Wan-Bissaka,West Ham,2,0,0,0,,610
Stuart Attwell,Abdukodir Khusanov,Man City,2,,0,1,,406
Stuart Attwell,Adam Armstrong,Wolves,1,1,0,1,,817
Stuart Attwell,Adam Smith,Bournemouth,1,1,0,1,,73
Stuart Attwell,Adam Wharton,Crystal Palace,2,0,0,0,,273
Stuart Attwell,Adama Traoré Diarra,West Ham,1,0,0,0,,326
Stuart Attwell,Adrien Truffert,Bournemouth,1,0,0,1,,74
Stuart Attwell,Alejandro Garnacho Ferreyra,Chelsea,3,0,0,2,,453
Stuart Attwell,Alex Iwobi,Fulham,2,0,0,0,,324
Stuart Attwell,Álex Jiménez Sánchez,Bournemouth,1,1,0,1,,713
Stuart Attwell,Alex Murphy,Newcastle,1,0,0,0,,481
Stuart Attwell,Alex Scott,Bournemouth,1,0,0,0,,90
Stuart Attwell,Alexander Isak,Liverpool,1,0,0,3,,499
Stuart Attwell,Alexis Mac Allister,Liverpool,2,,0,1,,386
Stuart Attwell,Alisson Becker,Liverpool,1,0,0,0,,366
Stuart Attwell,Alphonse Areola,West Ham,2,0,0,0,,600
Stuart Attwell,Altay Bayındır,Man Utd,2,0,0,0,,431
Stuart Attwell,Amad Diallo,Man Utd,3,0,0,1,,452
Stuart Attwell,Amadou Onana,Aston Villa,2,1,0,1,,59
Stuart Attwell,Amine Adli,Bournemouth,1,0,0,0,,697
Stuart Attwell,André Trindade da Costa Neto,Wolves,1,0,0,0,,643
Stuart Attwell,Andrew Robertson,Liverpool,2,,0,0,,372
Stuart Attwell,Andrey Nascimento dos Santos,Chelsea,1,0,0,1,,246
Stuart Attwell,Andy Irving,West Ham,1,0,0,1,,621
Stuart Attwell,Angel Gomes,Wolves,1,1,0,2,,816
Stuart Attwell,Anthony Elanga,Newcastle,3,0,0,1,,486
Stuart Attwell,Anthony Gordon,Newcastle,2,0,0,1,,485
Stuart Attwell,Antoine Semenyo,Man City,1,0,0,1,,82
Stuart Attwell,Anton Stach,Leeds,2,0,0,2,,660
Stuart Attwell,Antonín Kinský,Spurs,3,,0,0,,567
Stuart Attwell,Archie Gray,Spurs,4,,0,2,,591
Stuart Attwell,Armando Broja,Burnley,2,,0,2,,680
Stuart Attwell,Arthur Masuaku,Sunderland,1,0,0,1,,678
Stuart Attwell,Axel Disasi,West Ham,1,1,0,0,,815
Stuart Attwell,Ayden Heaven,Man Utd,3,,0,0,,447
Stuart Attwell,Bafodé Diakité,Bournemouth,1,0,0,0,,685
Stuart Attwell,Bart Verbruggen,Brighton,2,,0,0,,139
Stuart Attwell,Bashir Humphreys,Burnley,1,,0,1,,193
Stuart Attwell,Ben Davies,Spurs,2,0,0,2,,571
Stuart Attwell,Ben Gannon-Doak,Bournemouth,1,0,0,2,,391
Stuart Attwell,Benjamin Lecomte,Fulham,1,0,0,0,,664
Stuart Attwell,Benjamin Sesko,Man Utd,3,,0,4,,681
Stuart Attwell,Benoît Badiashile Mukinayi,Chelsea,1,0,0,1,,229
Stuart Attwell,Bernardo Mota Veiga de Carvalho e Silva,Man City,2,1,0,1,,416
Stuart Attwell,Bernd Leno,Fulham,2,1,0,0,,314
Stuart Attwell,Bertrand Traoré,Sunderland,2,1,0,1,,735
Stuart Attwell,Boubacar Kamara,Aston Villa,2,,0,3,,58
Stuart Attwell,Bradley Burrowes,Aston Villa,1,0,0,0,,702
Stuart Attwell,Brajan Gruda,Brighton,1,0,0,0,,162
Stuart Attwell,Brandon Austin,Spurs,1,,0,0,,566
Stuart Attwell,Brenden Aaronson,Leeds,3,0,0,2,,350
Stuart Attwell,Brennan Johnson,Crystal Palace,1,0,0,1,,580
Stuart Attwell,Brian Brobbey,Sunderland,4,0,0,4,,730
Stuart Attwell,Bruno Borges Fernandes,Man Utd,4,,0,2,,449
Stuart Attwell,Bruno Guimarães Rodriguez Moura,Newcastle,2,0,0,2,,488
Stuart Attwell,Bryan Mbeumo,Man Utd,3,0,0,1,,119
Stuart Attwell,Bukayo Saka,Arsenal,1,,0,3,,16
Stuart Attwell,Callum Wilson,West Ham,2,1,0,0,,671
Stuart Attwell,Calvin Bassey,Fulham,1,0,0,1,,318
Stuart Attwell,Caoimhín Kelleher,Brentford,3,0,0,0,,101
Stuart Attwell,Carlos Alcaraz Durán,Everton,2,1,0,1,,301
Stuart Attwell,Carlos Baleba,Brighton,2,,0,1,,167
Stuart Attwell,Carlos Henrique Casimiro,Man Utd,3,,0,5,,457
Stuart Attwell,Chadi Riad Dnanou,Crystal Palace,1,0,0,0,,262
Stuart Attwell,Charalampos Kostoulas,Brighton,1,,0,1,,181
Stuart Attwell,Chemsdine Talbi,Sunderland,4,0,0,0,,553
Stuart Attwell,Chris Richards,Crystal Palace,2,0,0,2,,261
Stuart Attwell,Chris Rigg,Sunderland,3,0,0,0,,551
Stuart Attwell,Cody Gakpo,Liverpool,2,,0,1,,384
Stuart Attwell,Cole Palmer,Chelsea,3,0,0,0,,235
Stuart Attwell,Conor Bradley,Liverpool,1,,0,1,,375
Stuart Attwell,Conor Gallagher,Spurs,2,,0,5,,796
Stuart Attwell,Cristhian Mosquera,Arsenal,1,,0,0,,662
Stuart Attwell,Cristian Romero,Spurs,1,0,0,0,,569
Stuart Attwell,Crysencio Summerville,West Ham,2,1,0,6,,615
Stuart Attwell,Curtis Jones,Liverpool,1,0,0,0,,388
Stuart Attwell,Daichi Kamada,Crystal Palace,2,1,0,3,,271
Stuart Attwell,Dan Burn,Newcastle,3,2,1,5,,476
Stuart Attwell,Dane Scarlett,Spurs,1,0,0,0,,599
Stuart Attwell,Dango Ouattara,Brentford,3,1,0,2,,83
Stuart Attwell,Daniel Ballard,Sunderland,4,0,0,5,,531
Stuart Attwell,Daniel Bentley,Wolves,1,0,0,0,,629
Stuart Attwell,Daniel James,Leeds,2,0,0,0,,353
Stuart Attwell,Daniel Muñoz Mejía,Crystal Palace,2,0,0,2,,256
Stuart Attwell,Danny Welbeck,Brighton,2,,0,3,,178
Stuart Attwell,Dário Luís Essugo,Chelsea,1,1,0,1,,247
Stuart Attwell,David Brooks,Bournemouth,1,0,0,0,,86
Stuart Attwell,David Møller Wolfe,Wolves,1,0,0,0,,682
Stuart Attwell,David Raya Martín,Arsenal,2,,0,0,,1
Stuart Attwell,Dean Henderson,Crystal Palace,2,0,0,0,,253
Stuart Attwell,Declan Rice,Arsenal,2,,0,1,,21
Stuart Attwell,Dennis Cirkin,Sunderland,2,1,0,1,,535
Stuart Attwell,Destiny Udogie,Spurs,3,,0,5,,574
Stuart Attwell,Diego Gómez Amarilla,Brighton,2,,0,2,,169
Stuart Attwell,Diogo Dalot Teixeira,Man Utd,4,,0,1,,440
Stuart Attwell,Djed Spence,Spurs,4,,0,0,,573
Stuart Attwell,Dominic Calvert-Lewin,Leeds,3,0,0,5,,691
Stuart Attwell,Dominic Solanke-Mitchell,Spurs,1,,0,1,,596
Stuart Attwell,Dominik Szoboszlai,Liverpool,2,1,0,2,,387
Stuart Attwell,Donyell Malen,Aston Villa,3,,0,0,,53
Stuart Attwell,Đorđe Petrović,Bournemouth,1,0,0,0,,67
Stuart Attwell,Dwight McNeil,Everton,3,0,0,1,,300
Stuart Attwell,Eberechi Eze,Arsenal,2,,0,0,,266
Stuart Attwell,El Hadji Malick Diouf,West Ham,2,0,0,0,,603
Stuart Attwell,Eliezer Mayenda Dossou,Sunderland,4,0,0,0,,561
Stuart Attwell,Emile Smith Rowe,Fulham,2,0,0,0,,325
Stuart Attwell,Emiliano Buendía Stati,Aston Villa,2,0,0,3,,50
Stuart Attwell,Emiliano Martínez Romero,Aston Villa,2,,0,0,,32
Stuart Attwell,Enes Ünal,Bournemouth,1,0,0,0,,98
Stuart Attwell,Enzo Fernández,Chelsea,3,1,0,6,,237
Stuart Attwell,Enzo Le Fée,Sunderland,5,2,0,4,,547
Stuart Attwell,Erling Haaland,Man City,2,,0,3,,430
Stuart Attwell,Estêvão Almeida de Oliveira Gonçalves,Chelsea,1,0,0,0,,238
Stuart Attwell,Ethan Ampadu,Leeds,3,0,0,7,,354
Stuart Attwell,Ethan Nwaneri,Arsenal,1,,0,0,,25
Stuart Attwell,Ethan Pinnock,Brentford,2,1,0,0,,111
Stuart Attwell,Evann Guessand,Crystal Palace,1,0,0,0,,677
Stuart Attwell,Ezri Konsa Ngoyo,Aston Villa,3,,0,2,,38
Stuart Attwell,Fabian Schär,Newcastle,1,0,0,3,,474
Stuart Attwell,Fábio Freitas Gouveia Carvalho,Brentford,1,0,0,0,,123
Stuart Attwell,Facundo Buonanotte,Leeds,1,0,0,1,,168
Stuart Attwell,Federico Chiesa,Liverpool,1,0,0,0,,385
Stuart Attwell,Ferdi Kadıoğlu,Brighton,2,,0,2,,148
Stuart Attwell,Filip Jörgensen,Chelsea,1,0,0,0,,221
Stuart Attwell,Florentino Ibrain Morris Luís,Burnley,2,,0,4,,722
Stuart Attwell,Florian Wirtz,Liverpool,2,,0,1,,382
Stuart Attwell,Francisco Evanilson de Lima Barbosa,Bournemouth,1,0,0,1,,97
Stuart Attwell,Freddie Potts,West Ham,2,0,0,0,,623
Stuart Attwell,Gabriel dos Santos Magalhães,Arsenal,2,,0,1,,5
Stuart Attwell,Gabriel Fernando de Jesus,Arsenal,1,0,0,0,,31
Stuart Attwell,Gabriel Gudmundsson,Leeds,3,1,0,2,,347
Stuart Attwell,Gabriel Martinelli Silva,Arsenal,2,,0,1,,19
Stuart Attwell,Georginio Rutter,Brighton,1,,0,0,,158
Stuart Attwell,Gianluigi Donnarumma,Man City,2,1,0,0,,736
Stuart Attwell,Giorgi Mamardashvili,Liverpool,1,,0,0,,367
Stuart Attwell,Granit Xhaka,Sunderland,5,1,0,2,,668
Stuart Attwell,Guglielmo Vicario,Spurs,3,0,0,0,,565
Stuart Attwell,Habib Diarra,Sunderland,2,1,0,2,,544
Stuart Attwell,Hákon Rafn Valdimarsson,Brentford,1,0,0,0,,105
Stuart Attwell,Hannibal Mejbri,Burnley,1,1,0,1,,207
Stuart Attwell,Harrison Armstrong,Everton,4,0,0,0,,305
Stuart Attwell,Harrison Jones,Sunderland,1,0,0,0,,557
Stuart Attwell,Harry Maguire,Man Utd,3,0,1,2,,442
Stuart Attwell,Harry Wilson,Fulham,2,0,0,0,,329
Stuart Attwell,Harvey Barnes,Newcastle,2,0,0,0,,487
Stuart Attwell,Hjalmar Ekdal,Burnley,1,0,0,0,,190
Stuart Attwell,Hugo Bueno López,Wolves,1,0,0,1,,633
Stuart Attwell,Hugo Ekitiké,Liverpool,2,,0,5,,661
Stuart Attwell,Hwang Hee-chan,Wolves,1,0,0,0,,642
Stuart Attwell,Ian Maatsen,Aston Villa,3,,0,2,,39
Stuart Attwell,Ibrahima Konaté,Liverpool,2,,0,3,,374
Stuart Attwell,Idrissa Gana Gueye,Everton,4,1,0,2,,302
Stuart Attwell,Igor Julio dos Santos de Paulo,Brighton,1,,0,0,,149
Stuart Attwell,Igor Thiago Nascimento Rodrigues,Brentford,3,1,0,6,,136
Stuart Attwell,Ilia Gruev,Leeds,3,1,0,3,,356
Stuart Attwell,Iliman Ndiaye,Everton,4,0,0,6,,299
Stuart Attwell,Ismaïla Sarr,Crystal Palace,2,1,0,1,,267
Stuart Attwell,Jack Fletcher,Man Utd,1,0,0,0,,462
Stuart Attwell,Jack Grealish,Everton,1,0,0,0,,419
Stuart Attwell,Jack Harrison,Leeds,1,0,0,0,,352
Stuart Attwell,Jack Hinshelwood,Brighton,2,,0,1,,163
Stuart Attwell,Jackson Tchatchoua,Wolves,1,0,0,2,,695
Stuart Attwell,Jacob Bruun Larsen,Burnley,1,0,0,0,,202
Stuart Attwell,Jacob Murphy,Newcastle,2,0,0,1,,489
Stuart Attwell,Jacob Ramsey,Newcastle,3,1,0,5,,52
Stuart Attwell,Jadon Sancho,Aston Villa,2,,0,0,,456
Stuart Attwell,Jaidon Anthony,Burnley,2,,0,0,,200
Stuart Attwell,Jaka Bijol,Leeds,2,0,0,3,,344
Stuart Attwell,Jake O'Brien,Everton,4,2,0,2,,293
Stuart Attwell,James Garner,Everton,4,4,0,5,,303
Stuart Attwell,James Hill,Bournemouth,1,0,0,0,,77
Stuart Attwell,James Justin,Leeds,3,1,0,2,,706
Stuart Attwell,James Maddison,Spurs,2,,0,0,,581
Stuart Attwell,James Tarkowski,Everton,4,1,0,3,,291
Stuart Attwell,James Trafford,Man City,1,0,0,0,,182
Stuart Attwell,Jamie Bynoe-Gittens,Chelsea,2,0,0,2,,239
Stuart Attwell,Jan Paul van Hecke,Brighton,2,,0,2,,151
Stuart Attwell,Jarrad Branthwaite,Everton,2,0,0,0,,290
Stuart Attwell,Jarrod Bowen,West Ham,2,0,0,1,,624
Stuart Attwell,Jason Steele,Brighton,1,,0,0,,138
Stuart Attwell,Jaydee Canvot,Crystal Palace,1,0,0,0,,723
Stuart Attwell,Jayden Bogle,Leeds,3,0,0,4,,342
Stuart Attwell,Jean-Clair Todibo,West Ham,2,1,0,1,,609
Stuart Attwell,Jean-Philippe Mateta,Crystal Palace,2,1,0,0,,283
Stuart Attwell,Jean-Ricner Bellegarde,Wolves,1,0,0,1,,644
Stuart Attwell,Jefferson Lerma Solís,Crystal Palace,2,0,0,2,,272
Stuart Attwell,Jérémy Doku,Man City,2,,0,0,,418
Stuart Attwell,Joachim Andersen,Fulham,2,0,0,1,,317
Stuart Attwell,João Maria Lobo Alves Palhares Costa Palhinha Gonçalves,Spurs,4,,0,4,,673
Stuart Attwell,João Pedro Junqueira de Jesus,Chelsea,2,0,0,1,,249
Stuart Attwell,João Victor Gomes da Silva,Wolves,1,0,0,1,,646
Stuart Attwell,Joe Gomez,Liverpool,1,1,0,2,,376
Stuart Attwell,Joe Rodon,Leeds,3,0,0,0,,348
Stuart Attwell,Joe Willock,Newcastle,3,1,0,2,,494
Stuart Attwell,Joe Worrall,Burnley,1,0,0,1,,199
Stuart Attwell,Joël Piroe,Leeds,2,0,0,0,,362
Stuart Attwell,Joël Veltman,Brighton,1,,0,0,,152
Stuart Attwell,Joelinton Cássio Apolinário de Lira,Newcastle,3,0,0,5,,490
Stuart Attwell,John McGinn,Aston Villa,3,,0,3,,54
Stuart Attwell,John Stones,Man City,2,,0,0,,409
Stuart Attwell,Jonah Kusi-Asare,Fulham,1,0,0,0,,737
Stuart Attwell,Jordan Henderson,Brentford,3,0,0,4,,124
Stuart Attwell,Jordan Pickford,Everton,4,1,0,0,,287
Stuart Attwell,Jorge Cuenca Barreno,Fulham,2,1,0,1,,321
Stuart Attwell,Jørgen Strand Larsen,Crystal Palace,1,0,0,0,,654
Stuart Attwell,Jorrel Hato,Chelsea,2,2,0,1,,672
Stuart Attwell,José Malheiro de Sá,Wolves,1,1,0,0,,628
Stuart Attwell,Josh Acheampong,Chelsea,1,0,0,0,,233
Stuart Attwell,Josh Cullen,Burnley,1,0,0,0,,205
Stuart Attwell,Josh King,Fulham,1,0,0,2,,335
Stuart Attwell,Josh Laurent,Burnley,2,,0,1,,209
Stuart Attwell,Joshua Zirkzee,Man Utd,3,,0,2,,466
Stuart Attwell,Joško Gvardiol,Man City,2,,0,0,,403
Stuart Attwell,Junior Kroupi,Bournemouth,1,0,0,2,,100
Stuart Attwell,Jurriën Timber,Arsenal,2,2,0,3,,8
Stuart Attwell,Justin Devenny,Crystal Palace,2,0,0,1,,276
Stuart Attwell,Kai Havertz,Arsenal,1,0,0,1,,30
Stuart Attwell,Karl Darlow,Leeds,2,0,0,0,,341
Stuart Attwell,Keane Lewis-Potter,Brentford,2,0,0,1,,107
Stuart Attwell,Kenny Tete,Fulham,2,0,0,1,,322
Stuart Attwell,Kevin Danso,Spurs,3,1,0,2,,570
Stuart Attwell,Kevin Santos Lopes de Macedo,Fulham,2,0,0,0,,731
Stuart Attwell,Kevin Schade,Brentford,3,0,0,8,,120
Stuart Attwell,Kieran Trippier,Newcastle,2,1,0,3,,478
Stuart Attwell,Kiernan Dewsbury-Hall,Everton,4,2,0,6,,242
Stuart Attwell,Kobbie Mainoo,Man Utd,4,,0,1,,458
Stuart Attwell,Konstantinos Mavropanos,West Ham,1,0,0,0,,606
Stuart Attwell,Kristoffer Ajer,Brentford,2,1,0,1,,108
Stuart Attwell,Kyle Walker,Burnley,2,,0,4,,187
Stuart Attwell,Kyle Walker-Peters,West Ham,2,0,0,1,,659
Stuart Attwell,Ladislav Krejcí,Wolves,1,1,0,0,,709
Stuart Attwell,Lamare Bogarde,Aston Villa,2,0,0,0,,44
Stuart Attwell,Leandro Trossard,Arsenal,2,,0,0,,20
Stuart Attwell,Leny Yoro,Man Utd,4,,0,2,,444
Stuart Attwell,Lesley Ugochukwu,Burnley,2,,0,3,,676
Stuart Attwell,Lewis Dunk,Brighton,1,0,0,1,,146
Stuart Attwell,Lewis Hall,Newcastle,3,0,0,2,,473
Stuart Attwell,Lewis Miley,Newcastle,2,0,0,0,,497
Stuart Attwell,Liam Delap,Chelsea,2,2,0,3,,250
Stuart Attwell,Lisandro Martínez,Man Utd,2,,0,2,,437
Stuart Attwell,Lucas Bergvall,Spurs,4,,0,2,,586
Stuart Attwell,Lucas Digne,Aston Villa,3,,0,2,,37
Stuart Attwell,Lucas Estella Perri,Leeds,2,1,0,0,,665
Stuart Attwell,Lucas Pires Silva,Burnley,2,,1,2,,195
Stuart Attwell,Lucas Tolentino Coelho de Lima,West Ham,1,1,0,2,,612
Stuart Attwell,Lukas Nmecha,Leeds,2,0,0,1,,365
Stuart Attwell,Luke O'Nien,Sunderland,3,1,0,1,,539
Stuart Attwell,Luke Shaw,Man Utd,4,,0,5,,443
Stuart Attwell,Lutsharel Geertruida,Sunderland,5,0,0,5,,724
Stuart Attwell,Lyle Foster,Burnley,2,1,0,0,,217
Stuart Attwell,Mads Hermansen,West Ham,1,0,0,0,,679
Stuart Attwell,Malick Thiaw,Newcastle,3,0,0,2,,684
Stuart Attwell,Malo Gusto,Chelsea,1,0,0,0,,228
Stuart Attwell,Mamadou Sarr,Chelsea,1,0,0,0,,231
Stuart Attwell,Manuel Ugarte Ribeiro,Man Utd,3,,0,2,,459
Stuart Attwell,Marc Cucurella Saseta,Chelsea,3,1,0,0,,224
Stuart Attwell,Marc Guéhi,Man City,1,0,0,3,,260
Stuart Attwell,Marco Bizot,Aston Villa,1,1,0,1,,33
Stuart Attwell,Marcos Senesi Barón,Bournemouth,1,0,0,1,,72
Stuart Attwell,Marcus Edwards,Burnley,2,,0,0,,206
Stuart Attwell,Marcus Tavernier,Bournemouth,1,0,0,0,,84
Stuart Attwell,Mark Travers,Everton,2,0,0,0,,288
Stuart Attwell,Martin Dúbravka,Burnley,2,,0,0,,470
Stuart Attwell,Martin Ødegaard,Arsenal,1,0,0,0,,17
Stuart Attwell,Martín Zubimendi Ibáñez,Arsenal,2,,0,1,,26
Stuart Attwell,Mason Mount,Man Utd,4,,0,3,,455
Stuart Attwell,Mateo Kovačić,Man City,1,0,0,0,,422
Stuart Attwell,Mateus Gonçalo Espanha Fernandes,West Ham,2,0,0,1,,708
Stuart Attwell,Mateus Mané,Wolves,1,0,0,0,,749
Stuart Attwell,Matheus Nunes,Man City,2,,0,0,,407
Stuart Attwell,Matheus Santos Carneiro da Cunha,Man Utd,4,,0,3,,450
Stuart Attwell,Mathias Jensen,Brentford,3,0,0,2,,126
Stuart Attwell,Mathys Tel,Spurs,4,,0,3,,584
Stuart Attwell,Mats Wieffer,Brighton,2,2,0,4,,173
Stuart Attwell,Matt Doherty,Wolves,1,0,0,0,,632
Stuart Attwell,Matt O'Riley,Brighton,2,,0,0,,164
Stuart Attwell,Matthijs de Ligt,Man Utd,1,0,0,0,,436
Stuart Attwell,Matty Cash,Aston Villa,3,3,0,3,,36
Stuart Attwell,Maxence Lacroix,Crystal Palace,2,0,0,1,,257
Stuart Attwell,Maxim De Cuyper,Brighton,2,,0,4,,145
Stuart Attwell,Maxime Estève,Burnley,2,,0,0,,191
Stuart Attwell,Maximilian Kilman,West Ham,1,0,0,2,,605
Stuart Attwell,Melker Ellborg,Sunderland,1,0,0,0,,812
Stuart Attwell,Merlin Röhl,Everton,2,0,0,0,,728
Stuart Attwell,Michael Kayode,Brentford,3,1,0,4,,110
Stuart Attwell,Michael Keane,Everton,4,0,0,3,,295
Stuart Attwell,Micky van de Ven,Spurs,4,,0,5,,575
Stuart Attwell,Mikel Merino Zazón,Arsenal,1,,0,0,,22
Stuart Attwell,Mikkel Damsgaard,Brentford,2,0,0,1,,121
Stuart Attwell,Milan Aleksić,Sunderland,1,0,0,0,,546
Stuart Attwell,Milos Kerkez,Liverpool,1,0,0,0,,371
Stuart Attwell,Mitoma Kaoru,Brighton,2,,0,3,,157
Stuart Attwell,Mohamed Salah,Liverpool,2,,0,0,,381
Stuart Attwell,Mohammed Kudus,Spurs,2,0,0,1,,582
Stuart Attwell,Moisés Caicedo Corozo,Chelsea,3,1,0,7,,241
Stuart Attwell,Morgan Rogers,Aston Villa,3,2,0,2,,47
Stuart Attwell,Nathan Aké,Man City,2,,0,0,,405
Stuart Attwell,Nathan Collins,Brentford,3,1,0,2,,106
Stuart Attwell,Nathan Patterson,Everton,2,0,0,0,,296
Stuart Attwell,Nathaniel Clyne,Crystal Palace,2,0,0,0,,263
Stuart Attwell,Nick Pope,Newcastle,2,0,0,0,,469
Stuart Attwell,Nick Woltemade,Newcastle,3,0,0,2,,714
Stuart Attwell,Nico González Iglesias,Man City,1,,0,1,,423
Stuart Attwell,Nico O'Reilly,Man City,1,,0,2,,411
Stuart Attwell,Nilson Angulo,Sunderland,2,0,0,2,,813
Stuart Attwell,Noah Okafor,Leeds,2,0,0,0,,698
Stuart Attwell,Noah Sadiki,Sunderland,4,1,0,7,,552
Stuart Attwell,Noni Madueke,Arsenal,2,,0,1,,18
Stuart Attwell,Norberto Bercique Gomes Betuncal,Everton,3,1,0,2,,311
Stuart Attwell,Nordi Mukiele,Sunderland,4,0,0,2,,694
Stuart Attwell,Noussair Mazraoui,Man Utd,1,0,0,0,,438
Stuart Attwell,Oliver Sonne,Burnley,1,,0,1,,197
Stuart Attwell,Olivier Boscagli,Brighton,1,,0,0,,143
Stuart Attwell,Ollie Scarles,West Ham,2,0,0,0,,608
Stuart Attwell,Ollie Watkins,Aston Villa,3,,0,0,,64
Stuart Attwell,Omar Alderete,Sunderland,5,3,0,9,,683
Stuart Attwell,Omar Marmoush,Man City,1,0,0,0,,413
Stuart Attwell,Oscar Bobb,Fulham,1,0,0,0,,424
Stuart Attwell,Pablo Felipe Pereira de Jesus,West Ham,1,0,0,1,,785
Stuart Attwell,Pape Matar Sarr,Spurs,2,0,0,1,,593
Stuart Attwell,Pascal Groß,Brighton,1,,0,0,,783
Stuart Attwell,Pascal Struijk,Leeds,2,0,0,2,,343
Stuart Attwell,Patrick Dorgu,Man Utd,3,,0,3,,441
Stuart Attwell,Pau Torres,Aston Villa,2,,0,0,,41
Stuart Attwell,Pedro Cardoso de Lima,Wolves,1,0,0,0,,640
Stuart Attwell,Pedro Lomba Neto,Chelsea,3,0,0,1,,236
Stuart Attwell,Pedro Porro Sauceda,Spurs,4,,0,2,,568
Stuart Attwell,Phil Foden,Man City,2,,0,2,,414
Stuart Attwell,Piero Hincapié,Arsenal,1,0,0,0,,725
Stuart Attwell,Radu Drăgușin,Spurs,2,,0,0,,572
Stuart Attwell,Randal Kolo Muani,Spurs,4,,0,5,,726
Stuart Attwell,Raúl Jiménez Rodríguez,Fulham,2,1,0,3,,337
Stuart Attwell,Rayan Aït-Nouri,Man City,1,0,0,4,,402
Stuart Attwell,Rayan Cherki,Man City,1,0,0,0,,417
Stuart Attwell,Rayan Vitor Simplício Rocha,Bournemouth,1,0,0,1,,807
Stuart Attwell,Reece James,Chelsea,3,1,0,1,,225
Stuart Attwell,Reinildo Mandava,Sunderland,2,0,0,2,,541
Stuart Attwell,Reiss Nelson,Brentford,2,0,0,0,,27
Stuart Attwell,Riccardo Calafiori,Arsenal,2,,0,3,,7
Stuart Attwell,Richarlison de Andrade,Spurs,4,,0,2,,597
Stuart Attwell,Rico Henry,Brentford,2,0,0,0,,109
Stuart Attwell,Rio Cardines,Crystal Palace,1,0,0,0,,690
Stuart Attwell,Robert Lynch Sánchez,Chelsea,3,0,0,1,,220
Stuart Attwell,Robin Roefs,Sunderland,4,0,0,0,,670
Stuart Attwell,Rodrigo 'Rodri' Hernandez Cascante,Man City,1,,0,0,,421
Stuart Attwell,Rodrigo Bentancur,Spurs,4,,0,6,,585
Stuart Attwell,Rodrigo Martins Gomes,Wolves,1,0,0,0,,635
Stuart Attwell,Rodrigo Muniz Carvalho,Fulham,1,0,0,1,,338
Stuart Attwell,Romaine Mundle,Sunderland,1,0,0,0,,548
Stuart Attwell,Romelle Donovan,Brentford,1,0,0,0,,130
Stuart Attwell,Ross Barkley,Aston Villa,1,,0,0,,55
Stuart Attwell,Rúben dos Santos Gato Alves Dias,Man City,1,,0,0,,408
Stuart Attwell,Ryan Christie,Bournemouth,1,0,0,0,,87
Stuart Attwell,Ryan Gravenberch,Liverpool,2,,0,3,,390
Stuart Attwell,Ryan Sessegnon,Fulham,2,0,0,2,,328
Stuart Attwell,Samuel Chukwueze,Fulham,2,0,0,2,,727
Stuart Attwell,Sander Berge,Fulham,2,0,0,1,,330
Stuart Attwell,Sandro Tonali,Newcastle,3,0,0,2,,491
Stuart Attwell,Santiago Ignacio Bueno,Wolves,1,0,0,0,,636
Stuart Attwell,Saša Lukić,Fulham,1,0,0,0,,332
Stuart Attwell,Sávio Moreira de Oliveira,Man City,2,,0,1,,415
Stuart Attwell,Séamus Coleman,Everton,1,0,0,0,,294
Stuart Attwell,Sean Longstaff,Leeds,3,0,0,1,,493
Stuart Attwell,Sebastiaan Bornauw,Leeds,1,0,0,0,,345
Stuart Attwell,Senne Lammens,Man Utd,4,,0,0,,733
Stuart Attwell,Sepp van den Berg,Brentford,3,0,0,2,,113
Stuart Attwell,Shea Lacey,Man Utd,1,,0,0,,755
Stuart Attwell,Shumaira Mheuka,Chelsea,1,0,0,0,,840
Stuart Attwell,Simon Adingra,Sunderland,2,0,0,2,,543
Stuart Attwell,Simon Moore,Sunderland,1,0,0,0,,529
Stuart Attwell,Soungoutou Magassa,West Ham,2,0,0,0,,718
Stuart Attwell,Sven Botman,Newcastle,2,0,0,0,,475
Stuart Attwell,Tanaka Ao,Leeds,2,0,0,1,,358
Stuart Attwell,Thierno Barry,Everton,4,1,0,2,,310
Stuart Attwell,Tijjani Reijnders,Man City,2,,0,1,,427
Stuart Attwell,Tim Iroegbunam,Everton,4,1,0,2,,304
Stuart Attwell,Timothy Castagne,Fulham,2,0,0,3,,319
Stuart Attwell,Tino Livramento,Newcastle,1,1,0,1,,477
Stuart Attwell,Tolu Arokodare,Wolves,1,0,0,1,,720
Stuart Attwell,Tom Cairney,Fulham,1,0,0,0,,331
Stuart Attwell,Tomáš Souček,West Ham,2,0,0,3,,613
Stuart Attwell,Tosin Adarabioyo,Chelsea,1,0,0,0,,232
Stuart Attwell,Toti Gomes,Wolves,1,0,0,0,,637
Stuart Attwell,Trai Hume,Sunderland,5,0,0,4,,532
Stuart Attwell,Trevoh Chalobah,Chelsea,3,1,0,2,,226
Stuart Attwell,Tyler Dibling,Everton,2,0,0,0,,707
Stuart Attwell,Tyler Fredricson,Man Utd,1,0,0,0,,446
Stuart Attwell,Tyrell Malacia,Man Utd,2,0,0,0,,448
Stuart Attwell,Tyrick Mitchell,Crystal Palace,2,1,0,0,,258
Stuart Attwell,Tyrique George,Everton,3,0,0,0,,243
Stuart Attwell,Tyrone Mings,Aston Villa,2,,0,1,,40
Stuart Attwell,Valentín Castellanos,West Ham,1,1,0,1,,791
Stuart Attwell,Veljko Milosavljevic,Bournemouth,1,0,0,0,,721
Stuart Attwell,Victor Lindelöf,Aston Villa,1,0,0,0,,719
Stuart Attwell,Viktor Gyökeres,Arsenal,2,,0,2,,666
Stuart Attwell,Virgil van Dijk,Liverpool,2,1,0,1,,373
Stuart Attwell,Vitalii Mykolenko,Everton,3,1,0,2,,292
Stuart Attwell,Vitaly Janelt,Brentford,1,0,0,0,,125
Stuart Attwell,Walter Benítez,Crystal Palace,1,0,0,0,,254
Stuart Attwell,Wesley Fofana,Chelsea,2,0,0,3,,230
Stuart Attwell,Wilfried Gnonto,Leeds,2,1,0,1,,351
Stuart Attwell,Will Hughes,Crystal Palace,2,1,0,4,,270
Stuart Attwell,William Osula,Newcastle,1,0,0,0,,500
Stuart Attwell,William Saliba,Arsenal,2,,0,1,,6
Stuart Attwell,Wilson Isidor,Sunderland,4,0,0,0,,560
Stuart Attwell,Wilson Odobert,Spurs,2,0,0,0,,588
Stuart Attwell,Xavi Simons,Spurs,2,1,0,2,,717
Stuart Attwell,Yankuba Minteh,Brighton,2,,0,2,,160
Stuart Attwell,Yasin Ayari,Brighton,2,,0,3,,166
Stuart Attwell,Yehor Yarmoliuk,Brentford,3,1,0,2,,129
Stuart Attwell,Yéremy Pino Santos,Crystal Palace,2,0,0,4,,712
Stuart Attwell,Yerson Mosquera Valdelamar,Wolves,1,0,0,1,,634
Stuart Attwell,Yoane Wissa,Newcastle,2,0,0,0,,135
Stuart Attwell,Youri Tielemans,Aston Villa,2,0,0,1,,48
Stuart Attwell,Yves Bissouma,Spurs,2,1,0,3,,587
Stuart Attwell,Zian Flemming,Burnley,1,0,0,0,,215
Thomas Bramall,Aaron Ramsdale,Newcastle,3,0,0,0,,674
Thomas Bramall,Aaron Wan-Bissaka,West Ham,2,1,0,4,,610
Thomas Bramall,Abdukodir Khusanov,Man City,2,,0,1,,406
Thomas Bramall,Adam Armstrong,Wolves,1,0,0,1,,817
Thomas Bramall,Adam Smith,Bournemouth,3,0,0,1,,73
Thomas Bramall,Adam Wharton,Crystal Palace,5,,0,5,,273
Thomas Bramall,Adrien Truffert,Bournemouth,3,1,0,0,,74
Thomas Bramall,Alejandro Garnacho Ferreyra,Chelsea,1,0,0,1,,453
Thomas Bramall,Alex Iwobi,Fulham,1,0,0,0,,324
Thomas Bramall,Álex Jiménez Sánchez,Bournemouth,2,0,0,3,,713
Thomas Bramall,Alex Murphy,Newcastle,2,0,0,0,,481
Thomas Bramall,Alex Scott,Bournemouth,3,2,0,6,,90
Thomas Bramall,Alex Tóth,Bournemouth,1,0,0,0,,801
Thomas Bramall,Alexis Mac Allister,Liverpool,1,0,0,1,,386
Thomas Bramall,Alisson Becker,Liverpool,1,0,0,0,,366
Thomas Bramall,Alphonse Areola,West Ham,2,0,0,0,,600
Thomas Bramall,Amine Adli,Bournemouth,3,0,0,2,,697
Thomas Bramall,André Trindade da Costa Neto,Wolves,2,0,0,1,,643
Thomas Bramall,Andrew Robertson,Liverpool,1,0,0,0,,372
Thomas Bramall,Andrey Nascimento dos Santos,Chelsea,1,0,0,1,,246
Thomas Bramall,Andy Irving,West Ham,1,0,0,0,,621
Thomas Bramall,Angel Gomes,Wolves,1,0,0,0,,816
Thomas Bramall,Anthony Elanga,Newcastle,3,0,0,2,,486
Thomas Bramall,Anthony Gordon,Newcastle,2,0,0,0,,485
Thomas Bramall,Antoine Semenyo,Man City,1,0,0,0,,82
Thomas Bramall,Anton Stach,Leeds,4,,0,3,,660
Thomas Bramall,Antonee Robinson,Fulham,1,0,0,0,,316
Thomas Bramall,Antonín Kinský,Spurs,1,0,0,0,,567
Thomas Bramall,Archie Gray,Spurs,2,0,0,1,,591
Thomas Bramall,Armando Broja,Burnley,2,0,0,2,,680
Thomas Bramall,Arnaud Kalimuendo,Nott'm Forest,1,0,0,0,,696
Thomas Bramall,Ayden Heaven,Man Utd,1,0,0,0,,447
Thomas Bramall,Bafodé Diakité,Bournemouth,3,0,0,0,,685
Thomas Bramall,Bart Verbruggen,Brighton,3,,0,0,,139
Thomas Bramall,Bashir Humphreys,Burnley,2,1,0,1,,193
Thomas Bramall,Ben Gannon-Doak,Bournemouth,1,0,0,0,,391
Thomas Bramall,Bendito Mantato,Man Utd,1,0,0,0,,769
Thomas Bramall,Benjamin Lecomte,Fulham,1,0,0,0,,664
Thomas Bramall,Benjamin Sesko,Man Utd,1,0,0,0,,681
Thomas Bramall,Bernardo Mota Veiga de Carvalho e Silva,Man City,2,,0,3,,416
Thomas Bramall,Bernd Leno,Fulham,1,0,0,0,,314
Thomas Bramall,Bertrand Traoré,Sunderland,1,0,0,1,,735
Thomas Bramall,Borna Sosa,Crystal Palace,3,,0,2,,259
Thomas Bramall,Brajan Gruda,Brighton,1,,0,0,,162
Thomas Bramall,Brandon Austin,Spurs,1,0,0,0,,566
Thomas Bramall,Brenden Aaronson,Leeds,4,,0,2,,350
Thomas Bramall,Brennan Johnson,Crystal Palace,3,1,0,4,,580
Thomas Bramall,Brian Brobbey,Sunderland,3,0,0,3,,730
Thomas Bramall,Bruno Guimarães Rodriguez Moura,Newcastle,2,0,0,1,,488
Thomas Bramall,Bukayo Saka,Arsenal,1,0,0,1,,16
Thomas Bramall,Callum Hudson-Odoi,Nott'm Forest,1,0,0,1,,516
Thomas Bramall,Callum Olusesi,Spurs,1,0,0,0,,595
Thomas Bramall,Callum Wilson,West Ham,2,0,0,1,,671
Thomas Bramall,Calvin Bassey,Fulham,1,1,0,2,,318
Thomas Bramall,Carlos Alcaraz Durán,Everton,3,1,0,2,,301
Thomas Bramall,Carlos Baleba,Brighton,2,0,0,1,,167
Thomas Bramall,Carlos Henrique Casimiro,Man Utd,1,0,0,2,,457
Thomas Bramall,Chadi Riad Dnanou,Crystal Palace,2,,0,0,,262
Thomas Bramall,Charalampos Kostoulas,Brighton,2,0,0,1,,181
Thomas Bramall,Chemsdine Talbi,Sunderland,3,0,0,0,,553
Thomas Bramall,Chris Richards,Crystal Palace,6,,0,2,,261
Thomas Bramall,Chris Rigg,Sunderland,1,0,0,0,,551
Thomas Bramall,Chris Wood,Nott'm Forest,1,0,0,0,,525
Thomas Bramall,Christantus Uche,Crystal Palace,3,0,0,0,,732
Thomas Bramall,Cody Gakpo,Liverpool,1,0,0,1,,384
Thomas Bramall,Cole Palmer,Chelsea,1,0,0,2,,235
Thomas Bramall,Conor Gallagher,Spurs,1,0,0,1,,796
Thomas Bramall,Cristhian Mosquera,Arsenal,1,0,0,0,,662
Thomas Bramall,Cristian Romero,Spurs,2,2,0,2,,569
Thomas Bramall,Crysencio Summerville,West Ham,1,0,0,1,,615
Thomas Bramall,Curtis Jones,Liverpool,1,0,0,0,,388
Thomas Bramall,Daichi Kamada,Crystal Palace,5,,0,3,,271
Thomas Bramall,Dan Burn,Newcastle,3,1,0,3,,476
Thomas Bramall,Dan Ndoye,Nott'm Forest,1,0,0,0,,669
Thomas Bramall,Daniel Ballard,Sunderland,2,1,0,2,,531
Thomas Bramall,Daniel James,Leeds,2,,0,0,,353
Thomas Bramall,Daniel Muñoz Mejía,Crystal Palace,4,2,0,5,,256
Thomas Bramall,Danny Welbeck,Brighton,3,,0,1,,178
Thomas Bramall,David Brooks,Bournemouth,3,1,0,2,,86
Thomas Bramall,David Møller Wolfe,Wolves,3,0,0,1,,682
Thomas Bramall,David Raya Martín,Arsenal,1,0,0,0,,1
Thomas Bramall,Dean Henderson,Crystal Palace,5,0,0,0,,253
Thomas Bramall,Declan Rice,Arsenal,1,0,0,1,,21
Thomas Bramall,Dennis Cirkin,Sunderland,1,0,0,0,,535
Thomas Bramall,Destiny Udogie,Spurs,2,0,0,3,,574
Thomas Bramall,Diego Gómez Amarilla,Brighton,3,,0,7,,169
Thomas Bramall,Dilane Bakwa,Nott'm Forest,1,0,0,2,,734
Thomas Bramall,Diogo Dalot Teixeira,Man Utd,1,0,0,0,,440
Thomas Bramall,Dominic Calvert-Lewin,Leeds,4,,0,6,,691
Thomas Bramall,Dominic Solanke-Mitchell,Spurs,1,0,0,0,,596
Thomas Bramall,Dominik Szoboszlai,Liverpool,1,0,0,1,,387
Thomas Bramall,Đorđe Petrović,Bournemouth,3,1,0,0,,67
Thomas Bramall,Dwight McNeil,Everton,2,0,0,1,,300
Thomas Bramall,Eberechi Eze,Arsenal,1,0,0,1,,266
Thomas Bramall,Eddie Nketiah,Crystal Palace,2,0,0,1,,284
Thomas Bramall,El Hadji Malick Diouf,West Ham,2,0,0,1,,603
Thomas Bramall,Eliezer Mayenda Dossou,Sunderland,1,0,0,0,,561
Thomas Bramall,Elliot Anderson,Nott'm Forest,1,0,0,0,,517
Thomas Bramall,Emile Smith Rowe,Fulham,1,0,0,0,,325
Thomas Bramall,Emmanuel Agbadou,Wolves,1,0,0,0,,631
Thomas Bramall,Enes Ünal,Bournemouth,2,0,0,0,,98
Thomas Bramall,Enzo Fernández,Chelsea,1,0,0,2,,237
Thomas Bramall,Enzo Le Fée,Sunderland,2,0,0,1,,547
Thomas Bramall,Erling Haaland,Man City,2,,0,3,,430
Thomas Bramall,Estêvão Almeida de Oliveira Gonçalves,Chelsea,1,0,0,0,,238
Thomas Bramall,Ethan Ampadu,Leeds,4,,0,8,,354
Thomas Bramall,Evann Guessand,Crystal Palace,2,,0,3,,677
Thomas Bramall,Ezra Mayers,West Ham,1,0,0,0,,747
Thomas Bramall,Fabian Schär,Newcastle,1,0,0,0,,474
Thomas Bramall,Federico Chiesa,Liverpool,1,0,0,0,,385
Thomas Bramall,Felipe Rodrigues da Silva,Nott'm Forest,1,1,0,3,,511
Thomas Bramall,Fer López González,Wolves,1,0,0,0,,645
Thomas Bramall,Ferdi Kadıoğlu,Brighton,3,,0,1,,148
Thomas Bramall,Florentino Ibrain Morris Luís,Burnley,3,2,0,4,,722
Thomas Bramall,Francisco Evanilson de Lima Barbosa,Bournemouth,3,0,0,3,,97
Thomas Bramall,Freddie Potts,West Ham,2,0,0,2,,623
Thomas Bramall,Gabriel dos Santos Magalhães,Arsenal,1,0,0,0,,5
Thomas Bramall,Gabriel Gudmundsson,Leeds,3,1,1,2,,347
Thomas Bramall,Gabriel Martinelli Silva,Arsenal,1,0,0,0,,19
Thomas Bramall,George Earthy,West Ham,1,0,0,0,,620
Thomas Bramall,Georginio Rutter,Brighton,3,,0,5,,158
Thomas Bramall,Gianluigi Donnarumma,Man City,2,1,0,0,,736
Thomas Bramall,Granit Xhaka,Sunderland,2,0,0,2,,668
Thomas Bramall,Guglielmo Vicario,Spurs,3,0,0,0,,565
Thomas Bramall,Guido Rodríguez,West Ham,1,0,0,0,,618
Thomas Bramall,Habib Diarra,Sunderland,2,1,0,5,,544
Thomas Bramall,Hannibal Mejbri,Burnley,2,1,0,2,,207
Thomas Bramall,Harrison Armstrong,Everton,1,0,0,0,,305
Thomas Bramall,Harrison Reed,Fulham,1,0,0,0,,336
Thomas Bramall,Harry Howell,Brighton,1,0,0,0,,795
Thomas Bramall,Harry Wilson,Fulham,1,0,0,0,,329
Thomas Bramall,Harvey Barnes,Newcastle,3,1,0,2,,487
Thomas Bramall,Hjalmar Ekdal,Burnley,3,0,0,0,,190
Thomas Bramall,Hugo Bueno López,Wolves,3,1,0,2,,633
Thomas Bramall,Hugo Ekitiké,Liverpool,1,0,0,3,,661
Thomas Bramall,Hwang Hee-chan,Wolves,2,0,0,1,,642
Thomas Bramall,Ibrahim Sangaré,Nott'm Forest,1,0,0,0,,521
Thomas Bramall,Ibrahima Konaté,Liverpool,1,0,0,0,,374
Thomas Bramall,Idrissa Gana Gueye,Everton,2,0,0,4,,302
Thomas Bramall,Igor Jesus Maciel da Cruz,Nott'm Forest,1,0,0,0,,526
Thomas Bramall,Igor Julio dos Santos de Paulo,Brighton,1,0,0,0,,149
Thomas Bramall,Ilia Gruev,Leeds,2,,0,0,,356
Thomas Bramall,Iliman Ndiaye,Everton,3,0,0,3,,299
Thomas Bramall,Ismaïla Sarr,Crystal Palace,4,,0,0,,267
Thomas Bramall,Issa Diop,Fulham,1,1,0,1,,320
Thomas Bramall,Jack Fletcher,Man Utd,1,0,0,1,,462
Thomas Bramall,Jack Grealish,Everton,2,0,0,3,,419
Thomas Bramall,Jack Harrison,Leeds,1,0,0,0,,352
Thomas Bramall,Jack Hinshelwood,Brighton,3,,0,4,,163
Thomas Bramall,Jackson Tchatchoua,Wolves,3,1,0,2,,695
Thomas Bramall,Jacob Bruun Larsen,Burnley,1,0,0,0,,202
Thomas Bramall,Jacob Murphy,Newcastle,3,1,0,2,,489
Thomas Bramall,Jacob Ramsey,Newcastle,2,0,0,1,,52
Thomas Bramall,Jaidon Anthony,Burnley,3,0,0,0,,200
Thomas Bramall,Jaka Bijol,Leeds,3,1,0,3,,344
Thomas Bramall,Jake O'Brien,Everton,3,0,0,2,,293
Thomas Bramall,James Garner,Everton,3,1,0,4,,303
Thomas Bramall,James Hill,Bournemouth,3,0,0,0,,77
Thomas Bramall,James Justin,Leeds,4,,0,0,,706
Thomas Bramall,James Milner,Brighton,1,,0,0,,170
Thomas Bramall,James Tarkowski,Everton,3,0,0,2,,291
Thomas Bramall,James Trafford,Man City,1,0,0,0,,182
Thomas Bramall,James Ward-Prowse,Burnley,2,0,0,0,,614
Thomas Bramall,Jamie Bynoe-Gittens,Chelsea,1,0,0,0,,239
Thomas Bramall,Jan Paul van Hecke,Brighton,2,2,0,2,,151
Thomas Bramall,Jarrod Bowen,West Ham,2,0,0,0,,624
Thomas Bramall,Jason Steele,Brighton,1,0,0,0,,138
Thomas Bramall,Jaydee Canvot,Crystal Palace,2,,0,0,,723
Thomas Bramall,Jayden Bogle,Leeds,4,,0,1,,342
Thomas Bramall,Jean-Clair Todibo,West Ham,2,1,0,1,,609
Thomas Bramall,Jean-Philippe Mateta,Crystal Palace,5,,0,5,,283
Thomas Bramall,Jean-Ricner Bellegarde,Wolves,2,0,0,0,,644
Thomas Bramall,Jefferson Lerma Solís,Crystal Palace,6,,0,2,,272
Thomas Bramall,Jeremie Frimpong,Liverpool,1,0,0,1,,370
Thomas Bramall,Jérémy Doku,Man City,1,,0,1,,418
Thomas Bramall,Jhon Arias,Wolves,2,0,0,4,,663
Thomas Bramall,João Maria Lobo Alves Palhares Costa Palhinha Gonçalves,Spurs,2,1,0,5,,673
Thomas Bramall,João Pedro Junqueira de Jesus,Chelsea,1,0,0,2,,249
Thomas Bramall,João Victor de Souza Menezes,Spurs,1,0,0,0,,804
Thomas Bramall,João Victor Gomes da Silva,Wolves,3,2,0,5,,646
Thomas Bramall,Joe Gomez,Liverpool,1,0,0,1,,376
Thomas Bramall,Joe Rodon,Leeds,4,,0,1,,348
Thomas Bramall,Joe Willock,Newcastle,2,1,0,2,,494
Thomas Bramall,Joe Worrall,Burnley,2,0,0,0,,199
Thomas Bramall,Joél Drakes-Thomas,Crystal Palace,1,0,0,0,,762
Thomas Bramall,Joël Piroe,Leeds,4,,0,1,,362
Thomas Bramall,Joël Veltman,Brighton,1,0,0,0,,152
Thomas Bramall,Joelinton Cássio Apolinário de Lira,Newcastle,2,1,0,5,,490
Thomas Bramall,John Ruddy,Newcastle,1,0,0,0,,753
Thomas Bramall,John Stones,Man City,1,0,0,0,,409
Thomas Bramall,Jordan Pickford,Everton,3,0,0,0,,287
Thomas Bramall,Jorge Cuenca Barreno,Fulham,1,0,0,0,,321
Thomas Bramall,Jørgen Strand Larsen,Crystal Palace,3,,0,5,,654
Thomas Bramall,José Malheiro de Sá,Wolves,3,0,0,0,,628
Thomas Bramall,Josh Cullen,Burnley,1,0,0,0,,205
Thomas Bramall,Josh King,Fulham,1,0,0,2,,335
Thomas Bramall,Josh Laurent,Burnley,2,0,0,2,,209
Thomas Bramall,Joshua Zirkzee,Man Utd,1,0,0,1,,466
Thomas Bramall,Julio Soler Barreto,Bournemouth,1,0,0,0,,80
Thomas Bramall,Junior Kroupi,Bournemouth,3,0,0,2,,100
Thomas Bramall,Jurriën Timber,Arsenal,1,0,0,1,,8
Thomas Bramall,Justin Devenny,Crystal Palace,4,,0,1,,276
Thomas Bramall,Justin Kluivert,Bournemouth,1,0,0,1,,81
Thomas Bramall,Karl Darlow,Leeds,3,,0,0,,341
Thomas Bramall,Kenny Tete,Fulham,1,0,0,2,,322
Thomas Bramall,Kevin Danso,Spurs,3,0,0,1,,570
Thomas Bramall,Ki-Jana Hoever,Wolves,1,0,0,0,,638
Thomas Bramall,Kieran Trippier,Newcastle,2,1,0,2,,478
Thomas Bramall,Kiernan Dewsbury-Hall,Everton,3,0,0,2,,242
Thomas Bramall,Konstantinos Mavropanos,West Ham,1,0,0,2,,606
Thomas Bramall,Kyle Walker,Burnley,3,0,0,3,,187
Thomas Bramall,Kyle Walker-Peters,West Ham,1,0,0,0,,659
Thomas Bramall,Ladislav Krejcí,Wolves,2,0,0,0,,709
Thomas Bramall,Leandro Trossard,Arsenal,1,0,0,0,,20
Thomas Bramall,Leny Yoro,Man Utd,1,0,0,0,,444
Thomas Bramall,Lesley Ugochukwu,Burnley,2,0,0,0,,676
Thomas Bramall,Lewis Cook,Bournemouth,1,0,0,0,,88
Thomas Bramall,Lewis Dunk,Brighton,2,1,0,2,,146
Thomas Bramall,Lewis Hall,Newcastle,3,0,0,1,,473
Thomas Bramall,Lewis Miley,Newcastle,2,0,0,1,,497
Thomas Bramall,Lisandro Martínez,Man Utd,1,0,0,0,,437
Thomas Bramall,Loum Tchaouna,Burnley,3,1,0,4,,210
Thomas Bramall,Lucas Bergvall,Spurs,1,0,0,1,,586
Thomas Bramall,Lucas Estella Perri,Leeds,3,,0,1,,665
Thomas Bramall,Lucas Pires Silva,Burnley,2,0,0,0,,195
Thomas Bramall,Luis Guilherme Lira dos Santos,West Ham,1,0,0,0,,619
Thomas Bramall,Lukas Nmecha,Leeds,3,,0,0,,365
Thomas Bramall,Luke O'Nien,Sunderland,1,0,0,0,,539
Thomas Bramall,Luke Shaw,Man Utd,1,0,0,2,,443
Thomas Bramall,Lutsharel Geertruida,Sunderland,2,0,0,0,,724
Thomas Bramall,Lyle Foster,Burnley,2,0,0,1,,217
Thomas Bramall,Mads Hermansen,West Ham,1,0,0,0,,679
Thomas Bramall,Malick Thiaw,Newcastle,3,0,0,1,,684
Thomas Bramall,Malo Gusto,Chelsea,1,0,0,0,,228
Thomas Bramall,Manuel Ugarte Ribeiro,Man Utd,1,0,0,2,,459
Thomas Bramall,Marc Cucurella Saseta,Chelsea,1,0,0,2,,224
Thomas Bramall,Marc Guéhi,Man City,1,0,0,1,,260
Thomas Bramall,Marcos Senesi Barón,Bournemouth,3,1,0,2,,72
Thomas Bramall,Marcus Edwards,Burnley,2,0,0,0,,206
Thomas Bramall,Marcus Tavernier,Bournemouth,3,1,0,2,,84
Thomas Bramall,Mark Travers,Everton,1,0,0,0,,288
Thomas Bramall,Marshall Munetsi,Wolves,1,0,0,2,,648
Thomas Bramall,Martin Dúbravka,Burnley,3,0,0,0,,470
Thomas Bramall,Martín Zubimendi Ibáñez,Arsenal,1,0,0,1,,26
Thomas Bramall,Mateus Gonçalo Espanha Fernandes,West Ham,2,1,0,0,,708
Thomas Bramall,Mateus Mané,Wolves,2,0,0,6,,749
Thomas Bramall,Matheus Nunes,Man City,2,,0,0,,407
Thomas Bramall,Matheus Santos Carneiro da Cunha,Man Utd,1,0,0,0,,450
Thomas Bramall,Mathys Tel,Spurs,3,0,0,0,,584
Thomas Bramall,Mats Wieffer,Brighton,1,0,0,0,,173
Thomas Bramall,Matt Doherty,Wolves,3,1,0,4,,632
Thomas Bramall,Matt O'Riley,Brighton,1,0,0,0,,164
Thomas Bramall,Matz Sels,Nott'm Forest,1,0,0,0,,502
Thomas Bramall,Max Alleyne,Man City,1,,0,0,,794
Thomas Bramall,Max Weiß,Burnley,2,0,0,0,,183
Thomas Bramall,Maxence Lacroix,Crystal Palace,6,,0,4,,257
Thomas Bramall,Maxim De Cuyper,Brighton,3,1,0,3,,145
Thomas Bramall,Maxime Estève,Burnley,3,1,0,4,,191
Thomas Bramall,Maximilian Kilman,West Ham,2,0,0,1,,605
Thomas Bramall,Merlin Röhl,Everton,1,0,0,4,,728
Thomas Bramall,Michael Keane,Everton,3,0,0,0,,295
Thomas Bramall,Micky van de Ven,Spurs,2,1,0,1,,575
Thomas Bramall,Mike Trésor Ndayishimiye,Burnley,1,0,0,0,,214
Thomas Bramall,Mikel Merino Zazón,Arsenal,1,0,0,0,,22
Thomas Bramall,Milos Kerkez,Liverpool,1,0,0,0,,371
Thomas Bramall,Mitoma Kaoru,Brighton,3,1,0,2,,157
Thomas Bramall,Mohamed Salah,Liverpool,1,0,0,1,,381
Thomas Bramall,Mohammed Kudus,Spurs,2,1,0,4,,582
Thomas Bramall,Morgan Gibbs-White,Nott'm Forest,1,0,0,2,,515
Thomas Bramall,Myles Lewis-Skelly,Arsenal,1,0,0,0,,10
Thomas Bramall,Nathan Aké,Man City,1,,0,0,,405
Thomas Bramall,Nathan Patterson,Everton,1,0,0,0,,296
Thomas Bramall,Nathaniel Clyne,Crystal Palace,3,,0,1,,263
Thomas Bramall,Neco Williams,Nott'm Forest,1,0,0,1,,508
Thomas Bramall,Nick Pope,Newcastle,2,0,0,0,,469
Thomas Bramall,Nick Woltemade,Newcastle,3,0,0,1,,714
Thomas Bramall,Niclas Füllkrug,West Ham,1,0,0,0,,625
Thomas Bramall,Nico González Iglesias,Man City,2,,0,1,,423
Thomas Bramall,Nico O'Reilly,Man City,2,,0,1,,411
Thomas Bramall,Nikola Milenković,Nott'm Forest,1,0,0,0,,505
Thomas Bramall,Noah Okafor,Leeds,3,1,0,1,,698
Thomas Bramall,Noah Sadiki,Sunderland,3,2,0,3,,552
Thomas Bramall,Norberto Bercique Gomes Betuncal,Everton,3,0,0,2,,311
Thomas Bramall,Nordi Mukiele,Sunderland,3,1,0,2,,694
Thomas Bramall,Oleksandr Zinchenko,Nott'm Forest,1,0,0,1,,12
Thomas Bramall,Olivier Boscagli,Brighton,2,0,0,2,,143
Thomas Bramall,Ollie Scarles,West Ham,1,0,0,0,,608
Thomas Bramall,Omar Alderete,Sunderland,2,0,0,1,,683
Thomas Bramall,Omar Marmoush,Man City,1,0,0,1,,413
Thomas Bramall,Oscar Bobb,Fulham,1,0,0,0,,424
Thomas Bramall,Pablo Felipe Pereira de Jesus,West Ham,1,0,0,2,,785
Thomas Bramall,Pape Matar Sarr,Spurs,3,0,0,2,,593
Thomas Bramall,Pascal Groß,Brighton,3,1,0,2,,783
Thomas Bramall,Pascal Struijk,Leeds,4,,0,5,,343
Thomas Bramall,Patrick Dorgu,Man Utd,1,0,0,1,,441
Thomas Bramall,Pedro Lomba Neto,Chelsea,1,0,0,2,,236
Thomas Bramall,Pedro Porro Sauceda,Spurs,3,1,0,2,,568
Thomas Bramall,Phil Foden,Man City,2,,0,1,,414
Thomas Bramall,Piero Hincapié,Arsenal,1,0,0,0,,725
Thomas Bramall,Quilindschy Hartman,Burnley,3,0,0,4,,192
Thomas Bramall,Radu Drăgușin,Spurs,1,0,0,3,,572
Thomas Bramall,Randal Kolo Muani,Spurs,2,0,0,4,,726
Thomas Bramall,Raúl Jiménez Rodríguez,Fulham,1,0,0,1,,337
Thomas Bramall,Rayan Aït-Nouri,Man City,1,0,0,2,,402
Thomas Bramall,Rayan Cherki,Man City,2,,0,1,,417
Thomas Bramall,Rayan Vitor Simplício Rocha,Bournemouth,1,0,0,0,,807
Thomas Bramall,Reece James,Chelsea,1,0,0,0,,225
Thomas Bramall,Reinildo Mandava,Sunderland,3,1,0,5,,541
Thomas Bramall,Remi Matthews,Crystal Palace,1,,0,0,,255
Thomas Bramall,Riccardo Calafiori,Arsenal,1,0,0,0,,7
Thomas Bramall,Richarlison de Andrade,Spurs,3,2,0,1,,597
Thomas Bramall,Rico Lewis,Man City,2,,0,0,,410
Thomas Bramall,Rio Cardines,Crystal Palace,1,0,0,0,,690
Thomas Bramall,Rio Ngumoha,Liverpool,1,0,0,0,,686
Thomas Bramall,Robert Lynch Sánchez,Chelsea,1,0,0,0,,220
Thomas Bramall,Robin Roefs,Sunderland,3,1,0,0,,670
Thomas Bramall,Rodrigo 'Rodri' Hernandez Cascante,Man City,2,,0,0,,421
Thomas Bramall,Rodrigo Bentancur,Spurs,2,1,0,3,,585
Thomas Bramall,Rodrigo Martins Gomes,Wolves,1,0,0,0,,635
Thomas Bramall,Rodrigo Muniz Carvalho,Fulham,1,0,0,0,,338
Thomas Bramall,Romaine Mundle,Sunderland,1,0,0,1,,548
Thomas Bramall,Rúben dos Santos Gato Alves Dias,Man City,1,1,0,1,,408
Thomas Bramall,Ryan Christie,Bournemouth,3,1,0,4,,87
Thomas Bramall,Ryan Gravenberch,Liverpool,1,1,0,4,,390
Thomas Bramall,Ryan Sessegnon,Fulham,1,0,0,1,,328
Thomas Bramall,Sam Byram,Leeds,1,0,0,0,,346
Thomas Bramall,Samuel Chukwueze,Fulham,1,0,0,0,,727
Thomas Bramall,Sander Berge,Fulham,1,0,0,1,,330
Thomas Bramall,Sandro Tonali,Newcastle,3,0,0,3,,491
Thomas Bramall,Santiago Ignacio Bueno,Wolves,2,1,0,2,,636
Thomas Bramall,Sávio Moreira de Oliveira,Man City,1,0,0,0,,415
Thomas Bramall,Séamus Coleman,Everton,1,0,0,0,,294
Thomas Bramall,Sean Longstaff,Leeds,3,,0,3,,493
Thomas Bramall,Sean Neave,Newcastle,1,0,0,0,,501
Thomas Bramall,Sebastiaan Bornauw,Leeds,2,,0,0,,345
Thomas Bramall,Senne Lammens,Man Utd,1,0,0,0,,733
Thomas Bramall,Simon Adingra,Sunderland,1,0,0,1,,543
Thomas Bramall,Solly March,Brighton,1,0,0,0,,159
Thomas Bramall,Soungoutou Magassa,West Ham,1,0,0,0,,718
Thomas Bramall,Sven Botman,Newcastle,1,1,0,1,,475
Thomas Bramall,Tanaka Ao,Leeds,4,,0,1,,358
Thomas Bramall,Thierno Barry,Everton,3,1,0,4,,310
Thomas Bramall,Tijjani Reijnders,Man City,2,,0,1,,427
Thomas Bramall,Tim Iroegbunam,Everton,3,0,0,1,,304
Thomas Bramall,Timothy Castagne,Fulham,1,0,0,0,,319
Thomas Bramall,Tino Livramento,Newcastle,2,0,0,1,,477
Thomas Bramall,Tolu Arokodare,Wolves,2,0,0,1,,720
Thomas Bramall,Tom Cairney,Fulham,1,1,0,1,,331
Thomas Bramall,Tom Watson,Brighton,1,1,0,1,,172
Thomas Bramall,Tomáš Souček,West Ham,2,0,0,2,,613
Thomas Bramall,Toti Gomes,Wolves,1,1,1,2,,637
Thomas Bramall,Trai Hume,Sunderland,3,1,0,5,,532
Thomas Bramall,Trevoh Chalobah,Chelsea,1,0,0,0,,226
Thomas Bramall,Tyler Adams,Bournemouth,3,1,0,4,,85
Thomas Bramall,Tyler Dibling,Everton,2,0,0,0,,707
Thomas Bramall,Tyrick Mitchell,Crystal Palace,6,,0,2,,258
Thomas Bramall,Tyrique George,Everton,1,0,0,0,,243
Thomas Bramall,Valentín Castellanos,West Ham,1,1,0,2,,791
Thomas Bramall,Veljko Milosavljevic,Bournemouth,1,0,0,0,,721
Thomas Bramall,Viktor Gyökeres,Arsenal,1,0,0,1,,666
Thomas Bramall,Virgil van Dijk,Liverpool,1,0,0,0,,373
Thomas Bramall,Vitalii Mykolenko,Everton,3,1,0,2,,292
Thomas Bramall,Walter Benítez,Crystal Palace,2,,0,0,,254
Thomas Bramall,Wesley Fofana,Chelsea,1,1,0,1,,230
Thomas Bramall,Wilfried Gnonto,Leeds,3,,0,0,,351
Thomas Bramall,Will Dennis,Bournemouth,1,0,0,0,,68
Thomas Bramall,Will Hughes,Crystal Palace,6,2,0,5,,270
Thomas Bramall,William Osula,Newcastle,2,0,0,0,,500
Thomas Bramall,William Saliba,Arsenal,1,0,0,0,,6
Thomas Bramall,Wilson Isidor,Sunderland,3,0,0,2,,560
Thomas Bramall,Wilson Odobert,Spurs,2,0,0,0,,588
Thomas Bramall,Xavi Simons,Spurs,3,0,0,2,,717
Thomas Bramall,Yankuba Minteh,Brighton,2,0,0,4,,160
Thomas Bramall,Yasin Ayari,Brighton,2,,0,1,,166
Thomas Bramall,Yéremy Pino Santos,Crystal Palace,6,,0,5,,712
Thomas Bramall,Yerson Mosquera Valdelamar,Wolves,2,0,0,1,,634
Thomas Bramall,Yoane Wissa,Newcastle,1,0,0,0,,135
Thomas Bramall,Yves Bissouma,Spurs,1,0,0,1,,587
Thomas Bramall,Zeki Amdouni,Burnley,1,0,0,0,,216
Thomas Bramall,Zian Flemming,Burnley,3,0,0,4,,215
Thomas Kirk,Adam Armstrong,Wolves,2,0,0,2,,817
Thomas Kirk,Adam Wharton,Crystal Palace,2,1,0,6,,273
Thomas Kirk,Alex Iwobi,Fulham,1,0,0,0,,324
Thomas Kirk,André Trindade da Costa Neto,Wolves,3,,0,9,,643
Thomas Kirk,Angel Gomes,Wolves,1,0,0,0,,816
Thomas Kirk,Antonee Robinson,Fulham,1,0,0,0,,316
Thomas Kirk,Armando Broja,Burnley,2,0,0,0,,680
Thomas Kirk,Bart Verbruggen,Brighton,1,0,0,0,,139
Thomas Kirk,Bashir Humphreys,Burnley,1,0,0,0,,193
Thomas Kirk,Benjamin Lecomte,Fulham,1,0,0,0,,664
Thomas Kirk,Bernd Leno,Fulham,1,0,0,0,,314
Thomas Kirk,Borna Sosa,Crystal Palace,1,0,0,0,,259
Thomas Kirk,Brennan Johnson,Crystal Palace,1,0,0,0,,580
Thomas Kirk,Brian Brobbey,Sunderland,1,0,0,1,,730
Thomas Kirk,Calvin Bassey,Fulham,1,0,0,0,,318
Thomas Kirk,Chadi Riad Dnanou,Crystal Palace,1,1,0,2,,262
Thomas Kirk,Chemsdine Talbi,Sunderland,1,0,0,0,,553
Thomas Kirk,Chris Richards,Crystal Palace,2,0,0,1,,261
Thomas Kirk,Chris Rigg,Sunderland,1,0,0,1,,551
Thomas Kirk,Chris Wood,Nott'm Forest,1,0,0,0,,525
Thomas Kirk,Christantus Uche,Crystal Palace,1,0,0,0,,732
Thomas Kirk,Daichi Kamada,Crystal Palace,2,0,0,3,,271
Thomas Kirk,Daniel Ballard,Sunderland,1,0,0,0,,531
Thomas Kirk,Daniel Bentley,Wolves,1,0,0,0,,629
Thomas Kirk,Daniel Muñoz Mejía,Crystal Palace,2,0,0,1,,256
Thomas Kirk,Danny Welbeck,Brighton,1,0,0,0,,178
Thomas Kirk,David Møller Wolfe,Wolves,2,0,0,3,,682
Thomas Kirk,Dean Henderson,Crystal Palace,2,0,0,0,,253
Thomas Kirk,Dennis Cirkin,Sunderland,1,0,0,1,,535
Thomas Kirk,Diego Gómez Amarilla,Brighton,1,1,0,4,,169
Thomas Kirk,Dilane Bakwa,Nott'm Forest,1,0,0,0,,734
Thomas Kirk,Dwight McNeil,Everton,1,,0,0,,300
Thomas Kirk,Eddie Nketiah,Crystal Palace,1,0,0,1,,284
Thomas Kirk,Eliezer Mayenda Dossou,Sunderland,1,0,0,0,,561
Thomas Kirk,Elliot Anderson,Nott'm Forest,1,0,0,2,,517
Thomas Kirk,Emile Smith Rowe,Fulham,1,0,0,0,,325
Thomas Kirk,Evann Guessand,Crystal Palace,1,0,0,0,,677
Thomas Kirk,Felipe Rodrigues da Silva,Nott'm Forest,1,0,0,0,,511
Thomas Kirk,Ferdi Kadıoğlu,Brighton,1,0,0,1,,148
Thomas Kirk,Florentino Ibrain Morris Luís,Burnley,2,1,0,5,,722
Thomas Kirk,Georginio Rutter,Brighton,1,0,0,0,,158
Thomas Kirk,Granit Xhaka,Sunderland,1,1,0,0,,668
Thomas Kirk,Habib Diarra,Sunderland,1,0,0,2,,544
Thomas Kirk,Hannibal Mejbri,Burnley,1,0,0,0,,207
Thomas Kirk,Harrison Armstrong,Everton,1,,0,0,,305
Thomas Kirk,Harrison Jones,Sunderland,1,0,0,0,,557
Thomas Kirk,Harry Wilson,Fulham,1,0,0,0,,329
Thomas Kirk,Hjalmar Ekdal,Burnley,2,0,0,0,,190
Thomas Kirk,Hugo Bueno López,Wolves,3,,0,0,,633
Thomas Kirk,Hwang Hee-chan,Wolves,2,1,0,2,,642
Thomas Kirk,Ibrahim Sangaré,Nott'm Forest,1,0,0,3,,521
Thomas Kirk,Igor Jesus Maciel da Cruz,Nott'm Forest,1,0,0,1,,526
Thomas Kirk,Ismaïla Sarr,Crystal Palace,1,1,0,0,,267
Thomas Kirk,Issa Diop,Fulham,1,0,0,1,,320
Thomas Kirk,Jack Grealish,Everton,1,1,1,2,,419
Thomas Kirk,Jack Hinshelwood,Brighton,1,0,0,0,,163
Thomas Kirk,Jackson Tchatchoua,Wolves,3,,0,0,,695
Thomas Kirk,Jacob Bruun Larsen,Burnley,2,0,0,0,,202
Thomas Kirk,Jaidon Anthony,Burnley,2,0,0,2,,200
Thomas Kirk,Jair Paula da Cunha Filho,Nott'm Forest,1,0,0,0,,510
Thomas Kirk,Jake O'Brien,Everton,1,,0,3,,293
Thomas Kirk,James Garner,Everton,1,,0,1,,303
Thomas Kirk,James McAtee,Nott'm Forest,1,0,0,0,,426
Thomas Kirk,James Milner,Brighton,1,0,0,0,,170
Thomas Kirk,James Tarkowski,Everton,1,,0,0,,291
Thomas Kirk,James Ward-Prowse,Burnley,1,0,0,0,,614
Thomas Kirk,Jan Paul van Hecke,Brighton,1,0,0,0,,151
Thomas Kirk,Jason Steele,Brighton,1,0,0,0,,138
Thomas Kirk,Jaydee Canvot,Crystal Palace,2,1,0,2,,723
Thomas Kirk,Jean-Philippe Mateta,Crystal Palace,1,0,0,0,,283
Thomas Kirk,Jean-Ricner Bellegarde,Wolves,2,0,0,2,,644
Thomas Kirk,Jefferson Lerma Solís,Crystal Palace,1,0,0,1,,272
Thomas Kirk,Jhon Arias,Wolves,1,,0,3,,663
Thomas Kirk,João Victor Gomes da Silva,Wolves,3,,0,5,,646
Thomas Kirk,Joe Worrall,Burnley,1,0,0,0,,199
Thomas Kirk,Joël Veltman,Brighton,1,0,0,1,,152
Thomas Kirk,Jordan Pickford,Everton,1,,0,0,,287
Thomas Kirk,Jorge Cuenca Barreno,Fulham,1,0,0,0,,321
Thomas Kirk,Jørgen Strand Larsen,Crystal Palace,1,0,0,4,,654
Thomas Kirk,José Malheiro de Sá,Wolves,3,1,0,0,,628
Thomas Kirk,Josh Cullen,Burnley,1,0,0,1,,205
Thomas Kirk,Josh King,Fulham,1,0,0,0,,335
Thomas Kirk,Josh Laurent,Burnley,1,0,0,0,,209
Thomas Kirk,Justin Devenny,Crystal Palace,2,0,0,1,,276
Thomas Kirk,Kenny Tete,Fulham,1,0,0,0,,322
Thomas Kirk,Kevin Santos Lopes de Macedo,Fulham,1,0,0,1,,731
Thomas Kirk,Kyle Walker,Burnley,2,1,0,3,,187
Thomas Kirk,Ladislav Krejcí,Wolves,3,,1,3,,709
Thomas Kirk,Lesley Ugochukwu,Burnley,2,0,0,1,,676
Thomas Kirk,Lewis Dunk,Brighton,1,0,0,0,,146
Thomas Kirk,Loum Tchaouna,Burnley,2,0,0,1,,210
Thomas Kirk,Luke O'Nien,Sunderland,1,0,0,0,,539
Thomas Kirk,Lutsharel Geertruida,Sunderland,1,0,0,0,,724
Thomas Kirk,Lyle Foster,Burnley,2,0,0,1,,217
Thomas Kirk,Marcus Edwards,Burnley,2,0,0,0,,206
Thomas Kirk,Martin Dúbravka,Burnley,2,0,0,0,,470
Thomas Kirk,Mateus Mané,Wolves,3,,0,3,,749
Thomas Kirk,Mats Wieffer,Brighton,1,0,0,1,,173
Thomas Kirk,Matt Doherty,Wolves,1,0,0,0,,632
Thomas Kirk,Matt O'Riley,Brighton,1,0,0,1,,164
Thomas Kirk,Matz Sels,Nott'm Forest,1,0,0,0,,502
Thomas Kirk,Max Weiß,Burnley,1,0,0,0,,183
Thomas Kirk,Maxence Lacroix,Crystal Palace,1,0,0,1,,257
Thomas Kirk,Maxim De Cuyper,Brighton,1,0,0,1,,145
Thomas Kirk,Maxime Estève,Burnley,2,0,0,0,,191
Thomas Kirk,Melker Ellborg,Sunderland,1,0,0,0,,812
Thomas Kirk,Merlin Röhl,Everton,1,,0,1,,728
Thomas Kirk,Michael Keane,Everton,1,,1,1,,295
Thomas Kirk,Morgan Gibbs-White,Nott'm Forest,1,0,0,0,,515
Thomas Kirk,Murillo Costa dos Santos,Nott'm Forest,1,0,0,0,,506
Thomas Kirk,Nathan Patterson,Everton,1,,0,0,,296
Thomas Kirk,Nathaniel Clyne,Crystal Palace,1,0,0,0,,263
Thomas Kirk,Neco Williams,Nott'm Forest,1,0,0,0,,508
Thomas Kirk,Nicolás Domínguez,Nott'm Forest,1,0,0,1,,519
Thomas Kirk,Nikola Milenković,Nott'm Forest,1,0,0,1,,505
Thomas Kirk,Noah Sadiki,Sunderland,1,0,0,1,,552
Thomas Kirk,Norberto Bercique Gomes Betuncal,Everton,1,,0,1,,311
Thomas Kirk,Ola Aina,Nott'm Forest,1,0,0,0,,507
Thomas Kirk,Olivier Boscagli,Brighton,1,0,0,0,,143
Thomas Kirk,Omar Alderete,Sunderland,1,0,0,1,,683
Thomas Kirk,Omari Hutchinson,Nott'm Forest,1,0,0,0,,693
Thomas Kirk,Oscar Bobb,Fulham,1,0,0,0,,424
Thomas Kirk,Pascal Groß,Brighton,1,0,0,1,,783
Thomas Kirk,Pedro Cardoso de Lima,Wolves,3,,0,1,,640
Thomas Kirk,Quilindschy Hartman,Burnley,2,0,0,2,,192
Thomas Kirk,Raúl Jiménez Rodríguez,Fulham,1,0,0,0,,337
Thomas Kirk,Rio Cardines,Crystal Palace,1,0,0,0,,690
Thomas Kirk,Rodrigo Martins Gomes,Wolves,2,0,0,0,,635
Thomas Kirk,Rodrigo Muniz Carvalho,Fulham,1,0,0,1,,338
Thomas Kirk,Ryan Yates,Nott'm Forest,1,0,0,0,,522
Thomas Kirk,Sam Johnstone,Wolves,1,0,0,0,,627
Thomas Kirk,Samuel Chukwueze,Fulham,1,0,0,0,,727
Thomas Kirk,Sander Berge,Fulham,1,0,0,2,,330
Thomas Kirk,Santiago Ignacio Bueno,Wolves,3,,0,5,,636
Thomas Kirk,Saša Lukić,Fulham,1,0,0,3,,332
Thomas Kirk,Simon Moore,Sunderland,1,0,0,0,,529
Thomas Kirk,Solly March,Brighton,1,0,0,0,,159
Thomas Kirk,Taiwo Awoniyi,Nott'm Forest,1,0,0,0,,527
Thomas Kirk,Thierno Barry,Everton,1,,0,2,,310
Thomas Kirk,Tim Iroegbunam,Everton,1,1,0,2,,304
Thomas Kirk,Timothy Castagne,Fulham,1,0,0,0,,319
Thomas Kirk,Tolu Arokodare,Wolves,3,,0,4,,720
Thomas Kirk,Tom Cairney,Fulham,1,0,0,0,,331
Thomas Kirk,Tom Edozie,Wolves,2,0,0,0,,651
Thomas Kirk,Toti Gomes,Wolves,2,0,0,0,,637
Thomas Kirk,Trai Hume,Sunderland,1,0,0,0,,532
Thomas Kirk,Tyrick Mitchell,Crystal Palace,2,0,0,0,,258
Thomas Kirk,Vitalii Mykolenko,Everton,1,,0,0,,292
Thomas Kirk,Walter Benítez,Crystal Palace,1,0,0,0,,254
Thomas Kirk,Will Hughes,Crystal Palace,2,1,0,3,,270
Thomas Kirk,Wilson Isidor,Sunderland,1,0,0,0,,560
Thomas Kirk,Yankuba Minteh,Brighton,1,1,0,2,,160
Thomas Kirk,Yasin Ayari,Brighton,1,0,0,0,,166
Thomas Kirk,Yéremy Pino Santos,Crystal Palace,2,0,0,1,,712
Thomas Kirk,Yerson Mosquera Valdelamar,Wolves,3,1,0,5,,634
Thomas Kirk,Zian Flemming,Burnley,2,0,0,5,,215
Tim Robinson,Aaron Hickey,Brentford,1,0,0,0,,116
Tim Robinson,Aaron Wan-Bissaka,West Ham,1,0,0,0,,610
Tim Robinson,Adam Armstrong,Wolves,1,0,0,0,,817
Tim Robinson,Adam Smith,Bournemouth,1,,0,0,,73
Tim Robinson,Adam Wharton,Crystal Palace,1,,0,1,,273
Tim Robinson,Adama Traoré Diarra,West Ham,1,0,0,0,,326
Tim Robinson,Adrien Truffert,Bournemouth,1,,0,1,,74
Tim Robinson,Álex Jiménez Sánchez,Bournemouth,1,,0,0,,713
Tim Robinson,Alex Scott,Bournemouth,1,1,0,2,,90
Tim Robinson,Alexis Mac Allister,Liverpool,1,0,0,2,,386
Tim Robinson,Alisson Becker,Liverpool,1,0,0,0,,366
Tim Robinson,Alphonse Areola,West Ham,1,0,0,0,,600
Tim Robinson,Amine Adli,Bournemouth,1,,0,2,,697
Tim Robinson,André Trindade da Costa Neto,Wolves,1,0,0,2,,643
Tim Robinson,Andrew Robertson,Liverpool,1,0,0,0,,372
Tim Robinson,Angel Gomes,Wolves,1,0,0,2,,816
Tim Robinson,Angus Gunn,Nott'm Forest,1,0,0,0,,675
Tim Robinson,Anthony Patterson,Sunderland,1,,0,0,,528
Tim Robinson,Anton Stach,Leeds,1,0,0,2,,660
Tim Robinson,Armando Broja,Burnley,1,0,0,0,,680
Tim Robinson,Ashley Barnes,Burnley,2,0,0,1,,218
Tim Robinson,Axel Disasi,West Ham,1,0,0,0,,815
Tim Robinson,Axel Tuanzebe,Burnley,1,0,0,0,,198
Tim Robinson,Bafodé Diakité,Bournemouth,1,,0,2,,685
Tim Robinson,Bart Verbruggen,Brighton,2,,0,0,,139
Tim Robinson,Bashir Humphreys,Burnley,2,2,0,4,,193
Tim Robinson,Bertrand Traoré,Sunderland,1,,0,0,,735
Tim Robinson,Brajan Gruda,Brighton,1,0,0,1,,162
Tim Robinson,Brenden Aaronson,Leeds,1,0,0,1,,350
Tim Robinson,Brian Brobbey,Sunderland,1,,0,0,,730
Tim Robinson,Callum Hudson-Odoi,Nott'm Forest,2,0,0,0,,516
Tim Robinson,Callum Wilson,West Ham,1,0,0,0,,671
Tim Robinson,Calvin Ramsay,Liverpool,1,0,0,0,,380
Tim Robinson,Caoimhín Kelleher,Brentford,1,0,0,0,,101
Tim Robinson,Carlos Baleba,Brighton,1,1,0,1,,167
Tim Robinson,Charalampos Kostoulas,Brighton,2,,0,0,,181
Tim Robinson,Chemsdine Talbi,Sunderland,1,,0,0,,553
Tim Robinson,Chris Richards,Crystal Palace,1,,0,0,,261
Tim Robinson,Chris Rigg,Sunderland,1,,0,0,,551
Tim Robinson,Cody Gakpo,Liverpool,1,1,0,3,,384
Tim Robinson,Crysencio Summerville,West Ham,1,1,0,3,,615
Tim Robinson,Curtis Jones,Liverpool,1,0,0,0,,388
Tim Robinson,Daichi Kamada,Crystal Palace,1,,0,1,,271
Tim Robinson,Dan Ndoye,Nott'm Forest,2,0,0,1,,669
Tim Robinson,Dan Neil,Sunderland,1,,0,0,,549
Tim Robinson,Dango Ouattara,Brentford,1,0,0,0,,83
Tim Robinson,Daniel Ballard,Sunderland,1,,0,1,,531
Tim Robinson,Daniel James,Leeds,1,0,0,0,,353
Tim Robinson,Daniel Muñoz Mejía,Crystal Palace,1,,0,1,,256
Tim Robinson,Danny Welbeck,Brighton,2,,0,3,,178
Tim Robinson,David Brooks,Bournemouth,1,1,0,1,,86
Tim Robinson,David Møller Wolfe,Wolves,2,0,0,1,,682
Tim Robinson,Dean Henderson,Crystal Palace,1,,0,0,,253
Tim Robinson,Diego Gómez Amarilla,Brighton,2,,0,0,,169
Tim Robinson,Dominic Calvert-Lewin,Leeds,1,0,0,0,,691
Tim Robinson,Dominik Szoboszlai,Liverpool,1,1,0,1,,387
Tim Robinson,Đorđe Petrović,Bournemouth,1,,0,0,,67
Tim Robinson,Douglas Luiz Soares de Paulo,Aston Villa,1,0,0,1,,699
Tim Robinson,Dwight McNeil,Everton,1,0,0,1,,300
Tim Robinson,El Hadji Malick Diouf,West Ham,1,0,0,0,,603
Tim Robinson,Eliezer Mayenda Dossou,Sunderland,1,,0,0,,561
Tim Robinson,Elliot Anderson,Nott'm Forest,2,1,0,4,,517
Tim Robinson,Emiliano Buendía Stati,Aston Villa,1,0,0,2,,50
Tim Robinson,Emiliano Martínez Romero,Aston Villa,1,0,0,0,,32
Tim Robinson,Emmanuel Agbadou,Wolves,1,0,0,1,,631
Tim Robinson,Enes Ünal,Bournemouth,1,,0,0,,98
Tim Robinson,Enzo Le Fée,Sunderland,1,,0,1,,547
Tim Robinson,Ethan Ampadu,Leeds,1,0,0,1,,354
Tim Robinson,Ezra Mayers,West Ham,1,0,0,0,,747
Tim Robinson,Ezri Konsa Ngoyo,Aston Villa,1,0,0,0,,38
Tim Robinson,Federico Chiesa,Liverpool,1,0,0,0,,385
Tim Robinson,Felipe Rodrigues da Silva,Nott'm Forest,2,0,0,1,,511
Tim Robinson,Ferdi Kadıoğlu,Brighton,2,,0,0,,148
Tim Robinson,Florentino Ibrain Morris Luís,Burnley,3,1,0,5,,722
Tim Robinson,Francisco Evanilson de Lima Barbosa,Bournemouth,1,,0,1,,97
Tim Robinson,Freddie Woodman,Liverpool,1,0,0,0,,369
Tim Robinson,Gabriel Gudmundsson,Leeds,1,0,0,1,,347
Tim Robinson,Georginio Rutter,Brighton,2,1,0,3,,158
Tim Robinson,Giorgi Mamardashvili,Liverpool,1,0,0,0,,367
Tim Robinson,Granit Xhaka,Sunderland,1,,0,1,,668
Tim Robinson,Hannibal Mejbri,Burnley,2,1,0,4,,207
Tim Robinson,Harrison Armstrong,Everton,1,0,0,0,,305
Tim Robinson,Harvey Elliott,Aston Villa,1,0,0,0,,389
Tim Robinson,Hjalmar Ekdal,Burnley,2,0,0,1,,190
Tim Robinson,Hugo Bueno López,Wolves,1,0,0,0,,633
Tim Robinson,Hugo Ekitiké,Liverpool,1,0,0,3,,661
Tim Robinson,Hwang Hee-chan,Wolves,1,0,0,1,,642
Tim Robinson,Ian Maatsen,Aston Villa,1,0,0,0,,39
Tim Robinson,Ibrahim Sangaré,Nott'm Forest,2,0,0,4,,521
Tim Robinson,Ibrahima Konaté,Liverpool,1,0,0,0,,374
Tim Robinson,Idrissa Gana Gueye,Everton,1,0,0,1,,302
Tim Robinson,Igor Jesus Maciel da Cruz,Nott'm Forest,2,0,0,2,,526
Tim Robinson,Igor Thiago Nascimento Rodrigues,Brentford,1,0,0,2,,136
Tim Robinson,Iliman Ndiaye,Everton,1,0,0,1,,299
Tim Robinson,Ismaïla Sarr,Crystal Palace,1,,0,0,,267
Tim Robinson,Jack Harrison,Leeds,1,0,0,0,,352
Tim Robinson,Jackson Tchatchoua,Wolves,2,1,0,1,,695
Tim Robinson,Jacob Bruun Larsen,Burnley,3,0,0,0,,202
Tim Robinson,Jadon Sancho,Aston Villa,1,0,0,0,,456
Tim Robinson,Jaidon Anthony,Burnley,3,1,0,4,,200
Tim Robinson,Jair Paula da Cunha Filho,Nott'm Forest,1,0,0,0,,510
Tim Robinson,Jake O'Brien,Everton,1,0,0,0,,293
Tim Robinson,James Garner,Everton,1,0,0,1,,303
Tim Robinson,James McAtee,Nott'm Forest,1,0,0,0,,426
Tim Robinson,James Milner,Brighton,1,0,0,0,,170
Tim Robinson,James Tarkowski,Everton,1,0,0,1,,291
Tim Robinson,James Ward-Prowse,Burnley,1,0,0,1,,614
Tim Robinson,Jan Paul van Hecke,Brighton,2,1,0,1,,151
Tim Robinson,Jarrad Branthwaite,Everton,1,0,0,1,,290
Tim Robinson,Jarrod Bowen,West Ham,1,0,0,0,,624
Tim Robinson,Jaydee Canvot,Crystal Palace,1,,0,4,,723
Tim Robinson,Jayden Bogle,Leeds,1,0,0,1,,342
Tim Robinson,Jaydon Banel,Burnley,1,0,0,1,,213
Tim Robinson,Jean-Clair Todibo,West Ham,1,0,0,0,,609
Tim Robinson,Jean-Philippe Mateta,Crystal Palace,1,,0,0,,283
Tim Robinson,Jean-Ricner Bellegarde,Wolves,2,1,0,4,,644
Tim Robinson,Jefferson Lerma Solís,Crystal Palace,1,1,0,2,,272
Tim Robinson,Jeremie Frimpong,Liverpool,1,0,0,0,,370
Tim Robinson,Jhon Arias,Wolves,1,0,0,1,,663
Tim Robinson,João Victor Gomes da Silva,Wolves,2,1,0,4,,646
Tim Robinson,Joe Gomez,Liverpool,1,0,0,1,,376
Tim Robinson,Joe Rodon,Leeds,1,0,0,1,,348
Tim Robinson,Joe Worrall,Burnley,1,0,0,0,,199
Tim Robinson,Joël Piroe,Leeds,1,0,0,0,,362
Tim Robinson,Joël Veltman,Brighton,2,1,0,1,,152
Tim Robinson,Jordan Henderson,Brentford,1,0,0,0,,124
Tim Robinson,Jordan Pickford,Everton,1,0,0,0,,287
Tim Robinson,José Malheiro de Sá,Wolves,1,0,0,0,,628
Tim Robinson,Josh Cullen,Burnley,1,0,0,1,,205
Tim Robinson,Josh Laurent,Burnley,3,1,0,3,,209
Tim Robinson,Julio Soler Barreto,Bournemouth,1,,0,0,,80
Tim Robinson,Junior Kroupi,Bournemouth,1,,0,1,,100
Tim Robinson,Justin Kluivert,Bournemouth,1,,0,0,,81
Tim Robinson,Karl Darlow,Leeds,1,0,0,0,,341
Tim Robinson,Keane Lewis-Potter,Brentford,1,0,0,0,,107
Tim Robinson,Kevin Schade,Brentford,1,0,1,1,,120
Tim Robinson,Ki-Jana Hoever,Wolves,1,0,0,0,,638
Tim Robinson,Kiernan Dewsbury-Hall,Everton,1,0,0,1,,242
Tim Robinson,Konstantinos Mavropanos,West Ham,1,0,0,0,,606
Tim Robinson,Kristoffer Ajer,Brentford,1,1,0,4,,108
Tim Robinson,Kyle Walker,Burnley,3,1,0,4,,187
Tim Robinson,Kyle Walker-Peters,West Ham,1,0,0,0,,659
Tim Robinson,Ladislav Krejcí,Wolves,1,0,0,1,,709
Tim Robinson,Lamare Bogarde,Aston Villa,1,0,0,1,,44
Tim Robinson,Leon Bailey,Aston Villa,1,0,0,1,,49
Tim Robinson,Lesley Ugochukwu,Burnley,3,0,0,2,,676
Tim Robinson,Lewis Cook,Bournemouth,1,,1,0,,88
Tim Robinson,Lewis Dunk,Brighton,2,,0,0,,146
Tim Robinson,Lorenzo Lucca,Nott'm Forest,1,0,0,0,,805
Tim Robinson,Loum Tchaouna,Burnley,3,0,0,0,,210
Tim Robinson,Lucas Pires Silva,Burnley,2,0,0,1,,195
Tim Robinson,Lukas Nmecha,Leeds,1,0,0,0,,365
Tim Robinson,Lutsharel Geertruida,Sunderland,1,,0,0,,724
Tim Robinson,Lyle Foster,Burnley,1,0,0,2,,217
Tim Robinson,Mads Hermansen,West Ham,1,0,0,0,,679
Tim Robinson,Marcos Senesi Barón,Bournemouth,1,1,0,0,,72
Tim Robinson,Marcus Edwards,Burnley,1,0,0,1,,206
Tim Robinson,Marcus Tavernier,Bournemouth,1,1,0,0,,84
Tim Robinson,Mark Travers,Everton,1,0,0,0,,288
Tim Robinson,Marshall Munetsi,Wolves,1,0,0,1,,648
Tim Robinson,Martin Dúbravka,Burnley,3,0,0,0,,470
Tim Robinson,Mateus Gonçalo Espanha Fernandes,West Ham,1,0,0,2,,708
Tim Robinson,Mateus Mané,Wolves,2,0,0,1,,749
Tim Robinson,Mathias Jensen,Brentford,1,0,0,0,,126
Tim Robinson,Mats Wieffer,Brighton,1,,0,2,,173
Tim Robinson,Matt Doherty,Wolves,1,0,0,0,,632
Tim Robinson,Matty Cash,Aston Villa,1,0,0,1,,36
Tim Robinson,Matz Sels,Nott'm Forest,1,0,0,0,,502
Tim Robinson,Max Weiß,Burnley,1,0,0,0,,183
Tim Robinson,Maxence Lacroix,Crystal Palace,1,,0,0,,257
Tim Robinson,Maxim De Cuyper,Brighton,2,,0,0,,145
Tim Robinson,Maxime Estève,Burnley,2,0,0,1,,191
Tim Robinson,Maximilian Kilman,West Ham,1,0,0,0,,605
Tim Robinson,Merlin Röhl,Everton,1,0,0,0,,728
Tim Robinson,Michael Kayode,Brentford,1,1,0,1,,110
Tim Robinson,Michael Keane,Everton,1,0,0,0,,295
Tim Robinson,Milos Kerkez,Liverpool,1,0,0,1,,371
Tim Robinson,Mitoma Kaoru,Brighton,1,0,0,0,,157
Tim Robinson,Mohamadou Kanté,West Ham,1,0,0,0,,758
Tim Robinson,Mohamed Salah,Liverpool,1,0,0,0,,381
Tim Robinson,Morgan Gibbs-White,Nott'm Forest,2,0,0,1,,515
Tim Robinson,Morgan Rogers,Aston Villa,1,0,0,2,,47
Tim Robinson,Nathan Collins,Brentford,1,0,0,0,,106
Tim Robinson,Nathan Patterson,Everton,1,0,0,0,,296
Tim Robinson,Neco Williams,Nott'm Forest,2,0,0,1,,508
Tim Robinson,Nicolás Domínguez,Nott'm Forest,2,0,0,0,,519
Tim Robinson,Nicolò Savona,Nott'm Forest,1,0,0,2,,716
Tim Robinson,Nikola Milenković,Nott'm Forest,2,1,0,3,,505
Tim Robinson,Noah Sadiki,Sunderland,1,,0,1,,552
Tim Robinson,Norberto Bercique Gomes Betuncal,Everton,1,0,0,0,,311
Tim Robinson,Nordi Mukiele,Sunderland,1,1,0,1,,694
Tim Robinson,Ola Aina,Nott'm Forest,1,0,0,0,,507
Tim Robinson,Oliver Sonne,Burnley,1,0,0,1,,197
Tim Robinson,Ollie Scarles,West Ham,1,0,0,0,,608
Tim Robinson,Omar Alderete,Sunderland,1,1,0,2,,683
Tim Robinson,Omari Hutchinson,Nott'm Forest,2,0,0,4,,693
Tim Robinson,Pascal Groß,Brighton,1,0,0,3,,783
Tim Robinson,Pascal Struijk,Leeds,1,1,0,0,,343
Tim Robinson,Pau Torres,Aston Villa,1,0,0,0,,41
Tim Robinson,Pedro Cardoso de Lima,Wolves,1,0,0,0,,640
Tim Robinson,Quilindschy Hartman,Burnley,2,0,0,0,,192
Tim Robinson,Reinildo Mandava,Sunderland,1,,0,2,,541
Tim Robinson,Rico Henry,Brentford,1,0,0,0,,109
Tim Robinson,Rio Ngumoha,Liverpool,1,0,0,0,,686
Tim Robinson,Robin Roefs,Sunderland,1,1,0,0,,670
Tim Robinson,Rodrigo Martins Gomes,Wolves,1,0,0,1,,635
Tim Robinson,Romaine Mundle,Sunderland,1,1,0,3,,548
Tim Robinson,Ryan Gravenberch,Liverpool,1,0,0,1,,390
Tim Robinson,Ryan Yates,Nott'm Forest,2,0,0,0,,522
Tim Robinson,Sam Johnstone,Wolves,2,0,0,0,,627
Tim Robinson,Santiago Ignacio Bueno,Wolves,1,0,0,2,,636
Tim Robinson,Sean Longstaff,Leeds,1,0,0,0,,493
Tim Robinson,Sepp van den Berg,Brentford,1,0,0,0,,113
Tim Robinson,Simon Adingra,Sunderland,1,,0,0,,543
Tim Robinson,Soungoutou Magassa,West Ham,1,1,0,1,,718
Tim Robinson,Stefan Ortega Moreno,Nott'm Forest,1,0,0,0,,400
Tim Robinson,Stefanos Tzimas,Brighton,1,,0,0,,180
Tim Robinson,Taiwo Awoniyi,Nott'm Forest,1,0,0,0,,527
Tim Robinson,Tammy Abraham,Aston Villa,1,0,0,0,,808
Tim Robinson,Tanaka Ao,Leeds,1,0,0,0,,358
Tim Robinson,Thierno Barry,Everton,1,0,0,1,,310
Tim Robinson,Tim Iroegbunam,Everton,1,0,0,2,,304
Tim Robinson,Tolu Arokodare,Wolves,2,0,0,3,,720
Tim Robinson,Tom Edozie,Wolves,1,0,0,0,,651
Tim Robinson,Tom Watson,Brighton,1,0,0,1,,172
Tim Robinson,Tomáš Souček,West Ham,1,0,0,2,,613
Tim Robinson,Toti Gomes,Wolves,1,0,0,1,,637
Tim Robinson,Trai Hume,Sunderland,1,1,0,1,,532
Tim Robinson,Trey Nyoni,Liverpool,1,0,0,0,,396
Tim Robinson,Tyler Adams,Bournemouth,1,,0,0,,85
Tim Robinson,Tyler Dibling,Everton,1,0,0,0,,707
Tim Robinson,Tyrick Mitchell,Crystal Palace,1,,0,1,,258
Tim Robinson,Tyrique George,Everton,1,0,0,0,,243
Tim Robinson,Valentín Castellanos,West Ham,1,0,0,3,,791
Tim Robinson,Veljko Milosavljevic,Bournemouth,1,,0,0,,721
Tim Robinson,Virgil van Dijk,Liverpool,1,0,0,0,,373
Tim Robinson,Vitalii Mykolenko,Everton,1,0,0,0,,292
Tim Robinson,Vitaly Janelt,Brentford,1,1,0,0,,125
Tim Robinson,Will Dennis,Bournemouth,1,,0,0,,68
Tim Robinson,Will Hughes,Crystal Palace,1,,0,0,,270
Tim Robinson,Wilson Isidor,Sunderland,1,,0,1,,560
Tim Robinson,Yankuba Minteh,Brighton,1,,0,1,,160
Tim Robinson,Yasin Ayari,Brighton,2,,0,2,,166
Tim Robinson,Yehor Yarmoliuk,Brentford,1,0,0,0,,129
Tim Robinson,Yéremy Pino Santos,Crystal Palace,1,,0,0,,712
Tim Robinson,Yerson Mosquera Valdelamar,Wolves,2,1,0,3,,634
Tim Robinson,Zian Flemming,Burnley,1,0,0,2,,215
Tony Harrington,Aaron Hickey,Brentford,1,0,0,0,,116
Tony Harrington,Adam Aznou,Everton,1,0,0,0,,667
Tony Harrington,Adam Wharton,Crystal Palace,2,0,0,1,,273
Tony Harrington,Alphonse Areola,West Ham,2,,0,1,,600
Tony Harrington,Altay Bayındır,Man Utd,1,0,0,0,,431
Tony Harrington,Amad Diallo,Man Utd,1,0,0,1,,452
Tony Harrington,Amadou Onana,Aston Villa,1,1,0,1,,59
Tony Harrington,André Trindade da Costa Neto,Wolves,1,0,0,1,,643
Tony Harrington,Anton Stach,Leeds,1,0,0,2,,660
Tony Harrington,Antonee Robinson,Fulham,1,0,0,0,,316
Tony Harrington,Arnaud Kalimuendo,Nott'm Forest,1,0,0,0,,696
Tony Harrington,Arthur Masuaku,Sunderland,1,1,0,2,,678
Tony Harrington,Axel Tuanzebe,Burnley,1,0,0,1,,198
Tony Harrington,Ayden Heaven,Man Utd,1,0,0,0,,447
Tony Harrington,Benjamin White,Arsenal,1,0,0,1,,11
Tony Harrington,Bernardo Mota Veiga de Carvalho e Silva,Man City,1,0,0,0,,416
Tony Harrington,Bernd Leno,Fulham,1,0,0,0,,314
Tony Harrington,Bertrand Traoré,Sunderland,1,0,0,0,,735
Tony Harrington,Borna Sosa,Crystal Palace,1,0,0,1,,259
Tony Harrington,Boubacar Kamara,Aston Villa,1,0,0,0,,58
Tony Harrington,Brenden Aaronson,Leeds,1,0,0,0,,350
Tony Harrington,Brian Brobbey,Sunderland,2,0,0,0,,730
Tony Harrington,Bruno Borges Fernandes,Man Utd,1,0,0,0,,449
Tony Harrington,Bryan Mbeumo,Man Utd,1,1,0,1,,119
Tony Harrington,Bukayo Saka,Arsenal,1,0,0,0,,16
Tony Harrington,Callum Hudson-Odoi,Nott'm Forest,2,,0,0,,516
Tony Harrington,Callum Wilson,West Ham,1,0,0,1,,671
Tony Harrington,Caoimhín Kelleher,Brentford,2,1,0,0,,101
Tony Harrington,Carlos Alcaraz Durán,Everton,2,0,0,0,,301
Tony Harrington,Carlos Henrique Casimiro,Man Utd,1,1,0,2,,457
Tony Harrington,Chemsdine Talbi,Sunderland,1,0,0,0,,553
Tony Harrington,Chris Richards,Crystal Palace,1,0,0,0,,261
Tony Harrington,Chris Rigg,Sunderland,2,0,0,1,,551
Tony Harrington,Chris Wood,Nott'm Forest,1,0,0,0,,525
Tony Harrington,Christantus Uche,Crystal Palace,1,0,0,1,,732
Tony Harrington,Cristhian Mosquera,Arsenal,1,0,0,0,,662
Tony Harrington,Crysencio Summerville,West Ham,2,,0,4,,615
Tony Harrington,Daichi Kamada,Crystal Palace,1,0,0,0,,271
Tony Harrington,Dan Ndoye,Nott'm Forest,1,0,0,1,,669
Tony Harrington,Dango Ouattara,Brentford,2,0,0,4,,83
Tony Harrington,Daniel Ballard,Sunderland,1,0,0,0,,531
Tony Harrington,Daniel Muñoz Mejía,Crystal Palace,1,0,0,0,,256
Tony Harrington,David Møller Wolfe,Wolves,1,0,0,0,,682
Tony Harrington,David Raya Martín,Arsenal,1,0,0,0,,1
Tony Harrington,Dean Henderson,Crystal Palace,2,1,0,0,,253
Tony Harrington,Declan Rice,Arsenal,1,0,0,0,,21
Tony Harrington,Dennis Cirkin,Sunderland,1,0,0,0,,535
Tony Harrington,Dilane Bakwa,Nott'm Forest,2,,0,1,,734
Tony Harrington,Diogo Dalot Teixeira,Man Utd,1,0,0,0,,440
Tony Harrington,Dominic Calvert-Lewin,Leeds,1,0,0,0,,691
Tony Harrington,Donyell Malen,Aston Villa,1,0,0,0,,53
Tony Harrington,Dwight McNeil,Everton,3,1,0,2,,300
Tony Harrington,Eberechi Eze,Arsenal,1,0,0,1,,266
Tony Harrington,Eddie Nketiah,Crystal Palace,1,0,0,0,,284
Tony Harrington,El Hadji Malick Diouf,West Ham,1,1,0,1,,603
Tony Harrington,Eliezer Mayenda Dossou,Sunderland,1,0,0,0,,561
Tony Harrington,Elliot Anderson,Nott'm Forest,2,,0,5,,517
Tony Harrington,Emile Smith Rowe,Fulham,1,1,0,1,,325
Tony Harrington,Emiliano Buendía Stati,Aston Villa,2,0,0,4,,50
Tony Harrington,Emiliano Martínez Romero,Aston Villa,2,0,0,0,,32
Tony Harrington,Enzo Le Fée,Sunderland,2,0,0,1,,547
Tony Harrington,Erling Haaland,Man City,1,0,0,0,,430
Tony Harrington,Ethan Ampadu,Leeds,1,0,0,0,,354
Tony Harrington,Ethan Pinnock,Brentford,1,0,0,0,,111
Tony Harrington,Ezra Mayers,West Ham,1,,0,0,,747
Tony Harrington,Ezri Konsa Ngoyo,Aston Villa,1,0,0,0,,38
Tony Harrington,Felipe Rodrigues da Silva,Nott'm Forest,2,,0,1,,511
Tony Harrington,Florentino Ibrain Morris Luís,Burnley,1,0,0,3,,722
Tony Harrington,Frank Onyeka,Brentford,1,0,0,0,,128
Tony Harrington,Freddie Potts,West Ham,1,,0,0,,623
Tony Harrington,Gabriel Gudmundsson,Leeds,1,0,0,1,,347
Tony Harrington,Gabriel Martinelli Silva,Arsenal,1,0,0,1,,19
Tony Harrington,George Hemmings,Aston Villa,1,0,0,1,,754
Tony Harrington,Gianluigi Donnarumma,Man City,1,0,0,0,,736
Tony Harrington,Granit Xhaka,Sunderland,2,0,0,0,,668
Tony Harrington,Hannibal Mejbri,Burnley,1,0,0,0,,207
Tony Harrington,Harrison Armstrong,Everton,1,0,0,2,,305
Tony Harrington,Harrison Reed,Fulham,1,0,0,0,,336
Tony Harrington,Harry Wilson,Fulham,1,0,0,1,,329
Tony Harrington,Hjalmar Ekdal,Burnley,1,0,0,0,,190
Tony Harrington,Hugo Bueno López,Wolves,1,0,0,0,,633
Tony Harrington,Hwang Hee-chan,Wolves,1,0,0,0,,642
Tony Harrington,Ian Maatsen,Aston Villa,2,0,0,2,,39
Tony Harrington,Idrissa Gana Gueye,Everton,2,0,1,1,,302
Tony Harrington,Igor Jesus Maciel da Cruz,Nott'm Forest,2,,0,3,,526
Tony Harrington,Igor Thiago Nascimento Rodrigues,Brentford,2,0,0,2,,136
Tony Harrington,Iliman Ndiaye,Everton,2,0,0,2,,299
Tony Harrington,Jack Grealish,Everton,2,0,0,2,,419
Tony Harrington,Jackson Tchatchoua,Wolves,1,0,0,0,,695
Tony Harrington,Jacob Bruun Larsen,Burnley,1,0,0,0,,202
Tony Harrington,Jaidon Anthony,Burnley,1,0,0,1,,200
Tony Harrington,Jaka Bijol,Leeds,1,0,0,1,,344
Tony Harrington,Jake O'Brien,Everton,3,0,0,2,,293
Tony Harrington,James Garner,Everton,3,2,0,7,,303
Tony Harrington,James McAtee,Nott'm Forest,1,0,0,1,,426
Tony Harrington,James Tarkowski,Everton,3,0,0,5,,291
Tony Harrington,Jarrod Bowen,West Ham,2,,0,1,,624
Tony Harrington,Jaydee Canvot,Crystal Palace,1,0,0,1,,723
Tony Harrington,Jayden Bogle,Leeds,1,0,0,0,,342
Tony Harrington,Jean-Clair Todibo,West Ham,1,1,0,1,,609
Tony Harrington,Jean-Philippe Mateta,Crystal Palace,2,0,0,1,,283
Tony Harrington,Jean-Ricner Bellegarde,Wolves,1,1,0,1,,644
Tony Harrington,Jefferson Lerma Solís,Crystal Palace,2,1,0,2,,272
Tony Harrington,Jérémy Doku,Man City,1,0,0,2,,418
Tony Harrington,Jhon Arias,Wolves,1,0,0,0,,663
Tony Harrington,Joachim Andersen,Fulham,1,1,0,0,,317
Tony Harrington,João Victor Gomes da Silva,Wolves,1,0,0,1,,646
Tony Harrington,Joe Rodon,Leeds,1,0,0,0,,348
Tony Harrington,John McGinn,Aston Villa,2,0,0,1,,54
Tony Harrington,Jordan Henderson,Brentford,2,0,0,1,,124
Tony Harrington,Jordan Pickford,Everton,3,0,0,0,,287
Tony Harrington,Jorge Cuenca Barreno,Fulham,1,1,0,3,,321
Tony Harrington,Josh Cullen,Burnley,1,0,0,1,,205
Tony Harrington,Josh Laurent,Burnley,1,0,0,0,,209
Tony Harrington,Joshua Zirkzee,Man Utd,1,0,0,2,,466
Tony Harrington,Jurriën Timber,Arsenal,1,0,0,1,,8
Tony Harrington,Justin Devenny,Crystal Palace,2,0,0,1,,276
Tony Harrington,Keane Lewis-Potter,Brentford,2,0,0,0,,107
Tony Harrington,Kenny Tete,Fulham,1,0,0,0,,322
Tony Harrington,Kevin Santos Lopes de Macedo,Fulham,1,0,0,0,,731
Tony Harrington,Kevin Schade,Brentford,2,0,0,1,,120
Tony Harrington,Ki-Jana Hoever,Wolves,1,0,0,1,,638
Tony Harrington,Kiernan Dewsbury-Hall,Everton,2,0,0,1,,242
Tony Harrington,Kobbie Mainoo,Man Utd,1,0,0,1,,458
Tony Harrington,Konstantinos Mavropanos,West Ham,2,1,0,1,,606
Tony Harrington,Kristoffer Ajer,Brentford,2,0,0,4,,108
Tony Harrington,Kyle Walker,Burnley,1,0,0,0,,187
Tony Harrington,Kyle Walker-Peters,West Ham,2,1,0,1,,659
Tony Harrington,Ladislav Krejcí,Wolves,1,0,0,2,,709
Tony Harrington,Lamare Bogarde,Aston Villa,2,2,0,4,,44
Tony Harrington,Leny Yoro,Man Utd,1,0,0,2,,444
Tony Harrington,Lesley Ugochukwu,Burnley,1,0,0,0,,676
Tony Harrington,Lucas Digne,Aston Villa,2,0,0,0,,37
Tony Harrington,Lucas Estella Perri,Leeds,1,0,0,0,,665
Tony Harrington,Lucas Tolentino Coelho de Lima,West Ham,2,,0,4,,612
Tony Harrington,Luis Guilherme Lira dos Santos,West Ham,1,0,0,0,,619
Tony Harrington,Lukas Nmecha,Leeds,1,0,0,1,,365
Tony Harrington,Luke Shaw,Man Utd,1,0,0,1,,443
Tony Harrington,Lutsharel Geertruida,Sunderland,2,0,0,1,,724
Tony Harrington,Lyle Foster,Burnley,1,0,0,0,,217
Tony Harrington,Manuel Ugarte Ribeiro,Man Utd,1,0,0,0,,459
Tony Harrington,Mark Travers,Everton,1,0,0,0,,288
Tony Harrington,Marshall Munetsi,Wolves,1,0,0,3,,648
Tony Harrington,Martin Dúbravka,Burnley,1,0,0,0,,470
Tony Harrington,Martin Ødegaard,Arsenal,1,0,0,0,,17
Tony Harrington,Martín Zubimendi Ibáñez,Arsenal,1,0,0,0,,26
Tony Harrington,Mason Mount,Man Utd,1,0,0,0,,455
Tony Harrington,Mateo Kovačić,Man City,1,0,0,0,,422
Tony Harrington,Mateus Gonçalo Espanha Fernandes,West Ham,2,,0,0,,708
Tony Harrington,Matheus Nunes,Man City,1,0,0,0,,407
Tony Harrington,Mathias Jensen,Brentford,2,0,0,1,,126
Tony Harrington,Matthijs de Ligt,Man Utd,1,0,0,0,,436
Tony Harrington,Matty Cash,Aston Villa,2,0,0,2,,36
Tony Harrington,Matz Sels,Nott'm Forest,2,,0,0,,502
Tony Harrington,Maxence Lacroix,Crystal Palace,2,0,0,0,,257
Tony Harrington,Maxime Estève,Burnley,1,0,0,0,,191
Tony Harrington,Maximilian Kilman,West Ham,1,1,0,1,,605
Tony Harrington,Merlin Röhl,Everton,2,0,0,2,,728
Tony Harrington,Michael Kayode,Brentford,2,0,0,2,,110
Tony Harrington,Michael Keane,Everton,2,0,0,1,,295
Tony Harrington,Mikel Merino Zazón,Arsenal,1,0,0,0,,22
Tony Harrington,Mikkel Damsgaard,Brentford,2,0,0,0,,121
Tony Harrington,Morgan Gibbs-White,Nott'm Forest,2,,0,1,,515
Tony Harrington,Morgan Rogers,Aston Villa,2,0,0,4,,47
Tony Harrington,Murillo Costa dos Santos,Nott'm Forest,1,,0,1,,506
Tony Harrington,Nathan Aké,Man City,1,0,0,0,,405
Tony Harrington,Nathan Collins,Brentford,2,0,0,1,,106
Tony Harrington,Nathan Patterson,Everton,1,0,0,0,,296
Tony Harrington,Nathaniel Clyne,Crystal Palace,1,0,0,0,,263
Tony Harrington,Neco Williams,Nott'm Forest,2,,0,2,,508
Tony Harrington,Niclas Füllkrug,West Ham,1,0,0,3,,625
Tony Harrington,Nico González Iglesias,Man City,1,0,0,1,,423
Tony Harrington,Nico O'Reilly,Man City,1,0,0,1,,411
Tony Harrington,Nicolás Domínguez,Nott'm Forest,2,,0,2,,519
Tony Harrington,Nikola Milenković,Nott'm Forest,2,,0,0,,505
Tony Harrington,Noah Okafor,Leeds,1,0,0,3,,698
Tony Harrington,Noah Sadiki,Sunderland,1,1,0,1,,552
Tony Harrington,Noni Madueke,Arsenal,1,0,0,1,,18
Tony Harrington,Norberto Bercique Gomes Betuncal,Everton,3,0,0,2,,311
Tony Harrington,Nordi Mukiele,Sunderland,2,0,0,2,,694
Tony Harrington,Noussair Mazraoui,Man Utd,1,0,0,0,,438
Tony Harrington,Ola Aina,Nott'm Forest,1,,0,1,,507
Tony Harrington,Oleksandr Zinchenko,Nott'm Forest,1,0,0,0,,12
Tony Harrington,Ollie Scarles,West Ham,1,,0,0,,608
Tony Harrington,Ollie Watkins,Aston Villa,2,0,0,1,,64
Tony Harrington,Omar Alderete,Sunderland,2,0,0,0,,683
Tony Harrington,Omari Hutchinson,Nott'm Forest,2,,0,1,,693
Tony Harrington,Pablo Felipe Pereira de Jesus,West Ham,1,,0,2,,785
Tony Harrington,Pascal Struijk,Leeds,1,0,0,0,,343
Tony Harrington,Patrick Dorgu,Man Utd,1,0,0,2,,441
Tony Harrington,Pau Torres,Aston Villa,2,0,0,0,,41
Tony Harrington,Phil Foden,Man City,1,0,0,1,,414
Tony Harrington,Piero Hincapié,Arsenal,1,0,0,1,,725
Tony Harrington,Quilindschy Hartman,Burnley,1,0,0,0,,192
Tony Harrington,Raúl Jiménez Rodríguez,Fulham,1,0,0,0,,337
Tony Harrington,Rayan Cherki,Man City,1,0,0,0,,417
Tony Harrington,Riccardo Calafiori,Arsenal,1,0,0,1,,7
Tony Harrington,Rico Henry,Brentford,2,0,0,1,,109
Tony Harrington,Rico Lewis,Man City,1,0,0,0,,410
Tony Harrington,Robin Roefs,Sunderland,2,0,0,0,,670
Tony Harrington,Rodrigo Martins Gomes,Wolves,1,0,0,1,,635
Tony Harrington,Romain Esse,Crystal Palace,1,0,0,0,,269
Tony Harrington,Romaine Mundle,Sunderland,1,0,0,0,,548
Tony Harrington,Rúben dos Santos Gato Alves Dias,Man City,1,0,0,1,,408
Tony Harrington,Sam Johnstone,Wolves,1,0,0,0,,627
Tony Harrington,Sander Berge,Fulham,1,0,0,1,,330
Tony Harrington,Santiago Ignacio Bueno,Wolves,1,0,0,1,,636
Tony Harrington,Saša Lukić,Fulham,1,0,0,3,,332
Tony Harrington,Sávio Moreira de Oliveira,Man City,1,0,0,1,,415
Tony Harrington,Séamus Coleman,Everton,1,0,0,0,,294
Tony Harrington,Senne Lammens,Man Utd,1,0,0,0,,733
Tony Harrington,Sepp van den Berg,Brentford,2,0,0,1,,113
Tony Harrington,Simon Adingra,Sunderland,2,0,0,0,,543
Tony Harrington,Soungoutou Magassa,West Ham,1,0,0,1,,718
Tony Harrington,Tanaka Ao,Leeds,1,0,0,1,,358
Tony Harrington,Thierno Barry,Everton,3,0,0,1,,310
Tony Harrington,Tijjani Reijnders,Man City,1,0,0,1,,427
Tony Harrington,Tim Iroegbunam,Everton,2,0,0,0,,304
Tony Harrington,Timothy Castagne,Fulham,1,1,0,1,,319
Tony Harrington,Tolu Arokodare,Wolves,1,0,0,0,,720
Tony Harrington,Tom Cairney,Fulham,1,1,0,0,,331
Tony Harrington,Tom King,Everton,1,0,0,0,,630
Tony Harrington,Tomáš Souček,West Ham,1,,0,3,,613
Tony Harrington,Trai Hume,Sunderland,2,1,0,4,,532
Tony Harrington,Tyler Dibling,Everton,2,1,0,1,,707
Tony Harrington,Tyrell Malacia,Man Utd,1,0,0,0,,448
Tony Harrington,Tyrick Mitchell,Crystal Palace,2,1,0,2,,258
Tony Harrington,Tyrone Mings,Aston Villa,1,0,0,1,,40
Tony Harrington,Valentín Castellanos,West Ham,1,,0,2,,791
Tony Harrington,Viktor Gyökeres,Arsenal,1,0,0,0,,666
Tony Harrington,Vitalii Mykolenko,Everton,3,0,0,5,,292
Tony Harrington,Vitaly Janelt,Brentford,1,0,0,0,,125
Tony Harrington,Wilfried Gnonto,Leeds,1,0,0,0,,351
Tony Harrington,Will Hughes,Crystal Palace,2,0,0,1,,270
Tony Harrington,Wilson Isidor,Sunderland,2,0,0,1,,560
Tony Harrington,Yehor Yarmoliuk,Brentford,2,1,0,2,,129
Tony Harrington,Yéremy Pino Santos,Crystal Palace,2,0,0,1,,712
Tony Harrington,Youri Tielemans,Aston Villa,2,0,0,2,,48
Tony Harrington,Zian Flemming,Burnley,1,0,0,1,,215
