gameweek,match_id,player_id,player_name_source,minute,added_time,card_type,yellow_card,red_card
1,25-26-prem-aston-villa-vs-newcastle-united,490,Joelinton,45,,yellow,1,0
1,25-26-prem-aston-villa-vs-newcastle-united,58,Kamara,58,,yellow,1,0
1,25-26-prem-aston-villa-vs-newcastle-united,38,Konsa,66,,red,0,1
1,25-26-prem-brighton-hove-albion-vs-fulham,318,Bassey,31,,yellow,1,0
1,25-26-prem-brighton-hove-albion-vs-fulham,157,K. Mitoma,60,,yellow,1,0
1,25-26-prem-brighton-hove-albion-vs-fulham,148,F.Kadıoğlu,73,,yellow,1,0
1,25-26-prem-brighton-hove-albion-vs-fulham,169,Gomez,78,,yellow,1,0
1,25-26-prem-brighton-hove-albion-vs-fulham,338,Muniz,90,8,yellow,1,0
1,25-26-prem-brighton-hove-albion-vs-fulham,331,Cairney,90,3,yellow,1,0
1,25-26-prem-chelsea-vs-crystal-palace,225,James,24,,yellow,1,0
1,25-26-prem-chelsea-vs-crystal-palace,256,Muñoz,28,,yellow,1,0
1,25-26-prem-chelsea-vs-crystal-palace,283,Mateta,33,,yellow,1,0
1,25-26-prem-chelsea-vs-crystal-palace,270,Hughes,49,,yellow,1,0
1,25-26-prem-chelsea-vs-crystal-palace,238,Estêvão,74,,yellow,1,0
1,25-26-prem-leeds-united-vs-everton,304,Iroegbunam,56,,yellow,1,0
1,25-26-prem-leeds-united-vs-everton,301,Alcaraz,63,,yellow,1,0
1,25-26-prem-liverpool-vs-afc-bournemouth,86,Brooks,14,,yellow,1,0
1,25-26-prem-liverpool-vs-afc-bournemouth,371,Kerkez,43,,yellow,1,0
1,25-26-prem-liverpool-vs-afc-bournemouth,97,Evanilson,81,,yellow,1,0
1,25-26-prem-manchester-united-vs-arsenal,7,Calafiori,42,,yellow,1,0
1,25-26-prem-manchester-united-vs-arsenal,1,Raya,85,,yellow,1,0
1,25-26-prem-manchester-united-vs-arsenal,441,Dorgu,85,,yellow,1,0
1,25-26-prem-manchester-united-vs-arsenal,10,Lewis-Skelly,90,3,yellow,1,0
1,25-26-prem-manchester-united-vs-arsenal,8,J.Timber,90,1,yellow,1,0
1,25-26-prem-nottingham-forest-vs-brentford,106,Collins,52,,yellow,1,0
1,25-26-prem-nottingham-forest-vs-brentford,508,N.Williams,53,,yellow,1,0
1,25-26-prem-nottingham-forest-vs-brentford,116,Hickey,90,,yellow,1,0
1,25-26-prem-sunderland-vs-west-ham-united,605,Kilman,70,,yellow,1,0
1,25-26-prem-wolverhampton-wanderers-vs-manchester-city,427,Reijnders,54,,yellow,1,0
1,25-26-prem-wolverhampton-wanderers-vs-manchester-city,632,Doherty,67,,yellow,1,0
1,25-26-prem-wolverhampton-wanderers-vs-manchester-city,411,O'Reilly,81,,yellow,1,0
2,25-26-prem-afc-bournemouth-vs-wolverhampton-wanderers,637,Toti,9,,yellow,1,0
2,25-26-prem-afc-bournemouth-vs-wolverhampton-wanderers,637,Toti,49,,red,0,1
2,25-26-prem-afc-bournemouth-vs-wolverhampton-wanderers,85,Adams,58,,yellow,1,0
2,25-26-prem-afc-bournemouth-vs-wolverhampton-wanderers,633,H.Bueno,63,,yellow,1,0
2,25-26-prem-afc-bournemouth-vs-wolverhampton-wanderers,90,Scott,63,,yellow,1,0
2,25-26-prem-afc-bournemouth-vs-wolverhampton-wanderers,632,Doherty,84,,yellow,1,0
2,25-26-prem-afc-bournemouth-vs-wolverhampton-wanderers,646,J.Gomes,85,,yellow,1,0
2,25-26-prem-arsenal-vs-leeds-united,342,Bogle,9,,yellow,1,0
2,25-26-prem-arsenal-vs-leeds-united,347,Gudmundsson,80,,yellow,1,0
2,25-26-prem-brentford-vs-aston-villa,101,Kelleher,55,,yellow,1,0
2,25-26-prem-brentford-vs-aston-villa,59,Onana,57,,yellow,1,0
2,25-26-prem-brentford-vs-aston-villa,44,Bogarde,84,,yellow,1,0
2,25-26-prem-burnley-vs-sunderland,543,Adingra,19,,yellow,1,0
2,25-26-prem-crystal-palace-vs-nottingham-forest,257,Lacroix,14,,yellow,1,0
2,25-26-prem-crystal-palace-vs-nottingham-forest,502,Sels,53,,yellow,1,0
2,25-26-prem-crystal-palace-vs-nottingham-forest,258,Mitchell,54,,yellow,1,0
2,25-26-prem-crystal-palace-vs-nottingham-forest,507,Aina,68,,yellow,1,0
2,25-26-prem-crystal-palace-vs-nottingham-forest,270,Hughes,87,,yellow,1,0
2,25-26-prem-crystal-palace-vs-nottingham-forest,506,Murillo,90,2,yellow,1,0
2,25-26-prem-everton-vs-brighton-hove-albion,145,De Cuyper,28,,yellow,1,0
2,25-26-prem-everton-vs-brighton-hove-albion,304,Iroegbunam,39,,yellow,1,0
2,25-26-prem-everton-vs-brighton-hove-albion,173,Wieffer,40,,yellow,1,0
2,25-26-prem-everton-vs-brighton-hove-albion,303,Garner,63,,yellow,1,0
2,25-26-prem-everton-vs-brighton-hove-albion,242,Dewsbury-Hall,89,,yellow,1,0
2,25-26-prem-everton-vs-brighton-hove-albion,311,Beto,90,5,yellow,1,0
2,25-26-prem-everton-vs-brighton-hove-albion,148,F.Kadıoğlu,90,1,yellow,1,0
2,25-26-prem-fulham-vs-manchester-united,457,Casemiro,39,,yellow,1,0
2,25-26-prem-fulham-vs-manchester-united,332,Lukić,86,,yellow,1,0
2,25-26-prem-manchester-city-vs-tottenham-hotspur,580,Johnson,34,,yellow,1,0
2,25-26-prem-manchester-city-vs-tottenham-hotspur,569,Romero,68,,yellow,1,0
2,25-26-prem-manchester-city-vs-tottenham-hotspur,597,Richarlison,71,,yellow,1,0
2,25-26-prem-manchester-city-vs-tottenham-hotspur,423,N.Gonzalez,71,,yellow,1,0
2,25-26-prem-manchester-city-vs-tottenham-hotspur,568,Pedro Porro,81,,yellow,1,0
2,25-26-prem-newcastle-united-vs-liverpool,390,Gravenberch,8,,yellow,1,0
2,25-26-prem-newcastle-united-vs-liverpool,374,Konaté,25,,yellow,1,0
2,25-26-prem-newcastle-united-vs-liverpool,476,Burn,44,,yellow,1,0
2,25-26-prem-newcastle-united-vs-liverpool,485,Gordon,45,3,red,0,1
2,25-26-prem-newcastle-united-vs-liverpool,488,Bruno G.,47,,yellow,1,0
2,25-26-prem-newcastle-united-vs-liverpool,375,Bradley,87,,yellow,1,0
2,25-26-prem-west-ham-united-vs-chelsea,672,Hato,87,,yellow,1,0
3,25-26-prem-aston-villa-vs-crystal-palace,36,Cash,13,,yellow,1,0
3,25-26-prem-aston-villa-vs-crystal-palace,33,M.Bizot,20,,yellow,1,0
3,25-26-prem-aston-villa-vs-crystal-palace,283,Mateta,22,,yellow,1,0
3,25-26-prem-aston-villa-vs-crystal-palace,270,Hughes,52,,yellow,1,0
3,25-26-prem-aston-villa-vs-crystal-palace,267,Sarr,87,,yellow,1,0
3,25-26-prem-brighton-hove-albion-vs-manchester-city,151,Van Hecke,16,,yellow,1,0
3,25-26-prem-brighton-hove-albion-vs-manchester-city,406,Khusanov,63,,yellow,1,0
3,25-26-prem-brighton-hove-albion-vs-manchester-city,402,Aït-Nouri,69,,yellow,1,0
3,25-26-prem-brighton-hove-albion-vs-manchester-city,152,Veltman,77,,yellow,1,0
3,25-26-prem-chelsea-vs-fulham,241,Caicedo,38,,yellow,1,0
3,25-26-prem-chelsea-vs-fulham,324,Iwobi,73,,yellow,1,0
3,25-26-prem-chelsea-vs-fulham,332,Lukić,90,6,yellow,1,0
3,25-26-prem-chelsea-vs-fulham,246,Andrey Santos,90,3,yellow,1,0
3,25-26-prem-leeds-united-vs-newcastle-united,469,Pope,36,,yellow,1,0
3,25-26-prem-leeds-united-vs-newcastle-united,351,Gnonto,40,,yellow,1,0
3,25-26-prem-liverpool-vs-arsenal,390,Gravenberch,29,,yellow,1,0
3,25-26-prem-liverpool-vs-arsenal,666,Gyökeres,66,,yellow,1,0
3,25-26-prem-liverpool-vs-arsenal,26,Zubimendi,81,,yellow,1,0
3,25-26-prem-liverpool-vs-arsenal,392,W. Endo,90,8,yellow,1,0
3,25-26-prem-manchester-united-vs-burnley,449,B.Fernandes,76,,yellow,1,0
3,25-26-prem-manchester-united-vs-burnley,210,Tchaouna,89,,yellow,1,0
3,25-26-prem-manchester-united-vs-burnley,187,Walker,90,7,yellow,1,0
3,25-26-prem-manchester-united-vs-burnley,209,Laurent,90,7,yellow,1,0
3,25-26-prem-manchester-united-vs-burnley,217,Foster,90,6,yellow,1,0
3,25-26-prem-manchester-united-vs-burnley,200,Anthony,90,4,yellow,1,0
3,25-26-prem-sunderland-vs-brentford,541,Reinildo,57,,yellow,1,0
3,25-26-prem-sunderland-vs-brentford,544,Diarra,58,,yellow,1,0
3,25-26-prem-sunderland-vs-brentford,136,Thiago,61,,yellow,1,0
3,25-26-prem-sunderland-vs-brentford,109,Henry,80,,yellow,1,0
3,25-26-prem-sunderland-vs-brentford,668,Xhaka,90,4,yellow,1,0
3,25-26-prem-tottenham-hotspur-vs-afc-bournemouth,82,Semenyo,12,,yellow,1,0
3,25-26-prem-tottenham-hotspur-vs-afc-bournemouth,575,Van de Ven,14,,yellow,1,0
3,25-26-prem-tottenham-hotspur-vs-afc-bournemouth,573,Spence,65,,yellow,1,0
3,25-26-prem-tottenham-hotspur-vs-afc-bournemouth,67,Petrović,72,,yellow,1,0
3,25-26-prem-tottenham-hotspur-vs-afc-bournemouth,85,Adams,88,,yellow,1,0
3,25-26-prem-tottenham-hotspur-vs-afc-bournemouth,77,Hill,90,7,yellow,1,0
3,25-26-prem-wolverhampton-wanderers-vs-everton,242,Dewsbury-Hall,16,,yellow,1,0
4,25-26-prem-afc-bournemouth-vs-brighton-hove-albion,146,Dunk,30,,yellow,1,0
4,25-26-prem-afc-bournemouth-vs-brighton-hove-albion,86,Brooks,31,,yellow,1,0
4,25-26-prem-afc-bournemouth-vs-brighton-hove-albion,72,Senesi,36,,yellow,1,0
4,25-26-prem-afc-bournemouth-vs-brighton-hove-albion,85,Adams,45,5,yellow,1,0
4,25-26-prem-afc-bournemouth-vs-brighton-hove-albion,158,Georginio,57,,yellow,1,0
4,25-26-prem-afc-bournemouth-vs-brighton-hove-albion,170,Milner,63,,yellow,1,0
4,25-26-prem-afc-bournemouth-vs-brighton-hove-albion,167,Baleba,73,,yellow,1,0
4,25-26-prem-afc-bournemouth-vs-brighton-hove-albion,713,A.Jimenez,90,6,yellow,1,0
4,25-26-prem-arsenal-vs-nottingham-forest,7,Calafiori,61,,yellow,1,0
4,25-26-prem-arsenal-vs-nottingham-forest,508,N.Williams,78,,yellow,1,0
4,25-26-prem-brentford-vs-chelsea,136,Thiago,8,,yellow,1,0
4,25-26-prem-brentford-vs-chelsea,672,Hato,30,,yellow,1,0
4,25-26-prem-brentford-vs-chelsea,129,Yarmoliuk,64,,yellow,1,0
4,25-26-prem-brentford-vs-chelsea,111,Pinnock,82,,yellow,1,0
4,25-26-prem-brentford-vs-chelsea,243,George,90,1,yellow,1,0
4,25-26-prem-burnley-vs-liverpool,676,Ugochukwu,16,,yellow,1,0
4,25-26-prem-burnley-vs-liverpool,371,Kerkez,22,,yellow,1,0
4,25-26-prem-burnley-vs-liverpool,375,Bradley,75,,yellow,1,0
4,25-26-prem-burnley-vs-liverpool,676,Ugochukwu,84,,yellowRed,1,1
4,25-26-prem-crystal-palace-vs-sunderland,256,Muñoz,14,,yellow,1,0
4,25-26-prem-crystal-palace-vs-sunderland,670,Roefs,77,,yellow,1,0
4,25-26-prem-everton-vs-aston-villa,36,Cash,34,,yellow,1,0
4,25-26-prem-everton-vs-aston-villa,304,Iroegbunam,45,1,yellow,1,0
4,25-26-prem-everton-vs-aston-villa,37,Digne,57,,yellow,1,0
4,25-26-prem-everton-vs-aston-villa,242,Dewsbury-Hall,65,,yellow,1,0
4,25-26-prem-everton-vs-aston-villa,419,Grealish,69,,yellow,1,0
4,25-26-prem-everton-vs-aston-villa,50,Buendía,70,,yellow,1,0
4,25-26-prem-fulham-vs-leeds-united,660,Stach,11,,yellow,1,0
4,25-26-prem-fulham-vs-leeds-united,698,Okafor,64,,yellow,1,0
4,25-26-prem-fulham-vs-leeds-united,330,Berge,79,,yellow,1,0
4,25-26-prem-newcastle-united-vs-wolverhampton-wanderers,709,Krejčí,7,,yellow,1,0
4,25-26-prem-newcastle-united-vs-wolverhampton-wanderers,643,André,31,,yellow,1,0
4,25-26-prem-newcastle-united-vs-wolverhampton-wanderers,648,Munetsi,67,,yellow,1,0
4,25-26-prem-newcastle-united-vs-wolverhampton-wanderers,646,J.Gomes,68,,yellow,1,0
4,25-26-prem-newcastle-united-vs-wolverhampton-wanderers,488,Bruno G.,88,,yellow,1,0
4,25-26-prem-west-ham-united-vs-tottenham-hotspur,573,Spence,52,,yellow,1,0
4,25-26-prem-west-ham-united-vs-tottenham-hotspur,613,Souček,54,,red,0,1
5,25-26-prem-afc-bournemouth-vs-newcastle-united,713,A.Jimenez,45,3,yellow,1,0
5,25-26-prem-afc-bournemouth-vs-newcastle-united,685,Diakité,74,,yellow,1,0
5,25-26-prem-afc-bournemouth-vs-newcastle-united,684,Thiaw,77,,yellow,1,0
5,25-26-prem-arsenal-vs-manchester-city,416,Bernardo,36,,yellow,1,0
5,25-26-prem-arsenal-vs-manchester-city,8,J.Timber,46,,yellow,1,0
5,25-26-prem-arsenal-vs-manchester-city,736,Donnarumma,77,,yellow,1,0
5,25-26-prem-brighton-hove-albion-vs-tottenham-hotspur,582,Kudus,46,,yellow,1,0
5,25-26-prem-brighton-hove-albion-vs-tottenham-hotspur,169,Gomez,73,,yellow,1,0
5,25-26-prem-brighton-hove-albion-vs-tottenham-hotspur,569,Romero,88,,yellow,1,0
5,25-26-prem-burnley-vs-nottingham-forest,722,Florentino,16,,yellow,1,0
5,25-26-prem-burnley-vs-nottingham-forest,511,Morato,90,2,yellow,1,0
5,25-26-prem-fulham-vs-brentford,335,King,43,,yellow,1,0
5,25-26-prem-fulham-vs-brentford,332,Lukić,53,,yellow,1,0
5,25-26-prem-fulham-vs-brentford,106,Collins,69,,yellow,1,0
5,25-26-prem-fulham-vs-brentford,314,Leno,81,,yellow,1,0
5,25-26-prem-fulham-vs-brentford,731,Kevin,90,3,yellow,1,0
5,25-26-prem-liverpool-vs-everton,299,Ndiaye,28,,yellow,1,0
5,25-26-prem-liverpool-vs-everton,387,Szoboszlai,69,,yellow,1,0
5,25-26-prem-liverpool-vs-everton,242,Dewsbury-Hall,78,,yellow,1,0
5,25-26-prem-liverpool-vs-everton,382,Wirtz,82,,yellow,1,0
5,25-26-prem-liverpool-vs-everton,419,Grealish,90,4,yellow,1,0
5,25-26-prem-manchester-united-vs-chelsea,220,Sánchez,5,,red,0,1
5,25-26-prem-manchester-united-vs-chelsea,457,Casemiro,17,,yellow,1,0
5,25-26-prem-manchester-united-vs-chelsea,224,Cucurella,44,,yellow,1,0
5,25-26-prem-manchester-united-vs-chelsea,457,Casemiro,45,5,yellowRed,1,1
5,25-26-prem-manchester-united-vs-chelsea,237,Enzo,48,,yellow,1,0
5,25-26-prem-manchester-united-vs-chelsea,226,Chalobah,50,,yellow,1,0
5,25-26-prem-manchester-united-vs-chelsea,243,George,72,,yellow,1,0
5,25-26-prem-manchester-united-vs-chelsea,232,Tosin,90,6,yellow,1,0
5,25-26-prem-sunderland-vs-aston-villa,541,Reinildo,33,,red,0,1
5,25-26-prem-sunderland-vs-aston-villa,39,Maatsen,63,,yellow,1,0
5,25-26-prem-sunderland-vs-aston-villa,552,Sadiki,74,,yellow,1,0
5,25-26-prem-sunderland-vs-aston-villa,668,Xhaka,88,,yellow,1,0
5,25-26-prem-west-ham-united-vs-crystal-palace,258,Mitchell,40,,yellow,1,0
5,25-26-prem-west-ham-united-vs-crystal-palace,605,Kilman,45,1,yellow,1,0
5,25-26-prem-west-ham-united-vs-crystal-palace,624,Bowen,57,,yellow,1,0
5,25-26-prem-west-ham-united-vs-crystal-palace,612,L.Paquetá,74,,yellow,1,0
5,25-26-prem-west-ham-united-vs-crystal-palace,603,Diouf,82,,yellow,1,0
5,25-26-prem-west-ham-united-vs-crystal-palace,253,Henderson,90,3,yellow,1,0
5,25-26-prem-west-ham-united-vs-crystal-palace,272,Lerma,90,1,yellow,1,0
5,25-26-prem-wolverhampton-wanderers-vs-leeds-united,645,Fer López,12,,yellow,1,0
5,25-26-prem-wolverhampton-wanderers-vs-leeds-united,342,Bogle,41,,yellow,1,0
6,25-26-prem-aston-villa-vs-fulham,335,King,22,,yellow,1,0
6,25-26-prem-aston-villa-vs-fulham,332,Lukić,34,,yellow,1,0
6,25-26-prem-aston-villa-vs-fulham,54,McGinn,45,5,yellow,1,0
6,25-26-prem-aston-villa-vs-fulham,329,Wilson,45,1,yellow,1,0
6,25-26-prem-aston-villa-vs-fulham,318,Bassey,55,,yellow,1,0
6,25-26-prem-brentford-vs-manchester-united,449,B.Fernandes,55,,yellow,1,0
6,25-26-prem-brentford-vs-manchester-united,106,Collins,72,,yellow,1,0
6,25-26-prem-brentford-vs-manchester-united,120,Schade,80,,yellow,1,0
6,25-26-prem-brentford-vs-manchester-united,441,Dorgu,84,,yellow,1,0
6,25-26-prem-chelsea-vs-brighton-hove-albion,152,Veltman,9,,yellow,1,0
6,25-26-prem-chelsea-vs-brighton-hove-albion,224,Cucurella,42,,yellow,1,0
6,25-26-prem-chelsea-vs-brighton-hove-albion,226,Chalobah,53,,red,0,1
6,25-26-prem-chelsea-vs-brighton-hove-albion,173,Wieffer,64,,yellow,1,0
6,25-26-prem-chelsea-vs-brighton-hove-albion,225,James,66,,yellow,1,0
6,25-26-prem-chelsea-vs-brighton-hove-albion,229,B.Badiashile,89,,yellow,1,0
6,25-26-prem-chelsea-vs-brighton-hove-albion,151,Van Hecke,89,,yellow,1,0
6,25-26-prem-chelsea-vs-brighton-hove-albion,178,Welbeck,90,11,yellow,1,0
6,25-26-prem-chelsea-vs-brighton-hove-albion,146,Dunk,90,,yellow,1,0
6,25-26-prem-crystal-palace-vs-liverpool,374,Konaté,26,,yellow,1,0
6,25-26-prem-crystal-palace-vs-liverpool,373,Virgil,61,,yellow,1,0
6,25-26-prem-crystal-palace-vs-liverpool,385,Chiesa,77,,yellow,1,0
6,25-26-prem-crystal-palace-vs-liverpool,284,Nketiah,78,,yellow,1,0
6,25-26-prem-everton-vs-west-ham-united,291,Tarkowski,24,,yellow,1,0
6,25-26-prem-everton-vs-west-ham-united,659,Walker-Peters,33,,yellow,1,0
6,25-26-prem-everton-vs-west-ham-united,718,S.Magassa,48,,yellow,1,0
6,25-26-prem-everton-vs-west-ham-united,605,Kilman,64,,yellow,1,0
6,25-26-prem-everton-vs-west-ham-united,606,Mavropanos,82,,yellow,1,0
6,25-26-prem-everton-vs-west-ham-united,292,Mykolenko,87,,yellow,1,0
6,25-26-prem-everton-vs-west-ham-united,242,Dewsbury-Hall,90,,yellow,1,0
6,25-26-prem-leeds-united-vs-afc-bournemouth,713,A.Jimenez,12,,yellow,1,0
6,25-26-prem-leeds-united-vs-afc-bournemouth,350,Aaronson,70,,yellow,1,0
6,25-26-prem-leeds-united-vs-afc-bournemouth,100,E. J. Kroupi,90,3,yellow,1,0
6,25-26-prem-leeds-united-vs-afc-bournemouth,354,Ampadu,90,2,yellow,1,0
6,25-26-prem-manchester-city-vs-burnley,192,Hartman,27,,yellow,1,0
6,25-26-prem-manchester-city-vs-burnley,187,Walker,30,,yellow,1,0
6,25-26-prem-manchester-city-vs-burnley,200,Anthony,63,,yellow,1,0
6,25-26-prem-manchester-city-vs-burnley,414,Foden,83,,yellow,1,0
6,25-26-prem-newcastle-united-vs-arsenal,7,Calafiori,56,,yellow,1,0
6,25-26-prem-newcastle-united-vs-arsenal,490,Joelinton,83,,yellow,1,0
6,25-26-prem-newcastle-united-vs-arsenal,476,Burn,88,,yellow,1,0
6,25-26-prem-nottingham-forest-vs-sunderland,552,Sadiki,9,,yellow,1,0
6,25-26-prem-nottingham-forest-vs-sunderland,678,Masuaku,31,,yellow,1,0
6,25-26-prem-nottingham-forest-vs-sunderland,519,Dominguez,36,,yellow,1,0
6,25-26-prem-nottingham-forest-vs-sunderland,505,Milenković,38,,yellow,1,0
6,25-26-prem-nottingham-forest-vs-sunderland,508,N.Williams,49,,yellow,1,0
6,25-26-prem-nottingham-forest-vs-sunderland,517,Anderson,82,,yellow,1,0
6,25-26-prem-tottenham-hotspur-vs-wolverhampton-wanderers,717,Xavi,32,,yellow,1,0
6,25-26-prem-tottenham-hotspur-vs-wolverhampton-wanderers,632,Doherty,35,,yellow,1,0
6,25-26-prem-tottenham-hotspur-vs-wolverhampton-wanderers,646,J.Gomes,39,,yellow,1,0
6,25-26-prem-tottenham-hotspur-vs-wolverhampton-wanderers,586,Bergvall,65,,yellow,1,0
6,25-26-prem-tottenham-hotspur-vs-wolverhampton-wanderers,673,J.Palhinha,90,4,yellow,1,0
7,25-26-prem-afc-bournemouth-vs-fulham,320,Diop,76,,yellow,1,0
7,25-26-prem-arsenal-vs-west-ham-united,615,Summerville,58,,yellow,1,0
7,25-26-prem-arsenal-vs-west-ham-united,612,L.Paquetá,69,,yellow,1,0
7,25-26-prem-aston-villa-vs-burnley,217,Foster,17,,yellow,1,0
7,25-26-prem-aston-villa-vs-burnley,37,Digne,53,,yellow,1,0
7,25-26-prem-aston-villa-vs-burnley,32,Martinez,90,3,yellow,1,0
7,25-26-prem-aston-villa-vs-burnley,50,Buendía,90,1,yellow,1,0
7,25-26-prem-brentford-vs-manchester-city,120,Schade,45,1,yellow,1,0
7,25-26-prem-brentford-vs-manchester-city,124,Henderson,70,,yellow,1,0
7,25-26-prem-brentford-vs-manchester-city,407,Matheus N.,77,,yellow,1,0
7,25-26-prem-brentford-vs-manchester-city,411,O'Reilly,83,,yellow,1,0
7,25-26-prem-brentford-vs-manchester-city,83,O.Dango,84,,yellow,1,0
7,25-26-prem-chelsea-vs-liverpool,375,Bradley,34,,yellow,1,0
7,25-26-prem-chelsea-vs-liverpool,387,Szoboszlai,79,,yellow,1,0
7,25-26-prem-everton-vs-crystal-palace,303,Garner,68,,yellow,1,0
7,25-26-prem-everton-vs-crystal-palace,712,Yeremy,68,,yellow,1,0
7,25-26-prem-everton-vs-crystal-palace,273,Wharton,82,,yellow,1,0
7,25-26-prem-everton-vs-crystal-palace,256,Muñoz,87,,yellow,1,0
7,25-26-prem-everton-vs-crystal-palace,299,Ndiaye,90,5,yellow,1,0
7,25-26-prem-leeds-united-vs-tottenham-hotspur,582,Kudus,22,,yellow,1,0
7,25-26-prem-leeds-united-vs-tottenham-hotspur,673,J.Palhinha,41,,yellow,1,0
7,25-26-prem-leeds-united-vs-tottenham-hotspur,354,Ampadu,52,,yellow,1,0
7,25-26-prem-leeds-united-vs-tottenham-hotspur,569,Romero,64,,yellow,1,0
7,25-26-prem-leeds-united-vs-tottenham-hotspur,698,Okafor,64,,yellow,1,0
7,25-26-prem-manchester-united-vs-sunderland,683,Alderete,29,,yellow,1,0
7,25-26-prem-manchester-united-vs-sunderland,552,Sadiki,35,,yellow,1,0
7,25-26-prem-manchester-united-vs-sunderland,735,Traoré,57,,yellow,1,0
7,25-26-prem-manchester-united-vs-sunderland,668,Xhaka,76,,yellow,1,0
7,25-26-prem-manchester-united-vs-sunderland,457,Casemiro,81,,yellow,1,0
7,25-26-prem-newcastle-united-vs-nottingham-forest,522,Yates,32,,yellow,1,0
7,25-26-prem-newcastle-united-vs-nottingham-forest,508,N.Williams,34,,yellow,1,0
7,25-26-prem-newcastle-united-vs-nottingham-forest,511,Morato,68,,yellow,1,0
7,25-26-prem-newcastle-united-vs-nottingham-forest,517,Anderson,83,,yellow,1,0
7,25-26-prem-wolverhampton-wanderers-vs-brighton-hove-albion,167,Baleba,20,,yellow,1,0
7,25-26-prem-wolverhampton-wanderers-vs-brighton-hove-albion,146,Dunk,36,,yellow,1,0
7,25-26-prem-wolverhampton-wanderers-vs-brighton-hove-albion,173,Wieffer,43,,yellow,1,0
7,25-26-prem-wolverhampton-wanderers-vs-brighton-hove-albion,178,Welbeck,45,2,yellow,1,0
7,25-26-prem-wolverhampton-wanderers-vs-brighton-hove-albion,636,S.Bueno,51,,yellow,1,0
7,25-26-prem-wolverhampton-wanderers-vs-brighton-hove-albion,643,André,90,6,yellow,1,0
8,25-26-prem-brighton-hove-albion-vs-newcastle-united,476,Burn,90,7,yellow,1,0
8,25-26-prem-burnley-vs-leeds-united,200,Anthony,52,,yellow,1,0
8,25-26-prem-burnley-vs-leeds-united,343,Struijk,90,2,yellow,1,0
8,25-26-prem-burnley-vs-leeds-united,207,Hannibal,90,2,yellow,1,0
8,25-26-prem-crystal-palace-vs-afc-bournemouth,82,Semenyo,2,,yellow,1,0
8,25-26-prem-crystal-palace-vs-afc-bournemouth,85,Adams,40,,yellow,1,0
8,25-26-prem-crystal-palace-vs-afc-bournemouth,72,Senesi,51,,yellow,1,0
8,25-26-prem-crystal-palace-vs-afc-bournemouth,712,Yeremy,62,,yellow,1,0
8,25-26-prem-crystal-palace-vs-afc-bournemouth,87,Christie,90,,yellow,1,0
8,25-26-prem-liverpool-vs-manchester-united,452,Amad,52,,yellow,1,0
8,25-26-prem-liverpool-vs-manchester-united,457,Casemiro,57,,yellow,1,0
8,25-26-prem-manchester-city-vs-everton,303,Garner,39,,yellow,1,0
8,25-26-prem-manchester-city-vs-everton,707,Dibling,90,6,yellow,1,0
8,25-26-prem-nottingham-forest-vs-chelsea,511,Morato,41,,yellow,1,0
8,25-26-prem-nottingham-forest-vs-chelsea,228,Gusto,54,,yellow,1,0
8,25-26-prem-nottingham-forest-vs-chelsea,521,Sangaré,80,,yellow,1,0
8,25-26-prem-nottingham-forest-vs-chelsea,228,Gusto,87,,yellowRed,1,1
8,25-26-prem-nottingham-forest-vs-chelsea,238,Estêvão,89,,yellow,1,0
8,25-26-prem-nottingham-forest-vs-chelsea,220,Sánchez,90,4,yellow,1,0
8,25-26-prem-tottenham-hotspur-vs-aston-villa,575,Van de Ven,22,,yellow,1,0
8,25-26-prem-tottenham-hotspur-vs-aston-villa,570,Danso,67,,yellow,1,0
8,25-26-prem-west-ham-united-vs-brentford,615,Summerville,67,,yellow,1,0
8,25-26-prem-west-ham-united-vs-brentford,124,Henderson,89,,yellow,1,0
9,25-26-prem-afc-bournemouth-vs-nottingham-forest,699,Douglas Luiz,18,,yellow,1,0
9,25-26-prem-afc-bournemouth-vs-nottingham-forest,81,Kluivert,18,,yellow,1,0
9,25-26-prem-afc-bournemouth-vs-nottingham-forest,72,Senesi,63,,yellow,1,0
9,25-26-prem-afc-bournemouth-vs-nottingham-forest,86,Brooks,87,,yellow,1,0
9,25-26-prem-aston-villa-vs-manchester-city,415,Savinho,40,,yellow,1,0
9,25-26-prem-aston-villa-vs-manchester-city,427,Reijnders,54,,yellow,1,0
9,25-26-prem-aston-villa-vs-manchester-city,423,N.Gonzalez,64,,yellow,1,0
9,25-26-prem-aston-villa-vs-manchester-city,414,Foden,80,,yellow,1,0
9,25-26-prem-aston-villa-vs-manchester-city,58,Kamara,81,,yellow,1,0
9,25-26-prem-brentford-vs-liverpool,371,Kerkez,33,,yellow,1,0
9,25-26-prem-brentford-vs-liverpool,381,M.Salah,57,,yellow,1,0
9,25-26-prem-brentford-vs-liverpool,120,Schade,76,,yellow,1,0
9,25-26-prem-brentford-vs-liverpool,136,Thiago,90,10,yellow,1,0
9,25-26-prem-brentford-vs-liverpool,107,Lewis-Potter,90,4,yellow,1,0
9,25-26-prem-chelsea-vs-sunderland,547,E.Le Fée,69,,yellow,1,0
9,25-26-prem-chelsea-vs-sunderland,246,Andrey Santos,88,,yellow,1,0
9,25-26-prem-everton-vs-tottenham-hotspur,303,Garner,58,,yellow,1,0
9,25-26-prem-everton-vs-tottenham-hotspur,419,Grealish,71,,yellow,1,0
9,25-26-prem-leeds-united-vs-west-ham-united,615,Summerville,40,,yellow,1,0
9,25-26-prem-leeds-united-vs-west-ham-united,612,L.Paquetá,55,,yellow,1,0
9,25-26-prem-leeds-united-vs-west-ham-united,356,Gruev,76,,yellow,1,0
9,25-26-prem-leeds-united-vs-west-ham-united,665,Perri,84,,yellow,1,0
9,25-26-prem-leeds-united-vs-west-ham-united,706,Justin,90,3,yellow,1,0
9,25-26-prem-leeds-united-vs-west-ham-united,609,Todibo,90,2,yellow,1,0
9,25-26-prem-manchester-united-vs-brighton-hove-albion,167,Baleba,41,,yellow,1,0
9,25-26-prem-manchester-united-vs-brighton-hove-albion,441,Dorgu,72,,yellow,1,0
9,25-26-prem-manchester-united-vs-brighton-hove-albion,681,Šeško,81,,yellow,1,0
9,25-26-prem-manchester-united-vs-brighton-hove-albion,148,F.Kadıoğlu,90,4,yellow,1,0
9,25-26-prem-newcastle-united-vs-fulham,322,Tete,3,,yellow,1,0
9,25-26-prem-newcastle-united-vs-fulham,324,Iwobi,66,,yellow,1,0
9,25-26-prem-wolverhampton-wanderers-vs-burnley,644,Bellegarde,35,,yellow,1,0
10,25-26-prem-brighton-hove-albion-vs-leeds-united,354,Ampadu,73,,yellow,1,0
10,25-26-prem-burnley-vs-arsenal,205,Cullen,27,,yellow,1,0
10,25-26-prem-burnley-vs-arsenal,215,Flemming,55,,yellow,1,0
10,25-26-prem-burnley-vs-arsenal,5,Gabriel,90,5,yellow,1,0
10,25-26-prem-crystal-palace-vs-brentford,120,Schade,34,,yellow,1,0
10,25-26-prem-crystal-palace-vs-brentford,124,Henderson,78,,yellow,1,0
10,25-26-prem-crystal-palace-vs-brentford,106,Collins,84,,yellow,1,0
10,25-26-prem-fulham-vs-wolverhampton-wanderers,631,Agbadou,36,,red,0,1
10,25-26-prem-fulham-vs-wolverhampton-wanderers,637,Toti,40,,yellow,1,0
10,25-26-prem-fulham-vs-wolverhampton-wanderers,634,Mosquera,74,,yellow,1,0
10,25-26-prem-fulham-vs-wolverhampton-wanderers,636,S.Bueno,84,,yellow,1,0
10,25-26-prem-fulham-vs-wolverhampton-wanderers,330,Berge,90,3,yellow,1,0
10,25-26-prem-liverpool-vs-aston-villa,373,Virgil,54,,yellow,1,0
10,25-26-prem-liverpool-vs-aston-villa,36,Cash,57,,yellow,1,0
10,25-26-prem-liverpool-vs-aston-villa,59,Onana,73,,yellow,1,0
10,25-26-prem-liverpool-vs-aston-villa,47,Rogers,80,,yellow,1,0
10,25-26-prem-liverpool-vs-aston-villa,387,Szoboszlai,87,,yellow,1,0
10,25-26-prem-manchester-city-vs-afc-bournemouth,736,Donnarumma,26,,yellow,1,0
10,25-26-prem-manchester-city-vs-afc-bournemouth,414,Foden,45,2,yellow,1,0
10,25-26-prem-manchester-city-vs-afc-bournemouth,74,Truffert,65,,yellow,1,0
10,25-26-prem-manchester-city-vs-afc-bournemouth,81,Kluivert,87,,yellow,1,0
10,25-26-prem-nottingham-forest-vs-manchester-united,669,Ndoye,62,,yellow,1,0
10,25-26-prem-nottingham-forest-vs-manchester-united,438,Mazraoui,85,,yellow,1,0
10,25-26-prem-sunderland-vs-everton,552,Sadiki,17,,yellow,1,0
10,25-26-prem-sunderland-vs-everton,694,Mukiele,18,,yellow,1,0
10,25-26-prem-sunderland-vs-everton,310,Barry,32,,yellow,1,0
10,25-26-prem-sunderland-vs-everton,532,Hume,54,,yellow,1,0
10,25-26-prem-sunderland-vs-everton,301,Alcaraz,90,5,yellow,1,0
10,25-26-prem-tottenham-hotspur-vs-chelsea,226,Chalobah,45,3,yellow,1,0
10,25-26-prem-tottenham-hotspur-vs-chelsea,585,Bentancur,45,3,yellow,1,0
10,25-26-prem-tottenham-hotspur-vs-chelsea,570,Danso,47,,yellow,1,0
10,25-26-prem-tottenham-hotspur-vs-chelsea,717,Xavi,59,,yellow,1,0
10,25-26-prem-tottenham-hotspur-vs-chelsea,237,Enzo,68,,yellow,1,0
10,25-26-prem-tottenham-hotspur-vs-chelsea,582,Kudus,74,,yellow,1,0
10,25-26-prem-west-ham-united-vs-newcastle-united,488,Bruno G.,30,,yellow,1,0
10,25-26-prem-west-ham-united-vs-newcastle-united,612,L.Paquetá,90,6,yellow,1,0
10,25-26-prem-west-ham-united-vs-newcastle-united,52,J.Ramsey,90,6,yellow,1,0
11,25-26-prem-aston-villa-vs-afc-bournemouth,47,Rogers,13,,yellow,1,0
11,25-26-prem-aston-villa-vs-afc-bournemouth,58,Kamara,23,,yellow,1,0
11,25-26-prem-aston-villa-vs-afc-bournemouth,713,A.Jimenez,27,,yellow,1,0
11,25-26-prem-aston-villa-vs-afc-bournemouth,74,Truffert,38,,yellow,1,0
11,25-26-prem-brentford-vs-newcastle-united,476,Burn,49,,yellow,1,0
11,25-26-prem-brentford-vs-newcastle-united,83,O.Dango,61,,yellow,1,0
11,25-26-prem-brentford-vs-newcastle-united,476,Burn,73,,yellowRed,1,1
11,25-26-prem-brentford-vs-newcastle-united,110,Kayode,87,,yellow,1,0
11,25-26-prem-brentford-vs-newcastle-united,478,Trippier,90,7,yellow,1,0
11,25-26-prem-chelsea-vs-wolverhampton-wanderers,643,André,49,,yellow,1,0
11,25-26-prem-chelsea-vs-wolverhampton-wanderers,241,Caicedo,60,,yellow,1,0
11,25-26-prem-chelsea-vs-wolverhampton-wanderers,648,Munetsi,79,,yellow,1,0
11,25-26-prem-crystal-palace-vs-brighton-hove-albion,167,Baleba,60,,yellow,1,0
11,25-26-prem-crystal-palace-vs-brighton-hove-albion,158,Georginio,65,,yellow,1,0
11,25-26-prem-crystal-palace-vs-brighton-hove-albion,152,Veltman,90,5,yellow,1,0
11,25-26-prem-crystal-palace-vs-brighton-hove-albion,272,Lerma,90,1,yellow,1,0
11,25-26-prem-crystal-palace-vs-brighton-hove-albion,151,Van Hecke,90,1,yellow,1,0
11,25-26-prem-everton-vs-fulham,332,Lukić,10,,yellow,1,0
11,25-26-prem-everton-vs-fulham,318,Bassey,45,3,yellow,1,0
11,25-26-prem-everton-vs-fulham,291,Tarkowski,45,3,yellow,1,0
11,25-26-prem-everton-vs-fulham,304,Iroegbunam,63,,yellow,1,0
11,25-26-prem-manchester-city-vs-liverpool,423,N.Gonzalez,27,,yellow,1,0
11,25-26-prem-manchester-city-vs-liverpool,386,Mac Allister,36,,yellow,1,0
11,25-26-prem-manchester-city-vs-liverpool,416,Bernardo,41,,yellow,1,0
11,25-26-prem-manchester-city-vs-liverpool,375,Bradley,52,,yellow,1,0
11,25-26-prem-manchester-city-vs-liverpool,388,C.Jones,89,,yellow,1,0
11,25-26-prem-manchester-city-vs-liverpool,387,Szoboszlai,90,1,yellow,1,0
11,25-26-prem-nottingham-forest-vs-leeds-united,521,Sangaré,33,,yellow,1,0
11,25-26-prem-nottingham-forest-vs-leeds-united,506,Murillo,41,,yellow,1,0
11,25-26-prem-nottingham-forest-vs-leeds-united,493,Longstaff,71,,yellow,1,0
11,25-26-prem-sunderland-vs-arsenal,26,Zubimendi,36,,yellow,1,0
11,25-26-prem-sunderland-vs-arsenal,668,Xhaka,45,1,yellow,1,0
11,25-26-prem-sunderland-vs-arsenal,541,Reinildo,72,,yellow,1,0
11,25-26-prem-tottenham-hotspur-vs-manchester-united,580,Johnson,29,,yellow,1,0
11,25-26-prem-tottenham-hotspur-vs-manchester-united,569,Romero,34,,yellow,1,0
11,25-26-prem-tottenham-hotspur-vs-manchester-united,673,J.Palhinha,75,,yellow,1,0
11,25-26-prem-tottenham-hotspur-vs-manchester-united,441,Dorgu,78,,yellow,1,0
11,25-26-prem-tottenham-hotspur-vs-manchester-united,570,Danso,90,7,yellow,1,0
11,25-26-prem-tottenham-hotspur-vs-manchester-united,597,Richarlison,90,2,yellow,1,0
11,25-26-prem-west-ham-united-vs-burnley,612,L.Paquetá,25,,yellow,1,0
11,25-26-prem-west-ham-united-vs-burnley,215,Flemming,55,,yellow,1,0
11,25-26-prem-west-ham-united-vs-burnley,187,Walker,86,,yellow,1,0
11,25-26-prem-west-ham-united-vs-burnley,708,M.Fernandes,90,6,yellow,1,0
12,25-26-prem-afc-bournemouth-vs-west-ham-united,86,Brooks,34,,yellow,1,0
12,25-26-prem-afc-bournemouth-vs-west-ham-united,609,Todibo,34,,yellow,1,0
12,25-26-prem-afc-bournemouth-vs-west-ham-united,74,Truffert,83,,yellow,1,0
12,25-26-prem-afc-bournemouth-vs-west-ham-united,610,Wan-Bissaka,83,,yellow,1,0
12,25-26-prem-afc-bournemouth-vs-west-ham-united,72,Senesi,90,6,yellow,1,0
12,25-26-prem-arsenal-vs-tottenham-hotspur,585,Bentancur,32,,yellow,1,0
12,25-26-prem-arsenal-vs-tottenham-hotspur,569,Romero,70,,yellow,1,0
12,25-26-prem-arsenal-vs-tottenham-hotspur,568,Pedro Porro,87,,yellow,1,0
12,25-26-prem-arsenal-vs-tottenham-hotspur,21,Rice,87,,yellow,1,0
12,25-26-prem-brighton-hove-albion-vs-brentford,143,Boscagli,15,,yellow,1,0
12,25-26-prem-brighton-hove-albion-vs-brentford,83,O.Dango,36,,yellow,1,0
12,25-26-prem-brighton-hove-albion-vs-brentford,169,Gomez,64,,yellow,1,0
12,25-26-prem-brighton-hove-albion-vs-brentford,125,Janelt,90,5,yellow,1,0
12,25-26-prem-brighton-hove-albion-vs-brentford,139,Verbruggen,90,4,yellow,1,0
12,25-26-prem-brighton-hove-albion-vs-brentford,162,Gruda,90,1,yellow,1,0
12,25-26-prem-burnley-vs-chelsea,236,Neto,41,,yellow,1,0
12,25-26-prem-burnley-vs-chelsea,187,Walker,49,,yellow,1,0
12,25-26-prem-burnley-vs-chelsea,249,João Pedro,69,,yellow,1,0
12,25-26-prem-burnley-vs-chelsea,229,B.Badiashile,81,,yellow,1,0
12,25-26-prem-burnley-vs-chelsea,207,Hannibal,82,,yellow,1,0
12,25-26-prem-fulham-vs-sunderland,531,Ballard,32,,yellow,1,0
12,25-26-prem-fulham-vs-sunderland,541,Reinildo,79,,yellow,1,0
12,25-26-prem-fulham-vs-sunderland,532,Hume,88,,yellow,1,0
12,25-26-prem-fulham-vs-sunderland,337,Raúl,90,5,yellow,1,0
12,25-26-prem-fulham-vs-sunderland,329,Wilson,90,4,yellow,1,0
12,25-26-prem-fulham-vs-sunderland,314,Leno,90,3,yellow,1,0
12,25-26-prem-leeds-united-vs-aston-villa,342,Bogle,41,,yellow,1,0
12,25-26-prem-leeds-united-vs-aston-villa,358,A. Tanaka,45,3,yellow,1,0
12,25-26-prem-leeds-united-vs-aston-villa,54,McGinn,53,,yellow,1,0
12,25-26-prem-leeds-united-vs-aston-villa,354,Ampadu,63,,yellow,1,0
12,25-26-prem-leeds-united-vs-aston-villa,343,Struijk,74,,yellow,1,0
12,25-26-prem-leeds-united-vs-aston-villa,351,Gnonto,89,,yellow,1,0
12,25-26-prem-liverpool-vs-nottingham-forest,390,Gravenberch,66,,yellow,1,0
12,25-26-prem-liverpool-vs-nottingham-forest,385,Chiesa,87,,yellow,1,0
12,25-26-prem-manchester-united-vs-everton,302,Gana,13,,red,0,1
12,25-26-prem-manchester-united-vs-everton,119,Mbeumo,45,2,yellow,1,0
12,25-26-prem-manchester-united-vs-everton,457,Casemiro,49,,yellow,1,0
12,25-26-prem-newcastle-united-vs-manchester-city,736,Donnarumma,70,,yellow,1,0
12,25-26-prem-newcastle-united-vs-manchester-city,490,Joelinton,90,4,yellow,1,0
12,25-26-prem-newcastle-united-vs-manchester-city,424,Bobb,90,2,yellow,1,0
12,25-26-prem-newcastle-united-vs-manchester-city,416,Bernardo,,,yellow,1,0
12,25-26-prem-wolverhampton-wanderers-vs-crystal-palace,260,Guéhi,4,,yellow,1,0
12,25-26-prem-wolverhampton-wanderers-vs-crystal-palace,720,Tolu,50,,yellow,1,0
12,25-26-prem-wolverhampton-wanderers-vs-crystal-palace,712,Yeremy,59,,yellow,1,0
12,25-26-prem-wolverhampton-wanderers-vs-crystal-palace,256,Muñoz,66,,yellow,1,0
12,25-26-prem-wolverhampton-wanderers-vs-crystal-palace,646,J.Gomes,77,,yellow,1,0
13,25-26-prem-aston-villa-vs-wolverhampton-wanderers,643,André,45,,yellow,1,0
13,25-26-prem-aston-villa-vs-wolverhampton-wanderers,682,Møller Wolfe,58,,yellow,1,0
13,25-26-prem-aston-villa-vs-wolverhampton-wanderers,634,Mosquera,76,,yellow,1,0
13,25-26-prem-aston-villa-vs-wolverhampton-wanderers,663,J.Arias,80,,yellow,1,0
13,25-26-prem-brentford-vs-burnley,207,Hannibal,16,,yellow,1,0
13,25-26-prem-brentford-vs-burnley,198,Tuanzebe,77,,yellow,1,0
13,25-26-prem-chelsea-vs-arsenal,26,Zubimendi,5,,yellow,1,0
13,25-26-prem-chelsea-vs-arsenal,224,Cucurella,11,,yellow,1,0
13,25-26-prem-chelsea-vs-arsenal,662,Mosquera,13,,yellow,1,0
13,25-26-prem-chelsea-vs-arsenal,7,Calafiori,27,,yellow,1,0
13,25-26-prem-chelsea-vs-arsenal,241,Caicedo,38,,red,0,1
13,25-26-prem-chelsea-vs-arsenal,725,Hincapie,41,,yellow,1,0
13,25-26-prem-chelsea-vs-arsenal,10,Lewis-Skelly,54,,yellow,1,0
13,25-26-prem-chelsea-vs-arsenal,666,Gyökeres,88,,yellow,1,0
13,25-26-prem-crystal-palace-vs-manchester-united,119,Mbeumo,17,,yellow,1,0
13,25-26-prem-crystal-palace-vs-manchester-united,284,Nketiah,53,,yellow,1,0
13,25-26-prem-crystal-palace-vs-manchester-united,443,Shaw,72,,yellow,1,0
13,25-26-prem-crystal-palace-vs-manchester-united,260,Guéhi,75,,yellow,1,0
13,25-26-prem-crystal-palace-vs-manchester-united,272,Lerma,90,,yellow,1,0
13,25-26-prem-manchester-city-vs-leeds-united,407,Matheus N.,55,,yellow,1,0
13,25-26-prem-manchester-city-vs-leeds-united,416,Bernardo,57,,yellow,1,0
13,25-26-prem-manchester-city-vs-leeds-united,348,Rodon,58,,yellow,1,0
13,25-26-prem-manchester-city-vs-leeds-united,403,Gvardiol,66,,yellow,1,0
13,25-26-prem-manchester-city-vs-leeds-united,736,Donnarumma,87,,yellow,1,0
13,25-26-prem-nottingham-forest-vs-brighton-hove-albion,173,Wieffer,44,,yellow,1,0
13,25-26-prem-sunderland-vs-afc-bournemouth,683,Alderete,21,,yellow,1,0
13,25-26-prem-sunderland-vs-afc-bournemouth,90,Scott,25,,yellow,1,0
13,25-26-prem-sunderland-vs-afc-bournemouth,532,Hume,65,,yellow,1,0
13,25-26-prem-sunderland-vs-afc-bournemouth,82,Semenyo,86,,yellow,1,0
13,25-26-prem-sunderland-vs-afc-bournemouth,84,Tavernier,90,,yellow,1,0
13,25-26-prem-sunderland-vs-afc-bournemouth,548,Mundle,90,,yellow,1,0
13,25-26-prem-sunderland-vs-afc-bournemouth,88,Cook,90,,red,0,1
13,25-26-prem-sunderland-vs-afc-bournemouth,86,Brooks,90,,yellow,1,0
13,25-26-prem-sunderland-vs-afc-bournemouth,694,Mukiele,90,,yellow,1,0
13,25-26-prem-sunderland-vs-afc-bournemouth,72,Senesi,90,,yellow,1,0
13,25-26-prem-sunderland-vs-afc-bournemouth,670,Roefs,90,,yellow,1,0
13,25-26-prem-tottenham-hotspur-vs-fulham,575,Van de Ven,30,,yellow,1,0
13,25-26-prem-tottenham-hotspur-vs-fulham,574,Udogie,49,,yellow,1,0
13,25-26-prem-tottenham-hotspur-vs-fulham,337,Raúl,78,,yellow,1,0
13,25-26-prem-tottenham-hotspur-vs-fulham,726,Kolo Muani,90,,yellow,1,0
13,25-26-prem-tottenham-hotspur-vs-fulham,314,Leno,90,,yellow,1,0
13,25-26-prem-west-ham-united-vs-liverpool,718,S.Magassa,66,,yellow,1,0
13,25-26-prem-west-ham-united-vs-liverpool,612,L.Paquetá,83,,yellow,1,0
13,25-26-prem-west-ham-united-vs-liverpool,612,L.Paquetá,84,,yellowRed,1,1
14,25-26-prem-afc-bournemouth-vs-everton,304,Iroegbunam,22,,yellow,1,0
14,25-26-prem-afc-bournemouth-vs-everton,81,Kluivert,45,,yellow,1,0
14,25-26-prem-afc-bournemouth-vs-everton,292,Mykolenko,49,,yellow,1,0
14,25-26-prem-afc-bournemouth-vs-everton,85,Adams,53,,yellow,1,0
14,25-26-prem-afc-bournemouth-vs-everton,301,Alcaraz,79,,yellow,1,0
14,25-26-prem-afc-bournemouth-vs-everton,98,Enes Ünal,88,,yellow,1,0
14,25-26-prem-arsenal-vs-brentford,129,Yarmoliuk,65,,yellow,1,0
14,25-26-prem-brighton-hove-albion-vs-aston-villa,139,Verbruggen,45,,yellow,1,0
14,25-26-prem-brighton-hove-albion-vs-aston-villa,54,McGinn,75,,yellow,1,0
14,25-26-prem-brighton-hove-albion-vs-aston-villa,169,Gomez,85,,yellow,1,0
14,25-26-prem-brighton-hove-albion-vs-aston-villa,33,M.Bizot,90,,yellow,1,0
14,25-26-prem-fulham-vs-manchester-city,417,Cherki,90,,yellow,1,0
14,25-26-prem-leeds-united-vs-chelsea,660,Stach,35,,yellow,1,0
14,25-26-prem-leeds-united-vs-chelsea,238,Estêvão,39,,yellow,1,0
14,25-26-prem-liverpool-vs-sunderland,547,E.Le Fée,54,,yellow,1,0
14,25-26-prem-liverpool-vs-sunderland,376,Gomez,55,,yellow,1,0
14,25-26-prem-manchester-united-vs-west-ham-united,447,Heaven,8,,yellow,1,0
14,25-26-prem-manchester-united-vs-west-ham-united,603,Diouf,37,,yellow,1,0
14,25-26-prem-manchester-united-vs-west-ham-united,610,Wan-Bissaka,78,,yellow,1,0
14,25-26-prem-manchester-united-vs-west-ham-united,443,Shaw,85,,yellow,1,0
14,25-26-prem-newcastle-united-vs-tottenham-hotspur,569,Romero,23,,yellow,1,0
14,25-26-prem-newcastle-united-vs-tottenham-hotspur,585,Bentancur,56,,yellow,1,0
14,25-26-prem-newcastle-united-vs-tottenham-hotspur,597,Richarlison,86,,yellow,1,0
14,25-26-prem-wolverhampton-wanderers-vs-nottingham-forest,505,Milenković,19,,yellow,1,0
14,25-26-prem-wolverhampton-wanderers-vs-nottingham-forest,646,J.Gomes,52,,yellow,1,0
14,25-26-prem-wolverhampton-wanderers-vs-nottingham-forest,517,Anderson,61,,yellow,1,0
14,25-26-prem-wolverhampton-wanderers-vs-nottingham-forest,634,Mosquera,67,,yellow,1,0
15,25-26-prem-afc-bournemouth-vs-chelsea,252,Marc Guiu,85,,yellow,1,0
15,25-26-prem-afc-bournemouth-vs-chelsea,236,Neto,90,,yellow,1,0
15,25-26-prem-aston-villa-vs-arsenal,7,Calafiori,72,,yellow,1,0
15,25-26-prem-aston-villa-vs-arsenal,16,Saka,74,,yellow,1,0
15,25-26-prem-brighton-hove-albion-vs-west-ham-united,148,F.Kadıoğlu,10,,yellow,1,0
15,25-26-prem-brighton-hove-albion-vs-west-ham-united,146,Dunk,52,,yellow,1,0
15,25-26-prem-brighton-hove-albion-vs-west-ham-united,618,G.Rodriguez,60,,yellow,1,0
15,25-26-prem-brighton-hove-albion-vs-west-ham-united,623,Potts,77,,yellow,1,0
15,25-26-prem-everton-vs-nottingham-forest,716,Savona,1,,yellow,1,0
15,25-26-prem-everton-vs-nottingham-forest,511,Morato,45,,yellow,1,0
15,25-26-prem-everton-vs-nottingham-forest,505,Milenković,54,,yellow,1,0
15,25-26-prem-everton-vs-nottingham-forest,310,Barry,57,,yellow,1,0
15,25-26-prem-everton-vs-nottingham-forest,291,Tarkowski,73,,yellow,1,0
15,25-26-prem-everton-vs-nottingham-forest,292,Mykolenko,84,,yellow,1,0
15,25-26-prem-leeds-united-vs-liverpool,342,Bogle,20,,yellow,1,0
15,25-26-prem-leeds-united-vs-liverpool,347,Gudmundsson,26,,yellow,1,0
15,25-26-prem-leeds-united-vs-liverpool,375,Bradley,45,,yellow,1,0
15,25-26-prem-leeds-united-vs-liverpool,373,Virgil,81,,yellow,1,0
15,25-26-prem-leeds-united-vs-liverpool,343,Struijk,89,,yellow,1,0
15,25-26-prem-leeds-united-vs-liverpool,376,Gomez,90,,yellow,1,0
15,25-26-prem-manchester-city-vs-sunderland,403,Gvardiol,37,,yellow,1,0
15,25-26-prem-manchester-city-vs-sunderland,539,O'Nien,90,,yellow,1,0
15,25-26-prem-newcastle-united-vs-burnley,187,Walker,35,,yellow,1,0
15,25-26-prem-newcastle-united-vs-burnley,195,Lucas Pires,43,,red,0,1
15,25-26-prem-newcastle-united-vs-burnley,477,Livramento,52,,yellow,1,0
15,25-26-prem-newcastle-united-vs-burnley,209,Laurent,89,,yellow,1,0
15,25-26-prem-newcastle-united-vs-burnley,52,J.Ramsey,90,,yellow,1,0
15,25-26-prem-tottenham-hotspur-vs-brentford,110,Kayode,28,,yellow,1,0
15,25-26-prem-tottenham-hotspur-vs-brentford,569,Romero,31,,yellow,1,0
15,25-26-prem-tottenham-hotspur-vs-brentford,108,Ajer,45,,yellow,1,0
15,25-26-prem-tottenham-hotspur-vs-brentford,568,Pedro Porro,47,,yellow,1,0
15,25-26-prem-tottenham-hotspur-vs-brentford,120,Schade,60,,yellow,1,0
15,25-26-prem-tottenham-hotspur-vs-brentford,129,Yarmoliuk,72,,yellow,1,0
15,25-26-prem-tottenham-hotspur-vs-brentford,591,Gray,77,,yellow,1,0
15,25-26-prem-wolverhampton-wanderers-vs-manchester-united,119,Mbeumo,38,,yellow,1,0
15,25-26-prem-wolverhampton-wanderers-vs-manchester-united,654,Strand Larsen,44,,yellow,1,0
15,25-26-prem-wolverhampton-wanderers-vs-manchester-united,709,Krejčí,46,,yellow,1,0
15,25-26-prem-wolverhampton-wanderers-vs-manchester-united,634,Mosquera,81,,yellow,1,0
15,25-26-prem-wolverhampton-wanderers-vs-manchester-united,466,Zirkzee,90,,yellow,1,0
16,25-26-prem-arsenal-vs-wolverhampton-wanderers,642,Hee Chan,60,,yellow,1,0
16,25-26-prem-arsenal-vs-wolverhampton-wanderers,632,Doherty,65,,yellow,1,0
16,25-26-prem-arsenal-vs-wolverhampton-wanderers,634,Mosquera,90,,yellow,1,0
16,25-26-prem-burnley-vs-fulham,317,Andersen,37,,yellow,1,0
16,25-26-prem-burnley-vs-fulham,205,Cullen,66,,yellow,1,0
16,25-26-prem-burnley-vs-fulham,322,Tete,82,,yellow,1,0
16,25-26-prem-chelsea-vs-everton,230,Fofana,76,,yellow,1,0
16,25-26-prem-crystal-palace-vs-manchester-city,271,Kamada,62,,yellow,1,0
16,25-26-prem-crystal-palace-vs-manchester-city,253,Henderson,88,,yellow,1,0
16,25-26-prem-liverpool-vs-brighton-hove-albion,169,Gomez,45,,yellow,1,0
16,25-26-prem-liverpool-vs-brighton-hove-albion,146,Dunk,59,,yellow,1,0
16,25-26-prem-liverpool-vs-brighton-hove-albion,374,Konaté,64,,yellow,1,0
16,25-26-prem-manchester-united-vs-afc-bournemouth,440,Dalot,43,,yellow,1,0
16,25-26-prem-manchester-united-vs-afc-bournemouth,82,Semenyo,43,,yellow,1,0
16,25-26-prem-manchester-united-vs-afc-bournemouth,457,Casemiro,50,,yellow,1,0
16,25-26-prem-manchester-united-vs-afc-bournemouth,72,Senesi,76,,yellow,1,0
16,25-26-prem-manchester-united-vs-afc-bournemouth,73,Smith,79,,yellow,1,0
16,25-26-prem-nottingham-forest-vs-tottenham-hotspur,716,Savona,31,,yellow,1,0
16,25-26-prem-nottingham-forest-vs-tottenham-hotspur,591,Gray,40,,yellow,1,0
16,25-26-prem-nottingham-forest-vs-tottenham-hotspur,586,Bergvall,70,,yellow,1,0
16,25-26-prem-nottingham-forest-vs-tottenham-hotspur,568,Pedro Porro,84,,yellow,1,0
16,25-26-prem-sunderland-vs-newcastle-united,730,Brobbey,27,,yellow,1,0
16,25-26-prem-sunderland-vs-newcastle-united,694,Mukiele,34,,yellow,1,0
16,25-26-prem-sunderland-vs-newcastle-united,491,Tonali,57,,yellow,1,0
16,25-26-prem-sunderland-vs-newcastle-united,541,Reinildo,58,,yellow,1,0
16,25-26-prem-sunderland-vs-newcastle-united,547,E.Le Fée,86,,yellow,1,0
16,25-26-prem-sunderland-vs-newcastle-united,684,Thiaw,90,,yellow,1,0
16,25-26-prem-sunderland-vs-newcastle-united,560,Isidor,90,,yellow,1,0
16,25-26-prem-sunderland-vs-newcastle-united,494,Willock,90,,yellow,1,0
16,25-26-prem-sunderland-vs-newcastle-united,488,Bruno G.,90,,yellow,1,0
16,25-26-prem-west-ham-united-vs-aston-villa,58,Kamara,38,,yellow,1,0
16,25-26-prem-west-ham-united-vs-aston-villa,36,Cash,42,,yellow,1,0
16,25-26-prem-west-ham-united-vs-aston-villa,603,Diouf,90,,yellow,1,0
17,25-26-prem-afc-bournemouth-vs-burnley,215,Flemming,38,,yellow,1,0
17,25-26-prem-afc-bournemouth-vs-burnley,86,Brooks,74,,yellow,1,0
17,25-26-prem-aston-villa-vs-manchester-united,459,Ugarte,68,,yellow,1,0
17,25-26-prem-aston-villa-vs-manchester-united,440,Dalot,72,,yellow,1,0
17,25-26-prem-aston-villa-vs-manchester-united,44,Bogarde,90,,yellow,1,0
17,25-26-prem-brighton-hove-albion-vs-sunderland,162,Gruda,19,,yellow,1,0
17,25-26-prem-brighton-hove-albion-vs-sunderland,144,Coppola,34,,yellow,1,0
17,25-26-prem-brighton-hove-albion-vs-sunderland,531,Ballard,79,,yellow,1,0
17,25-26-prem-brighton-hove-albion-vs-sunderland,547,E.Le Fée,86,,yellow,1,0
17,25-26-prem-everton-vs-arsenal,292,Mykolenko,26,,yellow,1,0
17,25-26-prem-everton-vs-arsenal,291,Tarkowski,39,,yellow,1,0
17,25-26-prem-everton-vs-arsenal,666,Gyökeres,56,,yellow,1,0
17,25-26-prem-everton-vs-arsenal,19,Martinelli,89,,yellow,1,0
17,25-26-prem-fulham-vs-nottingham-forest,337,Raúl,45,,yellow,1,0
17,25-26-prem-fulham-vs-nottingham-forest,715,John,45,,yellow,1,0
17,25-26-prem-fulham-vs-nottingham-forest,330,Berge,56,,yellow,1,0
17,25-26-prem-fulham-vs-nottingham-forest,506,Murillo,70,,yellow,1,0
17,25-26-prem-fulham-vs-nottingham-forest,329,Wilson,77,,yellow,1,0
17,25-26-prem-fulham-vs-nottingham-forest,321,J.Cuenca,82,,yellow,1,0
17,25-26-prem-fulham-vs-nottingham-forest,505,Milenković,83,,yellow,1,0
17,25-26-prem-fulham-vs-nottingham-forest,317,Andersen,90,,yellow,1,0
17,25-26-prem-leeds-united-vs-crystal-palace,257,Lacroix,42,,yellow,1,0
17,25-26-prem-leeds-united-vs-crystal-palace,260,Guéhi,45,,yellow,1,0
17,25-26-prem-leeds-united-vs-crystal-palace,273,Wharton,90,,yellow,1,0
17,25-26-prem-leeds-united-vs-crystal-palace,665,Perri,90,,yellow,1,0
17,25-26-prem-manchester-city-vs-west-ham-united,423,N.Gonzalez,28,,yellow,1,0
17,25-26-prem-manchester-city-vs-west-ham-united,624,Bowen,41,,yellow,1,0
17,25-26-prem-newcastle-united-vs-chelsea,220,Sánchez,7,,yellow,1,0
17,25-26-prem-newcastle-united-vs-chelsea,453,Garnacho,27,,yellow,1,0
17,25-26-prem-newcastle-united-vs-chelsea,228,Gusto,45,,yellow,1,0
17,25-26-prem-newcastle-united-vs-chelsea,474,Schär,61,,yellow,1,0
17,25-26-prem-newcastle-united-vs-chelsea,241,Caicedo,70,,yellow,1,0
17,25-26-prem-newcastle-united-vs-chelsea,135,Wissa,77,,yellow,1,0
17,25-26-prem-newcastle-united-vs-chelsea,246,Andrey Santos,82,,yellow,1,0
17,25-26-prem-newcastle-united-vs-chelsea,249,João Pedro,83,,yellow,1,0
17,25-26-prem-newcastle-united-vs-chelsea,473,Hall,86,,yellow,1,0
17,25-26-prem-tottenham-hotspur-vs-liverpool,717,Xavi,33,,red,0,1
17,25-26-prem-tottenham-hotspur-vs-liverpool,569,Romero,66,,yellow,1,0
17,25-26-prem-tottenham-hotspur-vs-liverpool,374,Konaté,76,,yellow,1,0
17,25-26-prem-tottenham-hotspur-vs-liverpool,387,Szoboszlai,83,,yellow,1,0
17,25-26-prem-tottenham-hotspur-vs-liverpool,575,Van de Ven,85,,yellow,1,0
17,25-26-prem-tottenham-hotspur-vs-liverpool,386,Mac Allister,90,,yellow,1,0
17,25-26-prem-tottenham-hotspur-vs-liverpool,585,Bentancur,90,,yellow,1,0
17,25-26-prem-tottenham-hotspur-vs-liverpool,569,Romero,90,,yellowRed,1,1
17,25-26-prem-wolverhampton-wanderers-vs-brentford,113,Van den Berg,19,,yellow,1,0
17,25-26-prem-wolverhampton-wanderers-vs-brentford,646,J.Gomes,24,,yellow,1,0
17,25-26-prem-wolverhampton-wanderers-vs-brentford,110,Kayode,44,,yellow,1,0
17,25-26-prem-wolverhampton-wanderers-vs-brentford,642,Hee Chan,44,,yellow,1,0
17,25-26-prem-wolverhampton-wanderers-vs-brentford,109,Henry,72,,yellow,1,0
17,25-26-prem-wolverhampton-wanderers-vs-brentford,125,Janelt,90,,yellow,1,0
18,25-26-prem-arsenal-vs-brighton-hove-albion,139,Verbruggen,45,,yellow,1,0
18,25-26-prem-arsenal-vs-brighton-hove-albion,146,Dunk,50,,yellow,1,0
18,25-26-prem-arsenal-vs-brighton-hove-albion,144,Coppola,56,,yellow,1,0
18,25-26-prem-arsenal-vs-brighton-hove-albion,10,Lewis-Skelly,69,,yellow,1,0
18,25-26-prem-arsenal-vs-brighton-hove-albion,725,Hincapie,90,,yellow,1,0
18,25-26-prem-brentford-vs-afc-bournemouth,126,Jensen,75,,yellow,1,0
18,25-26-prem-brentford-vs-afc-bournemouth,110,Kayode,82,,yellow,1,0
18,25-26-prem-brentford-vs-afc-bournemouth,81,Kluivert,82,,yellow,1,0
18,25-26-prem-brentford-vs-afc-bournemouth,84,Tavernier,90,,yellow,1,0
18,25-26-prem-burnley-vs-everton,304,Iroegbunam,80,,yellow,1,0
18,25-26-prem-burnley-vs-everton,707,Dibling,85,,yellow,1,0
18,25-26-prem-chelsea-vs-aston-villa,36,Cash,30,,yellow,1,0
18,25-26-prem-chelsea-vs-aston-villa,225,James,57,,yellow,1,0
18,25-26-prem-chelsea-vs-aston-villa,47,Rogers,57,,yellow,1,0
18,25-26-prem-chelsea-vs-aston-villa,226,Chalobah,68,,yellow,1,0
18,25-26-prem-chelsea-vs-aston-villa,250,Delap,71,,yellow,1,0
18,25-26-prem-chelsea-vs-aston-villa,241,Caicedo,71,,yellow,1,0
18,25-26-prem-chelsea-vs-aston-villa,58,Kamara,78,,yellow,1,0
18,25-26-prem-chelsea-vs-aston-villa,237,Enzo,90,,yellow,1,0
18,25-26-prem-crystal-palace-vs-tottenham-hotspur,570,Danso,5,,yellow,1,0
18,25-26-prem-crystal-palace-vs-tottenham-hotspur,591,Gray,22,,yellow,1,0
18,25-26-prem-crystal-palace-vs-tottenham-hotspur,270,Hughes,45,,yellow,1,0
18,25-26-prem-crystal-palace-vs-tottenham-hotspur,257,Lacroix,46,,yellow,1,0
18,25-26-prem-crystal-palace-vs-tottenham-hotspur,272,Lerma,85,,yellow,1,0
18,25-26-prem-liverpool-vs-wolverhampton-wanderers,643,André,56,,yellow,1,0
18,25-26-prem-manchester-united-vs-newcastle-united,443,Shaw,69,,yellow,1,0
18,25-26-prem-manchester-united-vs-newcastle-united,491,Tonali,73,,yellow,1,0
18,25-26-prem-manchester-united-vs-newcastle-united,450,Cunha,90,,yellow,1,0
18,25-26-prem-nottingham-forest-vs-manchester-city,408,Rúben,36,,yellow,1,0
18,25-26-prem-nottingham-forest-vs-manchester-city,517,Anderson,43,,yellow,1,0
18,25-26-prem-nottingham-forest-vs-manchester-city,411,O'Reilly,59,,yellow,1,0
18,25-26-prem-sunderland-vs-leeds-united,532,Hume,61,,yellow,1,0
18,25-26-prem-west-ham-united-vs-fulham,609,Todibo,44,,yellow,1,0
18,25-26-prem-west-ham-united-vs-fulham,317,Andersen,51,,yellow,1,0
18,25-26-prem-west-ham-united-vs-fulham,329,Wilson,54,,yellow,1,0
19,25-26-prem-arsenal-vs-aston-villa,47,Rogers,45,,yellow,1,0
19,25-26-prem-arsenal-vs-aston-villa,22,Merino,45,,yellow,1,0
19,25-26-prem-arsenal-vs-aston-villa,31,G.Jesus,79,,yellow,1,0
19,25-26-prem-arsenal-vs-aston-villa,44,Bogarde,81,,yellow,1,0
19,25-26-prem-arsenal-vs-aston-villa,64,Watkins,90,,yellow,1,0
19,25-26-prem-brentford-vs-tottenham-hotspur,124,Henderson,58,,yellow,1,0
19,25-26-prem-brentford-vs-tottenham-hotspur,673,J.Palhinha,60,,yellow,1,0
19,25-26-prem-brentford-vs-tottenham-hotspur,565,Vicario,69,,yellow,1,0
19,25-26-prem-burnley-vs-newcastle-united,490,Joelinton,28,,yellow,1,0
19,25-26-prem-burnley-vs-newcastle-united,187,Walker,28,,yellow,1,0
19,25-26-prem-burnley-vs-newcastle-united,722,Florentino,32,,yellow,1,0
19,25-26-prem-chelsea-vs-afc-bournemouth,241,Caicedo,4,,yellow,1,0
19,25-26-prem-chelsea-vs-afc-bournemouth,84,Tavernier,84,,yellow,1,0
19,25-26-prem-crystal-palace-vs-fulham,321,J.Cuenca,19,,yellow,1,0
19,25-26-prem-crystal-palace-vs-fulham,317,Andersen,46,,yellow,1,0
19,25-26-prem-crystal-palace-vs-fulham,325,Smith Rowe,60,,yellow,1,0
19,25-26-prem-crystal-palace-vs-fulham,331,Cairney,81,,yellow,1,0
19,25-26-prem-crystal-palace-vs-fulham,319,Castagne,88,,yellow,1,0
19,25-26-prem-liverpool-vs-leeds-united,354,Ampadu,61,,yellow,1,0
19,25-26-prem-liverpool-vs-leeds-united,344,Bijol,62,,yellow,1,0
19,25-26-prem-manchester-united-vs-wolverhampton-wanderers,695,Tchatchoua,63,,yellow,1,0
19,25-26-prem-manchester-united-vs-wolverhampton-wanderers,654,Strand Larsen,90,,yellow,1,0
19,25-26-prem-nottingham-forest-vs-everton,699,Douglas Luiz,61,,yellow,1,0
19,25-26-prem-sunderland-vs-manchester-city,543,Adingra,45,,yellow,1,0
19,25-26-prem-sunderland-vs-manchester-city,405,Aké,77,,yellow,1,0
19,25-26-prem-west-ham-united-vs-brighton-hove-albion,624,Bowen,13,,yellow,1,0
19,25-26-prem-west-ham-united-vs-brighton-hove-albion,178,Welbeck,37,,yellow,1,0
19,25-26-prem-west-ham-united-vs-brighton-hove-albion,708,M.Fernandes,37,,yellow,1,0
19,25-26-prem-west-ham-united-vs-brighton-hove-albion,170,Milner,42,,yellow,1,0
19,25-26-prem-west-ham-united-vs-brighton-hove-albion,146,Dunk,45,,yellow,1,0
19,25-26-prem-west-ham-united-vs-brighton-hove-albion,605,Kilman,45,,yellow,1,0
19,25-26-prem-west-ham-united-vs-brighton-hove-albion,181,Kostoulas,84,,yellow,1,0
19,25-26-prem-west-ham-united-vs-brighton-hove-albion,151,Van Hecke,90,,yellow,1,0
20,25-26-prem-afc-bournemouth-vs-arsenal,82,Semenyo,26,,yellow,1,0
20,25-26-prem-afc-bournemouth-vs-arsenal,26,Zubimendi,70,,yellow,1,0
20,25-26-prem-afc-bournemouth-vs-arsenal,100,E. J. Kroupi,80,,yellow,1,0
20,25-26-prem-afc-bournemouth-vs-arsenal,697,Adli,90,,yellow,1,0
20,25-26-prem-aston-villa-vs-nottingham-forest,734,Bakwa,65,,yellow,1,0
20,25-26-prem-aston-villa-vs-nottingham-forest,426,McAtee,89,,yellow,1,0
20,25-26-prem-aston-villa-vs-nottingham-forest,44,Bogarde,90,,yellow,1,0
20,25-26-prem-brighton-hove-albion-vs-burnley,209,Laurent,22,,yellow,1,0
20,25-26-prem-brighton-hove-albion-vs-burnley,722,Florentino,39,,yellow,1,0
20,25-26-prem-brighton-hove-albion-vs-burnley,193,Humphreys,44,,yellow,1,0
20,25-26-prem-brighton-hove-albion-vs-burnley,187,Walker,90,,yellow,1,0
20,25-26-prem-everton-vs-brentford,129,Yarmoliuk,31,,yellow,1,0
20,25-26-prem-everton-vs-brentford,110,Kayode,39,,yellow,1,0
20,25-26-prem-fulham-vs-liverpool,329,Wilson,71,,yellow,1,0
20,25-26-prem-fulham-vs-liverpool,384,Gakpo,90,,yellow,1,0
20,25-26-prem-leeds-united-vs-manchester-united,441,Dorgu,34,,yellow,1,0
20,25-26-prem-manchester-city-vs-chelsea,225,James,52,,yellow,1,0
20,25-26-prem-manchester-city-vs-chelsea,408,Rúben,54,,yellow,1,0
20,25-26-prem-manchester-city-vs-chelsea,407,Matheus N.,79,,yellow,1,0
20,25-26-prem-manchester-city-vs-chelsea,250,Delap,79,,yellow,1,0
20,25-26-prem-manchester-city-vs-chelsea,237,Enzo,90,,yellow,1,0
20,25-26-prem-manchester-city-vs-chelsea,416,Bernardo,90,,yellow,1,0
20,25-26-prem-newcastle-united-vs-crystal-palace,580,Johnson,33,,yellow,1,0
20,25-26-prem-newcastle-united-vs-crystal-palace,258,Mitchell,49,,yellow,1,0
20,25-26-prem-newcastle-united-vs-crystal-palace,260,Guéhi,55,,yellow,1,0
20,25-26-prem-newcastle-united-vs-crystal-palace,485,Gordon,62,,yellow,1,0
20,25-26-prem-tottenham-hotspur-vs-sunderland,535,Cirkin,47,,yellow,1,0
20,25-26-prem-tottenham-hotspur-vs-sunderland,683,Alderete,50,,yellow,1,0
20,25-26-prem-tottenham-hotspur-vs-sunderland,547,E.Le Fée,60,,yellow,1,0
20,25-26-prem-tottenham-hotspur-vs-sunderland,585,Bentancur,83,,yellow,1,0
20,25-26-prem-wolverhampton-wanderers-vs-west-ham-united,695,Tchatchoua,85,,yellow,1,0
21,25-26-prem-afc-bournemouth-vs-tottenham-hotspur,82,Semenyo,43,,yellow,1,0
21,25-26-prem-afc-bournemouth-vs-tottenham-hotspur,88,Cook,51,,yellow,1,0
21,25-26-prem-afc-bournemouth-vs-tottenham-hotspur,568,Pedro Porro,60,,yellow,1,0
21,25-26-prem-afc-bournemouth-vs-tottenham-hotspur,726,Kolo Muani,61,,yellow,1,0
21,25-26-prem-afc-bournemouth-vs-tottenham-hotspur,575,Van de Ven,75,,yellow,1,0
21,25-26-prem-afc-bournemouth-vs-tottenham-hotspur,713,A.Jimenez,77,,yellow,1,0
21,25-26-prem-arsenal-vs-liverpool,20,Trossard,12,,yellow,1,0
21,25-26-prem-arsenal-vs-liverpool,374,Konaté,90,,yellow,1,0
21,25-26-prem-arsenal-vs-liverpool,19,Martinelli,90,,yellow,1,0
21,25-26-prem-arsenal-vs-liverpool,386,Mac Allister,90,,yellow,1,0
21,25-26-prem-brentford-vs-sunderland,136,Thiago,43,,yellow,1,0
21,25-26-prem-brentford-vs-sunderland,532,Hume,45,,yellow,1,0
21,25-26-prem-brentford-vs-sunderland,125,Janelt,63,,yellow,1,0
21,25-26-prem-burnley-vs-manchester-united,207,Hannibal,41,,yellow,1,0
21,25-26-prem-burnley-vs-manchester-united,217,Foster,90,,yellow,1,0
21,25-26-prem-crystal-palace-vs-aston-villa,580,Johnson,67,,yellow,1,0
21,25-26-prem-crystal-palace-vs-aston-villa,258,Mitchell,83,,yellow,1,0
21,25-26-prem-everton-vs-wolverhampton-wanderers,628,José Sá,43,,yellow,1,0
21,25-26-prem-everton-vs-wolverhampton-wanderers,634,Mosquera,57,,yellow,1,0
21,25-26-prem-everton-vs-wolverhampton-wanderers,304,Iroegbunam,77,,yellow,1,0
21,25-26-prem-everton-vs-wolverhampton-wanderers,642,Hee Chan,77,,yellow,1,0
21,25-26-prem-everton-vs-wolverhampton-wanderers,295,Keane,83,,red,0,1
21,25-26-prem-everton-vs-wolverhampton-wanderers,419,Grealish,87,,yellow,1,0
21,25-26-prem-everton-vs-wolverhampton-wanderers,419,Grealish,90,,yellowRed,1,1
21,25-26-prem-fulham-vs-chelsea,224,Cucurella,22,,red,0,1
21,25-26-prem-fulham-vs-chelsea,237,Enzo,24,,yellow,1,0
21,25-26-prem-fulham-vs-chelsea,235,Palmer,25,,yellow,1,0
21,25-26-prem-fulham-vs-chelsea,232,Tosin,25,,yellow,1,0
21,25-26-prem-fulham-vs-chelsea,321,J.Cuenca,45,,yellow,1,0
21,25-26-prem-fulham-vs-chelsea,319,Castagne,78,,yellow,1,0
21,25-26-prem-fulham-vs-chelsea,337,Raúl,90,,yellow,1,0
21,25-26-prem-manchester-city-vs-brighton-hove-albion,146,Dunk,29,,yellow,1,0
21,25-26-prem-manchester-city-vs-brighton-hove-albion,783,Groß,41,,yellow,1,0
21,25-26-prem-manchester-city-vs-brighton-hove-albion,151,Van Hecke,53,,yellow,1,0
21,25-26-prem-manchester-city-vs-brighton-hove-albion,145,De Cuyper,60,,yellow,1,0
21,25-26-prem-manchester-city-vs-brighton-hove-albion,736,Donnarumma,60,,yellow,1,0
21,25-26-prem-manchester-city-vs-brighton-hove-albion,157,K. Mitoma,69,,yellow,1,0
21,25-26-prem-manchester-city-vs-brighton-hove-albion,172,Watson,89,,yellow,1,0
21,25-26-prem-newcastle-united-vs-leeds-united,684,Thiaw,7,,yellow,1,0
21,25-26-prem-newcastle-united-vs-leeds-united,691,Calvert-Lewin,22,,yellow,1,0
21,25-26-prem-newcastle-united-vs-leeds-united,490,Joelinton,45,,yellow,1,0
21,25-26-prem-newcastle-united-vs-leeds-united,485,Gordon,45,,yellow,1,0
21,25-26-prem-newcastle-united-vs-leeds-united,354,Ampadu,90,,yellow,1,0
21,25-26-prem-west-ham-united-vs-nottingham-forest,609,Todibo,61,,yellow,1,0
21,25-26-prem-west-ham-united-vs-nottingham-forest,606,Mavropanos,90,,yellow,1,0
21,25-26-prem-west-ham-united-vs-nottingham-forest,659,Walker-Peters,90,,yellow,1,0
22,25-26-prem-aston-villa-vs-everton,300,McNeil,23,,yellow,1,0
22,25-26-prem-aston-villa-vs-everton,303,Garner,47,,yellow,1,0
22,25-26-prem-aston-villa-vs-everton,44,Bogarde,56,,yellow,1,0
22,25-26-prem-brighton-hove-albion-vs-afc-bournemouth,178,Welbeck,58,,yellow,1,0
22,25-26-prem-brighton-hove-albion-vs-afc-bournemouth,72,Senesi,60,,yellow,1,0
22,25-26-prem-brighton-hove-albion-vs-afc-bournemouth,151,Van Hecke,77,,yellow,1,0
22,25-26-prem-brighton-hove-albion-vs-afc-bournemouth,73,Smith,83,,yellow,1,0
22,25-26-prem-brighton-hove-albion-vs-afc-bournemouth,67,Petrović,85,,yellow,1,0
22,25-26-prem-chelsea-vs-brentford,120,Schade,36,,yellow,1,0
22,25-26-prem-chelsea-vs-brentford,125,Janelt,45,,yellow,1,0
22,25-26-prem-chelsea-vs-brentford,224,Cucurella,67,,yellow,1,0
22,25-26-prem-chelsea-vs-brentford,230,Fofana,83,,yellow,1,0
22,25-26-prem-chelsea-vs-brentford,235,Palmer,90,,yellow,1,0
22,25-26-prem-leeds-united-vs-fulham,319,Castagne,27,,yellow,1,0
22,25-26-prem-leeds-united-vs-fulham,332,Lukić,28,,yellow,1,0
22,25-26-prem-leeds-united-vs-fulham,354,Ampadu,41,,yellow,1,0
22,25-26-prem-leeds-united-vs-fulham,329,Wilson,56,,yellow,1,0
22,25-26-prem-leeds-united-vs-fulham,321,J.Cuenca,87,,yellow,1,0
22,25-26-prem-liverpool-vs-burnley,371,Kerkez,40,,yellow,1,0
22,25-26-prem-liverpool-vs-burnley,193,Humphreys,90,,yellow,1,0
22,25-26-prem-liverpool-vs-burnley,218,Barnes,,,yellow,1,0
22,25-26-prem-manchester-united-vs-manchester-city,440,Dalot,11,,yellow,1,0
22,25-26-prem-manchester-united-vs-manchester-city,443,Shaw,17,,yellow,1,0
22,25-26-prem-manchester-united-vs-manchester-city,421,Rodri,45,,yellow,1,0
22,25-26-prem-manchester-united-vs-manchester-city,411,O'Reilly,48,,yellow,1,0
22,25-26-prem-manchester-united-vs-manchester-city,410,Lewis,75,,yellow,1,0
22,25-26-prem-nottingham-forest-vs-arsenal,8,J.Timber,37,,yellow,1,0
22,25-26-prem-nottingham-forest-vs-arsenal,507,Aina,90,,yellow,1,0
22,25-26-prem-sunderland-vs-crystal-palace,261,Richards,17,,yellow,1,0
22,25-26-prem-sunderland-vs-crystal-palace,273,Wharton,36,,yellow,1,0
22,25-26-prem-sunderland-vs-crystal-palace,532,Hume,48,,yellow,1,0
22,25-26-prem-sunderland-vs-crystal-palace,258,Mitchell,63,,yellow,1,0
22,25-26-prem-sunderland-vs-crystal-palace,694,Mukiele,63,,yellow,1,0
22,25-26-prem-sunderland-vs-crystal-palace,683,Alderete,66,,yellow,1,0
22,25-26-prem-tottenham-hotspur-vs-west-ham-united,791,Taty,1,,yellow,1,0
22,25-26-prem-tottenham-hotspur-vs-west-ham-united,571,Davies,19,,yellow,1,0
22,25-26-prem-tottenham-hotspur-vs-west-ham-united,591,Gray,39,,yellow,1,0
22,25-26-prem-tottenham-hotspur-vs-west-ham-united,569,Romero,45,,yellow,1,0
22,25-26-prem-tottenham-hotspur-vs-west-ham-united,624,Bowen,52,,yellow,1,0
22,25-26-prem-tottenham-hotspur-vs-west-ham-united,575,Van de Ven,57,,yellow,1,0
22,25-26-prem-tottenham-hotspur-vs-west-ham-united,613,Souček,72,,yellow,1,0
22,25-26-prem-tottenham-hotspur-vs-west-ham-united,573,Spence,78,,yellow,1,0
22,25-26-prem-wolverhampton-wanderers-vs-newcastle-united,491,Tonali,58,,yellow,1,0
22,25-26-prem-wolverhampton-wanderers-vs-newcastle-united,634,Mosquera,78,,yellow,1,0
22,25-26-prem-wolverhampton-wanderers-vs-newcastle-united,475,Botman,89,,yellow,1,0
22,25-26-prem-wolverhampton-wanderers-vs-newcastle-united,643,André,90,,yellow,1,0
23,25-26-prem-afc-bournemouth-vs-liverpool,100,E. J. Kroupi,45,,yellow,1,0
23,25-26-prem-afc-bournemouth-vs-liverpool,390,Gravenberch,90,,yellow,1,0
23,25-26-prem-arsenal-vs-manchester-united,21,Rice,64,,yellow,1,0
23,25-26-prem-arsenal-vs-manchester-united,266,Eze,90,,yellow,1,0
23,25-26-prem-brentford-vs-nottingham-forest,129,Yarmoliuk,66,,yellow,1,0
23,25-26-prem-burnley-vs-tottenham-hotspur,209,Laurent,79,,yellow,1,0
23,25-26-prem-crystal-palace-vs-chelsea,241,Caicedo,20,,yellow,1,0
23,25-26-prem-crystal-palace-vs-chelsea,723,Canvot,63,,yellow,1,0
23,25-26-prem-crystal-palace-vs-chelsea,273,Wharton,67,,yellow,1,0
23,25-26-prem-crystal-palace-vs-chelsea,273,Wharton,72,,yellowRed,1,1
23,25-26-prem-crystal-palace-vs-chelsea,272,Lerma,90,,yellow,1,0
23,25-26-prem-crystal-palace-vs-chelsea,246,Andrey Santos,90,,yellow,1,0
23,25-26-prem-everton-vs-leeds-united,660,Stach,54,,yellow,1,0
23,25-26-prem-everton-vs-leeds-united,356,Gruev,56,,yellow,1,0
23,25-26-prem-everton-vs-leeds-united,168,Buonanotte,90,,yellow,1,0
23,25-26-prem-fulham-vs-brighton-hove-albion,330,Berge,66,,yellow,1,0
23,25-26-prem-fulham-vs-brighton-hove-albion,181,Kostoulas,90,,yellow,1,0
23,25-26-prem-manchester-city-vs-wolverhampton-wanderers,643,André,57,,yellow,1,0
23,25-26-prem-manchester-city-vs-wolverhampton-wanderers,646,J.Gomes,67,,yellow,1,0
23,25-26-prem-manchester-city-vs-wolverhampton-wanderers,407,Matheus N.,71,,yellow,1,0
23,25-26-prem-manchester-city-vs-wolverhampton-wanderers,634,Mosquera,88,,yellow,1,0
23,25-26-prem-newcastle-united-vs-aston-villa,490,Joelinton,27,,yellow,1,0
23,25-26-prem-newcastle-united-vs-aston-villa,37,Digne,79,,yellow,1,0
23,25-26-prem-newcastle-united-vs-aston-villa,39,Maatsen,90,,yellow,1,0
23,25-26-prem-west-ham-united-vs-sunderland,531,Ballard,30,,yellow,1,0
23,25-26-prem-west-ham-united-vs-sunderland,541,Reinildo,35,,yellow,1,0
23,25-26-prem-west-ham-united-vs-sunderland,791,Taty,71,,yellow,1,0
23,25-26-prem-west-ham-united-vs-sunderland,552,Sadiki,80,,yellow,1,0
23,25-26-prem-west-ham-united-vs-sunderland,544,Diarra,88,,yellow,1,0
23,25-26-prem-west-ham-united-vs-sunderland,708,M.Fernandes,90,,yellow,1,0
24,25-26-prem-aston-villa-vs-brentford,108,Ajer,35,,yellow,1,0
24,25-26-prem-aston-villa-vs-brentford,120,Schade,42,,red,0,1
24,25-26-prem-aston-villa-vs-brentford,110,Kayode,45,,yellow,1,0
24,25-26-prem-aston-villa-vs-brentford,125,Janelt,90,,yellow,1,0
24,25-26-prem-brighton-hove-albion-vs-everton,783,Groß,53,,yellow,1,0
24,25-26-prem-brighton-hove-albion-vs-everton,290,Branthwaite,57,,yellow,1,0
24,25-26-prem-brighton-hove-albion-vs-everton,304,Iroegbunam,90,,yellow,1,0
24,25-26-prem-chelsea-vs-west-ham-united,241,Caicedo,85,,yellow,1,0
24,25-26-prem-chelsea-vs-west-ham-united,249,João Pedro,90,,yellow,1,0
24,25-26-prem-chelsea-vs-west-ham-united,326,Adama,90,,yellow,1,0
24,25-26-prem-chelsea-vs-west-ham-united,608,Scarles,90,,yellow,1,0
24,25-26-prem-chelsea-vs-west-ham-united,237,Enzo,90,,yellow,1,0
24,25-26-prem-leeds-united-vs-arsenal,347,Gudmundsson,37,,yellow,1,0
24,25-26-prem-leeds-united-vs-arsenal,8,J.Timber,59,,yellow,1,0
24,25-26-prem-liverpool-vs-newcastle-united,485,Gordon,11,,yellow,1,0
24,25-26-prem-liverpool-vs-newcastle-united,52,J.Ramsey,45,,yellow,1,0
24,25-26-prem-liverpool-vs-newcastle-united,386,Mac Allister,59,,yellow,1,0
24,25-26-prem-liverpool-vs-newcastle-united,476,Burn,86,,yellow,1,0
24,25-26-prem-manchester-united-vs-fulham,317,Andersen,42,,yellow,1,0
24,25-26-prem-manchester-united-vs-fulham,457,Casemiro,64,,yellow,1,0
24,25-26-prem-manchester-united-vs-fulham,442,Maguire,83,,yellow,1,0
24,25-26-prem-nottingham-forest-vs-crystal-palace,261,Richards,31,,yellow,1,0
24,25-26-prem-nottingham-forest-vs-crystal-palace,262,Chadi Riad,32,,yellow,1,0
24,25-26-prem-nottingham-forest-vs-crystal-palace,508,N.Williams,45,,red,0,1
24,25-26-prem-nottingham-forest-vs-crystal-palace,712,Yeremy,54,,yellow,1,0
24,25-26-prem-nottingham-forest-vs-crystal-palace,505,Milenković,75,,yellow,1,0
24,25-26-prem-sunderland-vs-burnley,676,Ugochukwu,45,,yellow,1,0
24,25-26-prem-sunderland-vs-burnley,470,Dúbravka,67,,yellow,1,0
24,25-26-prem-sunderland-vs-burnley,532,Hume,67,,yellow,1,0
24,25-26-prem-sunderland-vs-burnley,200,Anthony,70,,yellow,1,0
24,25-26-prem-sunderland-vs-burnley,187,Walker,90,,yellow,1,0
24,25-26-prem-tottenham-hotspur-vs-manchester-city,587,Bissouma,11,,yellow,1,0
24,25-26-prem-tottenham-hotspur-vs-manchester-city,406,Khusanov,21,,yellow,1,0
24,25-26-prem-tottenham-hotspur-vs-manchester-city,717,Xavi,38,,yellow,1,0
24,25-26-prem-tottenham-hotspur-vs-manchester-city,421,Rodri,45,,yellow,1,0
24,25-26-prem-tottenham-hotspur-vs-manchester-city,596,Solanke,48,,yellow,1,0
24,25-26-prem-tottenham-hotspur-vs-manchester-city,423,N.Gonzalez,90,,yellow,1,0
24,25-26-prem-wolverhampton-wanderers-vs-afc-bournemouth,643,André,45,,yellow,1,0
24,25-26-prem-wolverhampton-wanderers-vs-afc-bournemouth,713,A.Jimenez,58,,yellow,1,0
24,25-26-prem-wolverhampton-wanderers-vs-afc-bournemouth,697,Adli,60,,yellow,1,0
24,25-26-prem-wolverhampton-wanderers-vs-afc-bournemouth,634,Mosquera,61,,yellow,1,0
24,25-26-prem-wolverhampton-wanderers-vs-afc-bournemouth,646,J.Gomes,75,,yellow,1,0
24,25-26-prem-wolverhampton-wanderers-vs-afc-bournemouth,77,Hill,88,,yellow,1,0
25,25-26-prem-afc-bournemouth-vs-aston-villa,713,A.Jimenez,35,,yellow,1,0
25,25-26-prem-afc-bournemouth-vs-aston-villa,50,Buendía,35,,yellow,1,0
25,25-26-prem-arsenal-vs-sunderland,6,Saliba,26,,yellow,1,0
25,25-26-prem-arsenal-vs-sunderland,544,Diarra,39,,yellow,1,0
25,25-26-prem-arsenal-vs-sunderland,730,Brobbey,40,,yellow,1,0
25,25-26-prem-brighton-hove-albion-vs-crystal-palace,270,Hughes,17,,yellow,1,0
25,25-26-prem-brighton-hove-albion-vs-crystal-palace,256,Muñoz,80,,yellow,1,0
25,25-26-prem-brighton-hove-albion-vs-crystal-palace,169,Gomez,85,,yellow,1,0
25,25-26-prem-brighton-hove-albion-vs-crystal-palace,654,Strand Larsen,85,,yellow,1,0
25,25-26-prem-burnley-vs-west-ham-united,722,Florentino,24,,yellow,1,0
25,25-26-prem-burnley-vs-west-ham-united,603,Diouf,40,,yellow,1,0
25,25-26-prem-burnley-vs-west-ham-united,193,Humphreys,76,,yellow,1,0
25,25-26-prem-burnley-vs-west-ham-united,209,Laurent,84,,yellow,1,0
25,25-26-prem-fulham-vs-everton,302,Gana,18,,yellow,1,0
25,25-26-prem-fulham-vs-everton,303,Garner,56,,yellow,1,0
25,25-26-prem-fulham-vs-everton,292,Mykolenko,65,,yellow,1,0
25,25-26-prem-fulham-vs-everton,321,J.Cuenca,66,,yellow,1,0
25,25-26-prem-fulham-vs-everton,293,O'Brien,88,,yellow,1,0
25,25-26-prem-fulham-vs-everton,287,Pickford,90,,yellow,1,0
25,25-26-prem-leeds-united-vs-nottingham-forest,698,Okafor,61,,yellow,1,0
25,25-26-prem-leeds-united-vs-nottingham-forest,521,Sangaré,62,,yellow,1,0
25,25-26-prem-liverpool-vs-manchester-city,413,Marmoush,42,,yellow,1,0
25,25-26-prem-liverpool-vs-manchester-city,373,Virgil,47,,yellow,1,0
25,25-26-prem-liverpool-vs-manchester-city,260,Guéhi,69,,yellow,1,0
25,25-26-prem-liverpool-vs-manchester-city,387,Szoboszlai,90,,red,0,1
25,25-26-prem-liverpool-vs-manchester-city,416,Bernardo,90,,yellow,1,0
25,25-26-prem-liverpool-vs-manchester-city,430,Haaland,90,,yellow,1,0
25,25-26-prem-liverpool-vs-manchester-city,366,Alisson,90,,yellow,1,0
25,25-26-prem-manchester-united-vs-tottenham-hotspur,574,Udogie,27,,yellow,1,0
25,25-26-prem-manchester-united-vs-tottenham-hotspur,569,Romero,29,,red,0,1
25,25-26-prem-manchester-united-vs-tottenham-hotspur,452,Amad,45,,yellow,1,0
25,25-26-prem-manchester-united-vs-tottenham-hotspur,673,J.Palhinha,70,,yellow,1,0
25,25-26-prem-newcastle-united-vs-brentford,489,J.Murphy,44,,yellow,1,0
25,25-26-prem-newcastle-united-vs-brentford,136,Thiago,69,,yellow,1,0
25,25-26-prem-newcastle-united-vs-brentford,473,Hall,90,,yellow,1,0
25,25-26-prem-newcastle-united-vs-brentford,125,Janelt,90,,yellow,1,0
25,25-26-prem-wolverhampton-wanderers-vs-chelsea,817,Armstrong,45,,yellow,1,0
25,25-26-prem-wolverhampton-wanderers-vs-chelsea,224,Cucurella,73,,yellow,1,0
26,25-26-prem-aston-villa-vs-brighton-hove-albion,167,Baleba,2,,yellow,1,0
26,25-26-prem-aston-villa-vs-brighton-hove-albion,152,Veltman,23,,yellow,1,0
26,25-26-prem-aston-villa-vs-brighton-hove-albion,32,Martinez,41,,yellow,1,0
26,25-26-prem-aston-villa-vs-brighton-hove-albion,151,Van Hecke,41,,yellow,1,0
26,25-26-prem-aston-villa-vs-brighton-hove-albion,47,Rogers,50,,yellow,1,0
26,25-26-prem-brentford-vs-arsenal,125,Janelt,4,,yellow,1,0
26,25-26-prem-brentford-vs-arsenal,5,Gabriel,20,,yellow,1,0
26,25-26-prem-brentford-vs-arsenal,666,Gyökeres,30,,yellow,1,0
26,25-26-prem-brentford-vs-arsenal,126,Jensen,53,,yellow,1,0
26,25-26-prem-brentford-vs-arsenal,83,O.Dango,86,,yellow,1,0
26,25-26-prem-chelsea-vs-leeds-united,228,Gusto,8,,yellow,1,0
26,25-26-prem-chelsea-vs-leeds-united,233,Acheampong,15,,yellow,1,0
26,25-26-prem-chelsea-vs-leeds-united,347,Gudmundsson,19,,yellow,1,0
26,25-26-prem-chelsea-vs-leeds-united,345,Bornauw,22,,yellow,1,0
26,25-26-prem-chelsea-vs-leeds-united,706,Justin,45,,yellow,1,0
26,25-26-prem-chelsea-vs-leeds-united,235,Palmer,67,,yellow,1,0
26,25-26-prem-chelsea-vs-leeds-united,493,Longstaff,90,,yellow,1,0
26,25-26-prem-crystal-palace-vs-burnley,261,Richards,35,,yellow,1,0
26,25-26-prem-crystal-palace-vs-burnley,272,Lerma,36,,yellow,1,0
26,25-26-prem-crystal-palace-vs-burnley,207,Hannibal,74,,yellow,1,0
26,25-26-prem-everton-vs-afc-bournemouth,807,Rayan,57,,yellow,1,0
26,25-26-prem-everton-vs-afc-bournemouth,311,Beto,66,,yellow,1,0
26,25-26-prem-everton-vs-afc-bournemouth,293,O'Brien,69,,red,0,1
26,25-26-prem-everton-vs-afc-bournemouth,86,Brooks,81,,yellow,1,0
26,25-26-prem-manchester-city-vs-fulham,317,Andersen,31,,yellow,1,0
26,25-26-prem-manchester-city-vs-fulham,416,Bernardo,41,,yellow,1,0
26,25-26-prem-manchester-city-vs-fulham,414,Foden,66,,yellow,1,0
26,25-26-prem-manchester-city-vs-fulham,423,N.Gonzalez,83,,yellow,1,0
26,25-26-prem-nottingham-forest-vs-wolverhampton-wanderers,695,Tchatchoua,75,,yellow,1,0
26,25-26-prem-nottingham-forest-vs-wolverhampton-wanderers,644,Bellegarde,86,,yellow,1,0
26,25-26-prem-sunderland-vs-liverpool,541,Reinildo,24,,yellow,1,0
26,25-26-prem-tottenham-hotspur-vs-newcastle-united,593,P.M.Sarr,41,,yellow,1,0
26,25-26-prem-tottenham-hotspur-vs-newcastle-united,476,Burn,59,,yellow,1,0
26,25-26-prem-tottenham-hotspur-vs-newcastle-united,573,Spence,62,,yellow,1,0
26,25-26-prem-tottenham-hotspur-vs-newcastle-united,717,Xavi,67,,yellow,1,0
26,25-26-prem-tottenham-hotspur-vs-newcastle-united,488,Bruno G.,89,,yellow,1,0
26,25-26-prem-west-ham-united-vs-manchester-united,440,Dalot,57,,yellow,1,0
26,25-26-prem-west-ham-united-vs-manchester-united,708,M.Fernandes,70,,yellow,1,0
26,25-26-prem-wolverhampton-wanderers-vs-arsenal,636,S.Bueno,45,,yellow,1,0
26,25-26-prem-wolverhampton-wanderers-vs-arsenal,644,Bellegarde,71,,yellow,1,0
27,25-26-prem-aston-villa-vs-leeds-united,344,Bijol,62,,yellow,1,0
27,25-26-prem-aston-villa-vs-leeds-united,341,Darlow,69,,yellow,1,0
27,25-26-prem-aston-villa-vs-leeds-united,50,Buendía,73,,yellow,1,0
27,25-26-prem-aston-villa-vs-leeds-united,342,Bogle,79,,yellow,1,0
27,25-26-prem-aston-villa-vs-leeds-united,356,Gruev,90,,yellow,1,0
27,25-26-prem-brentford-vs-brighton-hove-albion,173,Wieffer,12,,yellow,1,0
27,25-26-prem-brentford-vs-brighton-hove-albion,148,F.Kadıoğlu,54,,yellow,1,0
27,25-26-prem-brentford-vs-brighton-hove-albion,129,Yarmoliuk,90,,yellow,1,0
27,25-26-prem-chelsea-vs-burnley,207,Hannibal,30,,yellow,1,0
27,25-26-prem-chelsea-vs-burnley,230,Fofana,34,,yellow,1,0
27,25-26-prem-chelsea-vs-burnley,230,Fofana,72,,yellowRed,1,1
27,25-26-prem-chelsea-vs-burnley,672,Hato,90,,yellow,1,0
27,25-26-prem-chelsea-vs-burnley,220,Sánchez,90,,yellow,1,0
27,25-26-prem-chelsea-vs-burnley,209,Laurent,,,yellow,1,0
27,25-26-prem-crystal-palace-vs-wolverhampton-wanderers,270,Hughes,15,,yellow,1,0
27,25-26-prem-crystal-palace-vs-wolverhampton-wanderers,723,Canvot,31,,yellow,1,0
27,25-26-prem-crystal-palace-vs-wolverhampton-wanderers,273,Wharton,41,,yellow,1,0
27,25-26-prem-crystal-palace-vs-wolverhampton-wanderers,709,Krejčí,58,,yellow,1,0
27,25-26-prem-crystal-palace-vs-wolverhampton-wanderers,709,Krejčí,61,,yellowRed,1,1
27,25-26-prem-crystal-palace-vs-wolverhampton-wanderers,262,Chadi Riad,67,,yellow,1,0
27,25-26-prem-crystal-palace-vs-wolverhampton-wanderers,267,Sarr,90,,yellow,1,0
27,25-26-prem-crystal-palace-vs-wolverhampton-wanderers,643,André,90,,yellow,1,0
27,25-26-prem-everton-vs-manchester-united,287,Pickford,77,,yellow,1,0
27,25-26-prem-everton-vs-manchester-united,291,Tarkowski,83,,yellow,1,0
27,25-26-prem-everton-vs-manchester-united,442,Maguire,84,,yellow,1,0
27,25-26-prem-everton-vs-manchester-united,438,Mazraoui,90,,yellow,1,0
27,25-26-prem-manchester-city-vs-newcastle-united,476,Burn,9,,yellow,1,0
27,25-26-prem-manchester-city-vs-newcastle-united,408,Rúben,41,,yellow,1,0
27,25-26-prem-manchester-city-vs-newcastle-united,494,Willock,48,,yellow,1,0
27,25-26-prem-manchester-city-vs-newcastle-united,416,Bernardo,50,,yellow,1,0
27,25-26-prem-manchester-city-vs-newcastle-united,487,Barnes,62,,yellow,1,0
27,25-26-prem-manchester-city-vs-newcastle-united,478,Trippier,65,,yellow,1,0
27,25-26-prem-manchester-city-vs-newcastle-united,490,Joelinton,89,,yellow,1,0
27,25-26-prem-nottingham-forest-vs-liverpool,515,Gibbs-White,20,,yellow,1,0
27,25-26-prem-nottingham-forest-vs-liverpool,507,Aina,61,,yellow,1,0
27,25-26-prem-sunderland-vs-fulham,337,Raúl,41,,yellow,1,0
27,25-26-prem-sunderland-vs-fulham,730,Brobbey,60,,yellow,1,0
27,25-26-prem-tottenham-hotspur-vs-arsenal,8,J.Timber,27,,yellow,1,0
27,25-26-prem-tottenham-hotspur-vs-arsenal,591,Gray,35,,yellow,1,0
27,25-26-prem-tottenham-hotspur-vs-arsenal,587,Bissouma,86,,yellow,1,0
27,25-26-prem-west-ham-united-vs-afc-bournemouth,613,Souček,33,,yellow,1,0
27,25-26-prem-west-ham-united-vs-afc-bournemouth,72,Senesi,44,,yellow,1,0
28,25-26-prem-afc-bournemouth-vs-sunderland,552,Sadiki,33,,yellow,1,0
28,25-26-prem-afc-bournemouth-vs-sunderland,85,Adams,58,,yellow,1,0
28,25-26-prem-afc-bournemouth-vs-sunderland,670,Roefs,74,,yellow,1,0
28,25-26-prem-afc-bournemouth-vs-sunderland,801,Tóth.A,86,,yellow,1,0
28,25-26-prem-afc-bournemouth-vs-sunderland,90,Scott,90,,yellow,1,0
28,25-26-prem-afc-bournemouth-vs-sunderland,87,Christie,90,,yellow,1,0
28,25-26-prem-arsenal-vs-chelsea,235,Palmer,59,,yellow,1,0
28,25-26-prem-arsenal-vs-chelsea,672,Hato,65,,yellow,1,0
28,25-26-prem-arsenal-vs-chelsea,236,Neto,67,,yellow,1,0
28,25-26-prem-arsenal-vs-chelsea,236,Neto,70,,yellowRed,1,1
28,25-26-prem-arsenal-vs-chelsea,5,Gabriel,75,,yellow,1,0
28,25-26-prem-arsenal-vs-chelsea,237,Enzo,79,,yellow,1,0
28,25-26-prem-brighton-hove-albion-vs-nottingham-forest,517,Anderson,30,,yellow,1,0
28,25-26-prem-brighton-hove-albion-vs-nottingham-forest,173,Wieffer,55,,yellow,1,0
28,25-26-prem-brighton-hove-albion-vs-nottingham-forest,157,K. Mitoma,84,,yellow,1,0
28,25-26-prem-brighton-hove-albion-vs-nottingham-forest,146,Dunk,90,,yellow,1,0
28,25-26-prem-burnley-vs-brentford,136,Thiago,77,,yellow,1,0
28,25-26-prem-burnley-vs-brentford,193,Humphreys,86,,yellow,1,0
28,25-26-prem-burnley-vs-brentford,217,Foster,90,,yellow,1,0
28,25-26-prem-burnley-vs-brentford,129,Yarmoliuk,,,yellow,1,0
28,25-26-prem-fulham-vs-tottenham-hotspur,320,Diop,61,,yellow,1,0
28,25-26-prem-fulham-vs-tottenham-hotspur,575,Van de Ven,64,,yellow,1,0
28,25-26-prem-fulham-vs-tottenham-hotspur,597,Richarlison,66,,yellow,1,0
28,25-26-prem-fulham-vs-tottenham-hotspur,318,Bassey,66,,yellow,1,0
28,25-26-prem-fulham-vs-tottenham-hotspur,568,Pedro Porro,90,,yellow,1,0
28,25-26-prem-fulham-vs-tottenham-hotspur,331,Cairney,90,,yellow,1,0
28,25-26-prem-leeds-united-vs-manchester-city,736,Donnarumma,85,,yellow,1,0
28,25-26-prem-leeds-united-vs-manchester-city,415,Savinho,90,,yellow,1,0
28,25-26-prem-leeds-united-vs-manchester-city,402,Aït-Nouri,90,,yellow,1,0
28,25-26-prem-liverpool-vs-west-ham-united,718,S.Magassa,45,,yellow,1,0
28,25-26-prem-liverpool-vs-west-ham-united,384,Gakpo,55,,yellow,1,0
28,25-26-prem-liverpool-vs-west-ham-united,615,Summerville,79,,yellow,1,0
28,25-26-prem-liverpool-vs-west-ham-united,387,Szoboszlai,85,,yellow,1,0
28,25-26-prem-manchester-united-vs-crystal-palace,271,Kamada,6,,yellow,1,0
28,25-26-prem-manchester-united-vs-crystal-palace,440,Dalot,36,,yellow,1,0
28,25-26-prem-manchester-united-vs-crystal-palace,253,Henderson,49,,yellow,1,0
28,25-26-prem-manchester-united-vs-crystal-palace,257,Lacroix,56,,red,0,1
28,25-26-prem-manchester-united-vs-crystal-palace,447,Heaven,89,,yellow,1,0
28,25-26-prem-newcastle-united-vs-everton,242,Dewsbury-Hall,53,,yellow,1,0
28,25-26-prem-newcastle-united-vs-everton,494,Willock,61,,yellow,1,0
28,25-26-prem-newcastle-united-vs-everton,303,Garner,67,,yellow,1,0
28,25-26-prem-newcastle-united-vs-everton,476,Burn,88,,yellow,1,0
28,25-26-prem-newcastle-united-vs-everton,310,Barry,90,,yellow,1,0
28,25-26-prem-wolverhampton-wanderers-vs-aston-villa,634,Mosquera,45,,yellow,1,0
28,25-26-prem-wolverhampton-wanderers-vs-aston-villa,817,Armstrong,51,,yellow,1,0
28,25-26-prem-wolverhampton-wanderers-vs-aston-villa,50,Buendía,54,,yellow,1,0
28,25-26-prem-wolverhampton-wanderers-vs-aston-villa,644,Bellegarde,58,,yellow,1,0
28,25-26-prem-wolverhampton-wanderers-vs-aston-villa,49,Bailey,75,,yellow,1,0
28,25-26-prem-wolverhampton-wanderers-vs-aston-villa,36,Cash,90,,yellow,1,0
29,25-26-prem-afc-bournemouth-vs-brentford,126,Jensen,60,,yellow,1,0
29,25-26-prem-afc-bournemouth-vs-brentford,84,Tavernier,90,,yellow,1,0
29,25-26-prem-afc-bournemouth-vs-brentford,85,Adams,90,,yellow,1,0
29,25-26-prem-aston-villa-vs-chelsea,36,Cash,32,,yellow,1,0
29,25-26-prem-aston-villa-vs-chelsea,249,João Pedro,54,,yellow,1,0
29,25-26-prem-aston-villa-vs-chelsea,237,Enzo,58,,yellow,1,0
29,25-26-prem-aston-villa-vs-chelsea,47,Rogers,58,,yellow,1,0
29,25-26-prem-aston-villa-vs-chelsea,64,Watkins,68,,yellow,1,0
29,25-26-prem-brighton-hove-albion-vs-arsenal,662,Mosquera,11,,yellow,1,0
29,25-26-prem-brighton-hove-albion-vs-arsenal,169,Gomez,52,,yellow,1,0
29,25-26-prem-brighton-hove-albion-vs-arsenal,143,Boscagli,80,,yellow,1,0
29,25-26-prem-brighton-hove-albion-vs-arsenal,148,F.Kadıoğlu,81,,yellow,1,0
29,25-26-prem-brighton-hove-albion-vs-arsenal,166,Ayari,90,,yellow,1,0
29,25-26-prem-everton-vs-burnley,193,Humphreys,64,,yellow,1,0
29,25-26-prem-fulham-vs-west-ham-united,708,M.Fernandes,17,,yellow,1,0
29,25-26-prem-fulham-vs-west-ham-united,610,Wan-Bissaka,41,,yellow,1,0
29,25-26-prem-fulham-vs-west-ham-united,624,Bowen,90,,yellow,1,0
29,25-26-prem-fulham-vs-west-ham-united,758,Mohamadou Kanté,90,,yellow,1,0
29,25-26-prem-fulham-vs-west-ham-united,316,Robinson,90,,yellow,1,0
29,25-26-prem-fulham-vs-west-ham-united,318,Bassey,90,,yellow,1,0
29,25-26-prem-leeds-united-vs-sunderland,539,O'Nien,45,,yellow,1,0
29,25-26-prem-leeds-united-vs-sunderland,544,Diarra,58,,yellow,1,0
29,25-26-prem-leeds-united-vs-sunderland,683,Alderete,63,,yellow,1,0
29,25-26-prem-leeds-united-vs-sunderland,351,Gnonto,90,,yellow,1,0
29,25-26-prem-manchester-city-vs-nottingham-forest,521,Sangaré,45,,yellow,1,0
29,25-26-prem-manchester-city-vs-nottingham-forest,506,Murillo,60,,yellow,1,0
29,25-26-prem-manchester-city-vs-nottingham-forest,505,Milenković,63,,yellow,1,0
29,25-26-prem-manchester-city-vs-nottingham-forest,502,Sels,90,,yellow,1,0
29,25-26-prem-newcastle-united-vs-manchester-united,52,J.Ramsey,26,,yellow,1,0
29,25-26-prem-newcastle-united-vs-manchester-united,119,Mbeumo,37,,yellow,1,0
29,25-26-prem-newcastle-united-vs-manchester-united,490,Joelinton,38,,yellow,1,0
29,25-26-prem-newcastle-united-vs-manchester-united,443,Shaw,39,,yellow,1,0
29,25-26-prem-newcastle-united-vs-manchester-united,52,J.Ramsey,45,,yellowRed,1,1
29,25-26-prem-newcastle-united-vs-manchester-united,438,Mazraoui,64,,yellow,1,0
29,25-26-prem-newcastle-united-vs-manchester-united,478,Trippier,80,,yellow,1,0
29,25-26-prem-tottenham-hotspur-vs-crystal-palace,804,Souza,7,,yellow,1,0
29,25-26-prem-tottenham-hotspur-vs-crystal-palace,654,Strand Larsen,22,,yellow,1,0
29,25-26-prem-tottenham-hotspur-vs-crystal-palace,593,P.M.Sarr,25,,yellow,1,0
29,25-26-prem-tottenham-hotspur-vs-crystal-palace,575,Van de Ven,38,,red,0,1
29,25-26-prem-tottenham-hotspur-vs-crystal-palace,587,Bissouma,82,,yellow,1,0
29,25-26-prem-tottenham-hotspur-vs-crystal-palace,263,Clyne,90,,yellow,1,0
29,25-26-prem-wolverhampton-wanderers-vs-liverpool,390,Gravenberch,22,,yellow,1,0
29,25-26-prem-wolverhampton-wanderers-vs-liverpool,646,J.Gomes,69,,yellow,1,0
29,25-26-prem-wolverhampton-wanderers-vs-liverpool,636,S.Bueno,90,,yellow,1,0
30,25-26-prem-brentford-vs-wolverhampton-wanderers,817,Armstrong,24,,yellow,1,0
30,25-26-prem-brentford-vs-wolverhampton-wanderers,709,Krejčí,45,,yellow,1,0
30,25-26-prem-brentford-vs-wolverhampton-wanderers,106,Collins,57,,yellow,1,0
30,25-26-prem-brentford-vs-wolverhampton-wanderers,108,Ajer,77,,yellow,1,0
30,25-26-prem-brentford-vs-wolverhampton-wanderers,816,Angel,89,,yellow,1,0
30,25-26-prem-brentford-vs-wolverhampton-wanderers,628,José Sá,90,,yellow,1,0
30,25-26-prem-burnley-vs-afc-bournemouth,207,Hannibal,75,,yellow,1,0
30,25-26-prem-chelsea-vs-newcastle-united,230,Fofana,23,,yellow,1,0
30,25-26-prem-chelsea-vs-newcastle-united,241,Caicedo,25,,yellow,1,0
30,25-26-prem-chelsea-vs-newcastle-united,674,Ramsdale,84,,yellow,1,0
30,25-26-prem-chelsea-vs-newcastle-united,473,Hall,89,,yellow,1,0
30,25-26-prem-crystal-palace-vs-leeds-united,347,Gudmundsson,26,,yellow,1,0
30,25-26-prem-crystal-palace-vs-leeds-united,344,Bijol,31,,yellow,1,0
30,25-26-prem-crystal-palace-vs-leeds-united,270,Hughes,44,,yellow,1,0
30,25-26-prem-crystal-palace-vs-leeds-united,347,Gudmundsson,45,,yellowRed,1,1
30,25-26-prem-crystal-palace-vs-leeds-united,580,Johnson,54,,yellow,1,0
30,25-26-prem-manchester-united-vs-aston-villa,64,Watkins,41,,yellow,1,0
30,25-26-prem-manchester-united-vs-aston-villa,457,Casemiro,60,,yellow,1,0
30,25-26-prem-manchester-united-vs-aston-villa,50,Buendía,69,,yellow,1,0
30,25-26-prem-manchester-united-vs-aston-villa,444,Yoro,72,,yellow,1,0
30,25-26-prem-manchester-united-vs-aston-villa,442,Maguire,90,,yellow,1,0
30,25-26-prem-nottingham-forest-vs-fulham,508,N.Williams,18,,yellow,1,0
30,25-26-prem-nottingham-forest-vs-fulham,330,Berge,32,,yellow,1,0
30,25-26-prem-nottingham-forest-vs-fulham,517,Anderson,45,,yellow,1,0
30,25-26-prem-nottingham-forest-vs-fulham,316,Robinson,61,,yellow,1,0
30,25-26-prem-nottingham-forest-vs-fulham,317,Andersen,75,,yellow,1,0
30,25-26-prem-sunderland-vs-brighton-hove-albion,169,Gomez,51,,yellow,1,0
30,25-26-prem-sunderland-vs-brighton-hove-albion,160,Minteh,74,,yellow,1,0
30,25-26-prem-sunderland-vs-brighton-hove-albion,668,Xhaka,76,,yellow,1,0
30,25-26-prem-west-ham-united-vs-manchester-city,413,Marmoush,11,,yellow,1,0
30,25-26-prem-west-ham-united-vs-manchester-city,416,Bernardo,37,,yellow,1,0
30,25-26-prem-west-ham-united-vs-manchester-city,718,S.Magassa,76,,yellow,1,0
30,25-26-prem-west-ham-united-vs-manchester-city,708,M.Fernandes,89,,yellow,1,0
31,25-26-prem-afc-bournemouth-vs-manchester-united,457,Casemiro,28,,yellow,1,0
31,25-26-prem-afc-bournemouth-vs-manchester-united,713,A.Jimenez,59,,yellow,1,0
31,25-26-prem-afc-bournemouth-vs-manchester-united,442,Maguire,78,,red,0,1
31,25-26-prem-afc-bournemouth-vs-manchester-united,681,Šeško,90,,yellow,1,0
31,25-26-prem-afc-bournemouth-vs-manchester-united,73,Smith,90,,yellow,1,0
31,25-26-prem-aston-villa-vs-west-ham-united,610,Wan-Bissaka,45,,yellow,1,0
31,25-26-prem-brighton-hove-albion-vs-liverpool,160,Minteh,25,,yellow,1,0
31,25-26-prem-brighton-hove-albion-vs-liverpool,169,Gomez,45,,yellow,1,0
31,25-26-prem-brighton-hove-albion-vs-liverpool,374,Konaté,45,,yellow,1,0
31,25-26-prem-brighton-hove-albion-vs-liverpool,178,Welbeck,48,,yellow,1,0
31,25-26-prem-brighton-hove-albion-vs-liverpool,370,Frimpong,61,,yellow,1,0
31,25-26-prem-brighton-hove-albion-vs-liverpool,386,Mac Allister,68,,yellow,1,0
31,25-26-prem-brighton-hove-albion-vs-liverpool,387,Szoboszlai,79,,yellow,1,0
31,25-26-prem-brighton-hove-albion-vs-liverpool,146,Dunk,85,,yellow,1,0
31,25-26-prem-brighton-hove-albion-vs-liverpool,173,Wieffer,90,,yellow,1,0
31,25-26-prem-brighton-hove-albion-vs-liverpool,385,Chiesa,90,,yellow,1,0
31,25-26-prem-everton-vs-chelsea,453,Garnacho,69,,yellow,1,0
31,25-26-prem-everton-vs-chelsea,230,Fofana,87,,yellow,1,0
31,25-26-prem-fulham-vs-burnley,209,Laurent,37,,yellow,1,0
31,25-26-prem-fulham-vs-burnley,316,Robinson,55,,yellow,1,0
31,25-26-prem-fulham-vs-burnley,614,Ward-Prowse,64,,yellow,1,0
31,25-26-prem-fulham-vs-burnley,209,Laurent,90,,red,0,1
31,25-26-prem-fulham-vs-burnley,324,Iwobi,90,,yellow,1,0
31,25-26-prem-leeds-united-vs-brentford,343,Struijk,38,,yellow,1,0
31,25-26-prem-leeds-united-vs-brentford,342,Bogle,42,,yellow,1,0
31,25-26-prem-newcastle-united-vs-sunderland,532,Hume,44,,yellow,1,0
31,25-26-prem-newcastle-united-vs-sunderland,683,Alderete,82,,yellow,1,0
31,25-26-prem-newcastle-united-vs-sunderland,541,Reinildo,90,,yellow,1,0
31,25-26-prem-newcastle-united-vs-sunderland,724,Geertruida,90,,yellow,1,0
31,25-26-prem-newcastle-united-vs-sunderland,552,Sadiki,90,,yellow,1,0
31,25-26-prem-newcastle-united-vs-sunderland,730,Brobbey,90,,yellow,1,0
31,25-26-prem-newcastle-united-vs-sunderland,490,Joelinton,90,,yellow,1,0
31,25-26-prem-tottenham-hotspur-vs-nottingham-forest,521,Sangaré,53,,yellow,1,0
31,25-26-prem-tottenham-hotspur-vs-nottingham-forest,574,Udogie,82,,yellow,1,0
31,25-26-prem-tottenham-hotspur-vs-nottingham-forest,527,Awoniyi,88,,yellow,1,0
32,25-26-prem-arsenal-vs-afc-bournemouth,74,Truffert,77,,yellow,1,0
32,25-26-prem-arsenal-vs-afc-bournemouth,100,E. J. Kroupi,79,,yellow,1,0
32,25-26-prem-arsenal-vs-afc-bournemouth,666,Gyökeres,80,,yellow,1,0
32,25-26-prem-arsenal-vs-afc-bournemouth,77,Hill,90,6,yellow,1,0
32,25-26-prem-brentford-vs-everton,287,Pickford,2,,yellow,1,0
32,25-26-prem-brentford-vs-everton,303,Garner,47,,yellow,1,0
32,25-26-prem-burnley-vs-brighton-hove-albion,191,Estève,30,,yellow,1,0
32,25-26-prem-burnley-vs-brighton-hove-albion,151,Van Hecke,48,,yellow,1,0
32,25-26-prem-burnley-vs-brighton-hove-albion,722,Florentino,60,,yellow,1,0
32,25-26-prem-chelsea-vs-manchester-city,238,Estêvão,12,,yellow,1,0
32,25-26-prem-chelsea-vs-manchester-city,82,Semenyo,38,,yellow,1,0
32,25-26-prem-chelsea-vs-manchester-city,224,Cucurella,54,,yellow,1,0
32,25-26-prem-chelsea-vs-manchester-city,247,D.Essugo,90,8,yellow,1,0
32,25-26-prem-crystal-palace-vs-newcastle-united,684,Thiaw,68,,yellow,1,0
32,25-26-prem-crystal-palace-vs-newcastle-united,490,Joelinton,74,,yellow,1,0
32,25-26-prem-crystal-palace-vs-newcastle-united,674,Ramsdale,90,3,yellow,1,0
32,25-26-prem-manchester-united-vs-leeds-united,450,Cunha,18,,yellow,1,0
32,25-26-prem-manchester-united-vs-leeds-united,706,Justin,39,,yellow,1,0
32,25-26-prem-manchester-united-vs-leeds-united,443,Shaw,49,,yellow,1,0
32,25-26-prem-manchester-united-vs-leeds-united,437,Martinez,56,,red,0,1
32,25-26-prem-manchester-united-vs-leeds-united,449,B.Fernandes,64,,yellow,1,0
32,25-26-prem-manchester-united-vs-leeds-united,354,Ampadu,86,,yellow,1,0
32,25-26-prem-nottingham-forest-vs-aston-villa,36,Cash,11,,yellow,1,0
32,25-26-prem-nottingham-forest-vs-aston-villa,693,Hutchinson,45,,yellow,1,0
32,25-26-prem-nottingham-forest-vs-aston-villa,506,Murillo,63,,yellow,1,0
32,25-26-prem-nottingham-forest-vs-aston-villa,54,McGinn,67,,yellow,1,0
32,25-26-prem-sunderland-vs-tottenham-hotspur,569,Romero,28,,yellow,1,0
32,25-26-prem-sunderland-vs-tottenham-hotspur,730,Brobbey,33,,yellow,1,0
32,25-26-prem-sunderland-vs-tottenham-hotspur,568,Pedro Porro,37,,yellow,1,0
32,25-26-prem-sunderland-vs-tottenham-hotspur,575,Van de Ven,37,,yellow,1,0
32,25-26-prem-sunderland-vs-tottenham-hotspur,551,Rigg,75,,yellow,1,0
32,25-26-prem-sunderland-vs-tottenham-hotspur,532,Hume,90,1,yellow,1,0
32,25-26-prem-west-ham-united-vs-wolverhampton-wanderers,644,Bellegarde,9,,yellow,1,0
32,25-26-prem-west-ham-united-vs-wolverhampton-wanderers,634,Mosquera,20,,yellow,1,0
32,25-26-prem-west-ham-united-vs-wolverhampton-wanderers,708,M.Fernandes,31,,yellow,1,0
32,25-26-prem-west-ham-united-vs-wolverhampton-wanderers,791,Taty,52,,yellow,1,0
33,25-26-prem-afc-bournemouth-vs-leeds-united,100,E. J. Kroupi,25,,yellow,1,0
33,25-26-prem-afc-bournemouth-vs-leeds-united,713,A.Jimenez,41,,yellow,1,0
33,25-26-prem-afc-bournemouth-vs-leeds-united,97,Evanilson,90,,yellow,1,0
33,25-26-prem-aston-villa-vs-sunderland,552,Sadiki,66,,yellow,1,0
33,25-26-prem-aston-villa-vs-sunderland,59,Onana,90,8,yellow,1,0
33,25-26-prem-aston-villa-vs-sunderland,531,Ballard,90,8,yellow,1,0
33,25-26-prem-aston-villa-vs-sunderland,694,Mukiele,90,5,yellow,1,0
33,25-26-prem-brentford-vs-fulham,332,Lukić,6,,yellow,1,0
33,25-26-prem-brighton-hove-albion-vs-chelsea,230,Fofana,45,1,yellow,1,0
33,25-26-prem-brighton-hove-albion-vs-chelsea,160,Minteh,58,,yellow,1,0
33,25-26-prem-chelsea-vs-manchester-united,450,Cunha,25,,yellow,1,0
33,25-26-prem-chelsea-vs-manchester-united,672,Hato,39,,yellow,1,0
33,25-26-prem-chelsea-vs-manchester-united,458,Mainoo,90,4,yellow,1,0
33,25-26-prem-chelsea-vs-manchester-united,455,Mount,90,1,yellow,1,0
33,25-26-prem-crystal-palace-vs-west-ham-united,580,Johnson,21,,yellow,1,0
33,25-26-prem-crystal-palace-vs-west-ham-united,256,Muñoz,90,2,yellow,1,0
33,25-26-prem-crystal-palace-vs-west-ham-united,603,Diouf,90,2,yellow,1,0
33,25-26-prem-everton-vs-liverpool,287,Pickford,22,,yellow,1,0
33,25-26-prem-everton-vs-liverpool,303,Garner,90,12,yellow,1,0
33,25-26-prem-leeds-united-vs-wolverhampton-wanderers,350,Aaronson,73,,yellow,1,0
33,25-26-prem-leeds-united-vs-wolverhampton-wanderers,706,Justin,90,12,yellow,1,0
33,25-26-prem-leeds-united-vs-wolverhampton-wanderers,633,H.Bueno,90,3,yellow,1,0
33,25-26-prem-manchester-city-vs-arsenal,662,Mosquera,36,,yellow,1,0
33,25-26-prem-manchester-city-vs-arsenal,260,Guéhi,60,,yellow,1,0
33,25-26-prem-manchester-city-vs-arsenal,5,Gabriel,83,,yellow,1,0
33,25-26-prem-manchester-city-vs-arsenal,430,Haaland,83,,yellow,1,0
33,25-26-prem-newcastle-united-vs-afc-bournemouth,87,Christie,52,,yellow,1,0
33,25-26-prem-newcastle-united-vs-afc-bournemouth,84,Tavernier,55,,yellow,1,0
33,25-26-prem-newcastle-united-vs-afc-bournemouth,475,Botman,77,,yellow,1,0
33,25-26-prem-newcastle-united-vs-afc-bournemouth,489,J.Murphy,80,,yellow,1,0
33,25-26-prem-newcastle-united-vs-afc-bournemouth,90,Scott,82,,yellow,1,0
33,25-26-prem-newcastle-united-vs-afc-bournemouth,67,Petrović,90,4,yellow,1,0
33,25-26-prem-nottingham-forest-vs-burnley,722,Florentino,75,,yellow,1,0
33,25-26-prem-nottingham-forest-vs-burnley,187,Walker,80,,yellow,1,0
33,25-26-prem-tottenham-hotspur-vs-brighton-hove-albion,587,Bissouma,34,,yellow,1,0
33,25-26-prem-tottenham-hotspur-vs-brighton-hove-albion,173,Wieffer,37,,yellow,1,0
33,25-26-prem-tottenham-hotspur-vs-brighton-hove-albion,570,Danso,65,,yellow,1,0
33,25-26-prem-tottenham-hotspur-vs-brighton-hove-albion,717,Xavi,78,,yellow,1,0
34,25-26-prem-arsenal-vs-newcastle-united,476,Burn,57,,yellow,1,0
34,25-26-prem-arsenal-vs-newcastle-united,19,Martinelli,71,,yellow,1,0
34,25-26-prem-arsenal-vs-newcastle-united,469,Pope,74,,yellow,1,0
34,25-26-prem-arsenal-vs-newcastle-united,21,Rice,86,,yellow,1,0
34,25-26-prem-fulham-vs-aston-villa,319,Castagne,46,,yellow,1,0
34,25-26-prem-fulham-vs-aston-villa,41,Pau,49,,yellow,1,0
34,25-26-prem-fulham-vs-aston-villa,699,Douglas Luiz,90,,yellow,1,0
34,25-26-prem-fulham-vs-aston-villa,329,Wilson,90,,yellow,1,0
34,25-26-prem-liverpool-vs-crystal-palace,256,Muñoz,19,,yellow,1,0
34,25-26-prem-liverpool-vs-crystal-palace,253,Henderson,32,,yellow,1,0
34,25-26-prem-liverpool-vs-crystal-palace,259,Sosa,90,,yellow,1,0
34,25-26-prem-liverpool-vs-crystal-palace,387,Szoboszlai,90,,yellow,1,0
34,25-26-prem-manchester-united-vs-brentford,443,Shaw,6,,yellow,1,0
34,25-26-prem-manchester-united-vs-brentford,113,Van den Berg,40,,yellow,1,0
34,25-26-prem-manchester-united-vs-brentford,83,O.Dango,71,,yellow,1,0
34,25-26-prem-manchester-united-vs-brentford,136,Thiago,76,,yellow,1,0
34,25-26-prem-manchester-united-vs-brentford,106,Collins,90,,yellow,1,0
34,25-26-prem-manchester-united-vs-brentford,466,Zirkzee,90,,yellow,1,0
34,25-26-prem-sunderland-vs-nottingham-forest,519,Dominguez,51,,yellow,1,0
34,25-26-prem-sunderland-vs-nottingham-forest,544,Diarra,51,,yellow,1,0
34,25-26-prem-sunderland-vs-nottingham-forest,517,Anderson,58,,yellow,1,0
34,25-26-prem-sunderland-vs-nottingham-forest,526,Igor Jesus,60,,yellow,1,0
34,25-26-prem-sunderland-vs-nottingham-forest,508,N.Williams,69,,yellow,1,0
34,25-26-prem-sunderland-vs-nottingham-forest,668,Xhaka,75,,yellow,1,0
34,25-26-prem-sunderland-vs-nottingham-forest,522,Yates,76,,yellow,1,0
34,25-26-prem-west-ham-united-vs-everton,293,O'Brien,38,,yellow,1,0
34,25-26-prem-west-ham-united-vs-everton,291,Tarkowski,47,,yellow,1,0
34,25-26-prem-west-ham-united-vs-everton,303,Garner,63,,yellow,1,0
34,25-26-prem-west-ham-united-vs-everton,791,Taty,70,,yellow,1,0
34,25-26-prem-west-ham-united-vs-everton,301,Alcaraz,90,,yellow,1,0
34,25-26-prem-west-ham-united-vs-everton,671,Wilson,90,,yellow,1,0
34,25-26-prem-west-ham-united-vs-everton,815,Disasi,90,,yellow,1,0
34,25-26-prem-wolverhampton-wanderers-vs-tottenham-hotspur,643,André,45,3,yellow,1,0
34,25-26-prem-wolverhampton-wanderers-vs-tottenham-hotspur,633,H.Bueno,55,,yellow,1,0
34,25-26-prem-wolverhampton-wanderers-vs-tottenham-hotspur,568,Pedro Porro,55,,yellow,1,0
34,25-26-prem-wolverhampton-wanderers-vs-tottenham-hotspur,585,Bentancur,65,,yellow,1,0
34,25-26-prem-wolverhampton-wanderers-vs-tottenham-hotspur,796,Gallagher,74,,yellow,1,0
34,25-26-prem-wolverhampton-wanderers-vs-tottenham-hotspur,570,Danso,90,7,yellow,1,0
34,25-26-prem-wolverhampton-wanderers-vs-tottenham-hotspur,646,J.Gomes,90,6,yellow,1,0
35,25-26-prem-afc-bournemouth-vs-crystal-palace,723,Canvot,6,,yellow,1,0
35,25-26-prem-afc-bournemouth-vs-crystal-palace,257,Lacroix,38,,yellow,1,0
35,25-26-prem-arsenal-vs-fulham,332,Lukić,23,,yellow,1,0
35,25-26-prem-aston-villa-vs-tottenham-hotspur,726,Kolo Muani,27,,yellow,1,0
35,25-26-prem-aston-villa-vs-tottenham-hotspur,585,Bentancur,45,,yellow,1,0
35,25-26-prem-aston-villa-vs-tottenham-hotspur,55,Barkley,51,,yellow,1,0
35,25-26-prem-aston-villa-vs-tottenham-hotspur,584,Tel,73,,yellow,1,0
35,25-26-prem-aston-villa-vs-tottenham-hotspur,47,Rogers,77,,yellow,1,0
35,25-26-prem-aston-villa-vs-tottenham-hotspur,570,Danso,81,,yellow,1,0
35,25-26-prem-brentford-vs-west-ham-united,791,Taty,59,,yellow,1,0
35,25-26-prem-brentford-vs-west-ham-united,615,Summerville,62,,yellow,1,0
35,25-26-prem-brentford-vs-west-ham-united,110,Kayode,73,,yellow,1,0
35,25-26-prem-brentford-vs-west-ham-united,608,Scarles,90,6,yellow,1,0
35,25-26-prem-chelsea-vs-nottingham-forest,511,Morato,10,,yellow,1,0
35,25-26-prem-chelsea-vs-nottingham-forest,228,Gusto,14,,yellow,1,0
35,25-26-prem-chelsea-vs-nottingham-forest,250,Delap,78,,yellow,1,0
35,25-26-prem-chelsea-vs-nottingham-forest,241,Caicedo,78,,yellow,1,0
35,25-26-prem-everton-vs-manchester-city,295,Keane,45,,yellow,1,0
35,25-26-prem-everton-vs-manchester-city,311,Beto,48,,yellow,1,0
35,25-26-prem-everton-vs-manchester-city,291,Tarkowski,53,,yellow,1,0
35,25-26-prem-everton-vs-manchester-city,736,Donnarumma,74,,yellow,1,0
35,25-26-prem-everton-vs-manchester-city,293,O'Brien,86,,yellow,1,0
35,25-26-prem-leeds-united-vs-burnley,343,Struijk,27,,yellow,1,0
35,25-26-prem-leeds-united-vs-burnley,193,Humphreys,35,,yellow,1,0
35,25-26-prem-leeds-united-vs-burnley,210,Tchaouna,37,,yellow,1,0
35,25-26-prem-leeds-united-vs-burnley,348,Rodon,40,,yellow,1,0
35,25-26-prem-leeds-united-vs-burnley,691,Calvert-Lewin,48,,yellow,1,0
35,25-26-prem-leeds-united-vs-burnley,354,Ampadu,75,,yellow,1,0
35,25-26-prem-leeds-united-vs-burnley,207,Hannibal,88,,yellow,1,0
35,25-26-prem-manchester-united-vs-liverpool,443,Shaw,49,,yellow,1,0
35,25-26-prem-manchester-united-vs-liverpool,388,C.Jones,75,,yellow,1,0
35,25-26-prem-manchester-united-vs-liverpool,449,B.Fernandes,81,,yellow,1,0
35,25-26-prem-manchester-united-vs-liverpool,384,Gakpo,85,,yellow,1,0
35,25-26-prem-newcastle-united-vs-brighton-hove-albion,152,Veltman,22,,yellow,1,0
35,25-26-prem-newcastle-united-vs-brighton-hove-albion,157,K. Mitoma,39,,yellow,1,0
35,25-26-prem-newcastle-united-vs-brighton-hove-albion,476,Burn,53,,yellow,1,0
35,25-26-prem-newcastle-united-vs-brighton-hove-albion,491,Tonali,85,,yellow,1,0
35,25-26-prem-newcastle-united-vs-brighton-hove-albion,135,Wissa,87,,yellow,1,0
35,25-26-prem-newcastle-united-vs-brighton-hove-albion,151,Van Hecke,90,2,yellow,1,0
35,25-26-prem-wolverhampton-wanderers-vs-sunderland,531,Ballard,24,,red,0,1
35,25-26-prem-wolverhampton-wanderers-vs-sunderland,730,Brobbey,45,2,yellow,1,0
35,25-26-prem-wolverhampton-wanderers-vs-sunderland,668,Xhaka,56,,yellow,1,0
35,25-26-prem-wolverhampton-wanderers-vs-sunderland,535,Cirkin,81,,yellow,1,0
35,25-26-prem-wolverhampton-wanderers-vs-sunderland,670,Roefs,90,2,yellow,1,0
36,25-26-prem-brighton-hove-albion-vs-wolverhampton-wanderers,157,K. Mitoma,24,,yellow,1,0
36,25-26-prem-brighton-hove-albion-vs-wolverhampton-wanderers,642,Hee Chan,49,,yellow,1,0
36,25-26-prem-brighton-hove-albion-vs-wolverhampton-wanderers,643,André,68,,yellow,1,0
36,25-26-prem-burnley-vs-aston-villa,40,Mings,49,,yellow,1,0
36,25-26-prem-burnley-vs-aston-villa,215,Flemming,60,,yellow,1,0
36,25-26-prem-crystal-palace-vs-everton,303,Garner,30,,yellow,1,0
36,25-26-prem-crystal-palace-vs-everton,292,Mykolenko,45,,yellow,1,0
36,25-26-prem-fulham-vs-afc-bournemouth,87,Christie,41,,red,0,1
36,25-26-prem-fulham-vs-afc-bournemouth,317,Andersen,45,7,red,0,1
36,25-26-prem-fulham-vs-afc-bournemouth,338,Muniz,50,,yellow,1,0
36,25-26-prem-fulham-vs-afc-bournemouth,332,Lukić,59,,yellow,1,0
36,25-26-prem-fulham-vs-afc-bournemouth,90,Scott,65,,yellow,1,0
36,25-26-prem-fulham-vs-afc-bournemouth,316,Robinson,77,,yellow,1,0
36,25-26-prem-fulham-vs-afc-bournemouth,335,King,82,,yellow,1,0
36,25-26-prem-fulham-vs-afc-bournemouth,84,Tavernier,,,yellow,1,0
36,25-26-prem-liverpool-vs-chelsea,672,Hato,67,,yellow,1,0
36,25-26-prem-liverpool-vs-chelsea,237,Enzo,73,,yellow,1,0
36,25-26-prem-liverpool-vs-chelsea,224,Cucurella,83,,yellow,1,0
36,25-26-prem-liverpool-vs-chelsea,376,Gomez,88,,yellow,1,0
36,25-26-prem-liverpool-vs-chelsea,241,Caicedo,89,,yellow,1,0
36,25-26-prem-liverpool-vs-chelsea,386,Mac Allister,90,4,yellow,1,0
36,25-26-prem-manchester-city-vs-brentford,416,Bernardo,36,,yellow,1,0
36,25-26-prem-manchester-city-vs-brentford,411,O'Reilly,74,,yellow,1,0
36,25-26-prem-manchester-city-vs-brentford,108,Ajer,80,,yellow,1,0
36,25-26-prem-manchester-city-vs-brentford,407,Matheus N.,88,,yellow,1,0
36,25-26-prem-manchester-city-vs-brentford,124,Henderson,88,,yellow,1,0
36,25-26-prem-manchester-city-vs-brentford,413,Marmoush,90,5,yellow,1,0
36,25-26-prem-manchester-city-vs-crystal-palace,258,Mitchell,52,,yellow,1,0
36,25-26-prem-manchester-city-vs-crystal-palace,271,Kamada,81,,yellow,1,0
36,25-26-prem-nottingham-forest-vs-newcastle-united,526,Igor Jesus,49,,yellow,1,0
36,25-26-prem-nottingham-forest-vs-newcastle-united,522,Yates,54,,yellow,1,0
36,25-26-prem-sunderland-vs-manchester-united,455,Mount,54,,yellow,1,0
36,25-26-prem-sunderland-vs-manchester-united,466,Zirkzee,58,,yellow,1,0
36,25-26-prem-sunderland-vs-manchester-united,450,Cunha,90,3,yellow,1,0
36,25-26-prem-tottenham-hotspur-vs-leeds-united,570,Danso,41,,yellow,1,0
36,25-26-prem-tottenham-hotspur-vs-leeds-united,673,J.Palhinha,66,,yellow,1,0
36,25-26-prem-tottenham-hotspur-vs-leeds-united,348,Rodon,79,,yellow,1,0
36,25-26-prem-tottenham-hotspur-vs-leeds-united,568,Pedro Porro,82,,yellow,1,0
36,25-26-prem-west-ham-united-vs-arsenal,791,Taty,34,,yellow,1,0
36,25-26-prem-west-ham-united-vs-arsenal,615,Summerville,38,,yellow,1,0
36,25-26-prem-west-ham-united-vs-arsenal,609,Todibo,68,,yellow,1,0
36,25-26-prem-west-ham-united-vs-arsenal,16,Saka,77,,yellow,1,0
36,25-26-prem-west-ham-united-vs-arsenal,662,Mosquera,79,,yellow,1,0
36,25-26-prem-west-ham-united-vs-arsenal,6,Saliba,89,,yellow,1,0
36,25-26-prem-west-ham-united-vs-arsenal,20,Trossard,90,1,yellow,1,0
37,25-26-prem-afc-bournemouth-vs-manchester-city,85,Adams,37,,yellow,1,0
37,25-26-prem-afc-bournemouth-vs-manchester-city,77,Hill,59,,yellow,1,0
37,25-26-prem-afc-bournemouth-vs-manchester-city,736,Donnarumma,90,7,yellow,1,0
37,25-26-prem-afc-bournemouth-vs-manchester-city,74,Truffert,90,6,yellow,1,0
37,25-26-prem-afc-bournemouth-vs-manchester-city,421,Rodri,90,3,yellow,1,0
37,25-26-prem-afc-bournemouth-vs-manchester-city,81,Kluivert,90,3,yellow,1,0
37,25-26-prem-arsenal-vs-burnley,207,Hannibal,28,,yellow,1,0
37,25-26-prem-arsenal-vs-burnley,30,Havertz,67,,yellow,1,0
37,25-26-prem-arsenal-vs-burnley,195,Lucas Pires,90,4,yellow,1,0
37,25-26-prem-arsenal-vs-burnley,215,Flemming,90,1,yellow,1,0
37,25-26-prem-aston-villa-vs-liverpool,36,Cash,39,,yellow,1,0
37,25-26-prem-aston-villa-vs-liverpool,64,Watkins,45,3,yellow,1,0
37,25-26-prem-aston-villa-vs-liverpool,376,Gomez,62,,yellow,1,0
37,25-26-prem-aston-villa-vs-liverpool,54,McGinn,66,,yellow,1,0
37,25-26-prem-brentford-vs-crystal-palace,261,Richards,83,,yellow,1,0
37,25-26-prem-brentford-vs-crystal-palace,272,Lerma,89,,yellow,1,0
37,25-26-prem-brentford-vs-crystal-palace,253,Henderson,90,5,yellow,1,0
37,25-26-prem-brentford-vs-crystal-palace,110,Kayode,90,5,yellow,1,0
37,25-26-prem-chelsea-vs-tottenham-hotspur,568,Pedro Porro,28,,yellow,1,0
37,25-26-prem-chelsea-vs-tottenham-hotspur,575,Van de Ven,43,,yellow,1,0
37,25-26-prem-chelsea-vs-tottenham-hotspur,574,Udogie,63,,yellow,1,0
37,25-26-prem-chelsea-vs-tottenham-hotspur,672,Hato,79,,yellow,1,0
37,25-26-prem-chelsea-vs-tottenham-hotspur,224,Cucurella,85,,yellow,1,0
37,25-26-prem-chelsea-vs-tottenham-hotspur,250,Delap,87,,yellow,1,0
37,25-26-prem-chelsea-vs-tottenham-hotspur,247,D.Essugo,90,2,yellow,1,0
37,25-26-prem-everton-vs-sunderland,304,Iroegbunam,25,,yellow,1,0
37,25-26-prem-everton-vs-sunderland,293,O'Brien,47,,yellow,1,0
37,25-26-prem-everton-vs-sunderland,303,Garner,90,6,yellow,1,0
37,25-26-prem-leeds-united-vs-brighton-hove-albion,691,Calvert-Lewin,90,7,yellow,1,0
37,25-26-prem-manchester-united-vs-nottingham-forest,457,Casemiro,78,,yellow,1,0
37,25-26-prem-manchester-united-vs-nottingham-forest,517,Anderson,90,4,yellow,1,0
37,25-26-prem-manchester-united-vs-nottingham-forest,443,Shaw,90,3,yellow,1,0
37,25-26-prem-newcastle-united-vs-west-ham-united,613,Souček,59,,yellow,1,0
37,25-26-prem-newcastle-united-vs-west-ham-united,603,Diouf,67,,yellow,1,0
37,25-26-prem-newcastle-united-vs-west-ham-united,758,Mohamadou Kanté,80,,yellow,1,0
37,25-26-prem-newcastle-united-vs-west-ham-united,473,Hall,83,,yellow,1,0
37,25-26-prem-wolverhampton-wanderers-vs-fulham,643,André,90,4,yellow,1,0
38,25-26-prem-brighton-hove-albion-vs-manchester-united,458,Mainoo,45,3,yellow,1,0
38,25-26-prem-burnley-vs-wolverhampton-wanderers,642,Hee Chan,41,,yellow,1,0
38,25-26-prem-burnley-vs-wolverhampton-wanderers,207,Hannibal,45,9,yellow,1,0
38,25-26-prem-burnley-vs-wolverhampton-wanderers,634,Mosquera,90,4,yellow,1,0
38,25-26-prem-burnley-vs-wolverhampton-wanderers,218,Barnes,90,4,yellow,1,0
38,25-26-prem-crystal-palace-vs-arsenal,31,G.Jesus,74,,yellow,1,0
38,25-26-prem-fulham-vs-newcastle-united,488,Bruno G.,64,,yellow,1,0
38,25-26-prem-fulham-vs-newcastle-united,135,Wissa,70,,yellow,1,0
38,25-26-prem-fulham-vs-newcastle-united,316,Robinson,89,,yellow,1,0
38,25-26-prem-fulham-vs-newcastle-united,321,J.Cuenca,90,8,yellow,1,0
38,25-26-prem-liverpool-vs-brentford,374,Konaté,79,,yellow,1,0
38,25-26-prem-liverpool-vs-brentford,106,Collins,90,5,yellow,1,0
38,25-26-prem-liverpool-vs-brentford,125,Janelt,90,4,yellow,1,0
38,25-26-prem-liverpool-vs-brentford,386,Mac Allister,90,2,yellow,1,0
38,25-26-prem-liverpool-vs-brentford,124,Henderson,,,yellow,1,0
38,25-26-prem-manchester-city-vs-aston-villa,410,Lewis,82,,yellow,1,0
38,25-26-prem-nottingham-forest-vs-afc-bournemouth,77,Hill,33,,yellow,1,0
38,25-26-prem-nottingham-forest-vs-afc-bournemouth,527,Awoniyi,67,,yellow,1,0
38,25-26-prem-sunderland-vs-chelsea,813,Angulo,42,,yellow,1,0
38,25-26-prem-sunderland-vs-chelsea,724,Geertruida,52,,yellow,1,0
38,25-26-prem-sunderland-vs-chelsea,230,Fofana,54,,yellow,1,0
38,25-26-prem-sunderland-vs-chelsea,230,Fofana,62,,yellowRed,1,1
38,25-26-prem-sunderland-vs-chelsea,237,Enzo,69,,yellow,1,0
38,25-26-prem-sunderland-vs-chelsea,668,Xhaka,73,,yellow,1,0
38,25-26-prem-sunderland-vs-chelsea,544,Diarra,81,,yellow,1,0
38,25-26-prem-sunderland-vs-chelsea,552,Sadiki,89,,yellow,1,0
38,25-26-prem-sunderland-vs-chelsea,235,Palmer,90,11,yellow,1,0
38,25-26-prem-sunderland-vs-chelsea,249,João Pedro,90,7,yellow,1,0
38,25-26-prem-tottenham-hotspur-vs-everton,293,O'Brien,13,,yellow,1,0
38,25-26-prem-tottenham-hotspur-vs-everton,593,P.M.Sarr,80,,yellow,1,0
38,25-26-prem-tottenham-hotspur-vs-everton,673,J.Palhinha,87,,yellow,1,0
38,25-26-prem-tottenham-hotspur-vs-everton,291,Tarkowski,89,,yellow,1,0
38,25-26-prem-tottenham-hotspur-vs-everton,567,Kinsky,90,7,yellow,1,0
38,25-26-prem-west-ham-united-vs-leeds-united,344,Bijol,10,,yellow,1,0
38,25-26-prem-west-ham-united-vs-leeds-united,350,Aaronson,25,,yellow,1,0
38,25-26-prem-west-ham-united-vs-leeds-united,354,Ampadu,87,,yellow,1,0
